v 15.513425 34.643097 -0.000001
v 15.513425 38.557133 -0.000001
v 14.989044 34.574059 -0.000001
v 14.989044 38.626167 -0.000001
v 14.464663 34.643097 -0.000001
v 14.464663 38.557133 -0.000001
v 13.976019 34.845501 -0.000001
v 13.976019 38.354729 -0.000001
v 13.556409 35.167477 -0.000001
v 13.556409 38.032745 -0.000001
v 13.234432 35.587090 -0.000001
v 13.234432 37.613140 -0.000001
v 13.032027 36.075733 -0.000001
v 13.032027 37.124496 -0.000001
v 12.962992 36.600113 -0.000001
v 16.002069 38.354729 -0.000001
v 16.002069 34.845501 -0.000001
v 16.421679 38.032745 -0.000001
v 16.421679 35.167477 -0.000001
v 16.743656 37.613140 -0.000001
v 16.743656 35.587090 -0.000001
v 16.946060 37.124496 -0.000001
v 16.946060 36.075733 -0.000001
v 17.015097 36.600113 -0.000001
v 15.502487 -38.516510 -0.000001
v 15.502487 -34.683250 -0.000001
v 14.988929 -38.584122 -0.000001
v 14.988929 -34.615639 -0.000001
v 14.475370 -38.516510 -0.000001
v 14.475370 -34.683250 -0.000001
v 13.996810 -38.318283 -0.000001
v 13.996810 -34.881477 -0.000001
v 13.585859 -38.002945 -0.000001
v 13.585859 -35.196808 -0.000001
v 13.270528 -37.591999 -0.000001
v 13.270528 -35.607761 -0.000001
v 13.072301 -37.113441 -0.000001
v 13.072301 -36.086319 -0.000001
v 13.004689 -36.599880 -0.000001
v 15.981048 -34.881477 -0.000001
v 15.981048 -38.318283 -0.000001
v 16.391998 -35.196808 -0.000001
v 16.391998 -38.002945 -0.000001
v 16.707331 -35.607761 -0.000001
v 16.707331 -37.591999 -0.000001
v 16.905558 -36.086319 -0.000001
v 16.905558 -37.113441 -0.000001
v 16.973167 -36.599880 -0.000001
v -12.077297 34.652241 0.000001
v -12.077297 38.547981 0.000001
v -12.599226 34.583527 0.000001
v -12.599226 38.616695 0.000001
v -13.121158 34.652241 0.000001
v -13.121158 38.547981 0.000001
v -13.607517 34.853699 0.000001
v -13.607517 38.346523 0.000001
v -14.025166 35.174171 0.000001
v -14.025166 38.026047 0.000001
v -14.345637 35.591824 0.000001
v -14.345637 37.608398 0.000001
v -14.547094 36.078182 0.000001
v -14.547094 37.122044 0.000001
v -14.615807 36.600113 0.000001
v -11.590938 38.346523 0.000001
v -11.590938 34.853699 0.000001
v -11.173289 38.026047 0.000001
v -11.173289 35.174171 0.000001
v -10.852818 37.608398 0.000001
v -10.852818 35.591824 0.000001
v -10.651360 37.122044 0.000001
v -10.651360 36.078182 0.000001
v -10.582646 36.600113 0.000001
v -12.077395 -38.547371 0.000001
v -12.077395 -34.652382 0.000001
v -12.599226 -38.616074 0.000001
v -12.599226 -34.583683 0.000001
v -13.121054 -38.547371 0.000001
v -13.121054 -34.652382 0.000001
v -13.607320 -38.345951 0.000001
v -13.607320 -34.853806 0.000001
v -14.024888 -38.025536 0.000001
v -14.024888 -35.174213 0.000001
v -14.345300 -37.607971 0.000001
v -14.345300 -35.591785 0.000001
v -14.546718 -37.121708 0.000001
v -14.546718 -36.078049 0.000001
v -14.615417 -36.599876 0.000001
v -11.591129 -34.853806 0.000001
v -11.591129 -38.345951 0.000001
v -11.173562 -35.174213 0.000001
v -11.173562 -38.025536 0.000001
v -10.853152 -35.591785 0.000001
v -10.853152 -37.607971 0.000001
v -10.651732 -36.078049 0.000001
v -10.651732 -37.121708 0.000001
v -10.583034 -36.599876 0.000001
v 18.392828 3.445001 6.699999
v 17.392828 3.445001 6.699999
v 18.392828 -12.994999 6.699999
v 17.392828 -12.994999 6.699999
v 16.392828 -14.094999 6.699999
v 17.392828 -14.094999 6.699999
v 17.392828 4.545001 6.699999
v 16.392828 4.545001 6.699999
v 18.392828 26.955000 6.699999
v 16.392826 32.700001 6.699999
v 17.392828 26.955000 6.699999
v 16.392826 25.855000 6.699999
v 17.392828 25.855000 6.699999
v 18.392826 34.236423 6.699999
v 16.743658 35.587090 6.699999
v 16.421680 35.167477 6.699999
v 18.426868 34.669876 6.699999
v 16.946062 36.075733 6.699999
v 18.488230 34.869923 6.699999
v 18.560324 35.037636 6.699999
v 17.015097 36.600113 6.699999
v 18.779448 35.690632 6.699999
v 18.880278 36.371994 6.699999
v 18.859669 37.060467 6.699999
v 18.718266 37.734581 6.699999
v 16.946062 37.124496 6.699999
v 18.460478 38.373302 6.699999
v 18.094345 38.956711 6.699999
v 17.631289 39.466614 6.699999
v 16.743658 37.613140 6.699999
v 17.085752 39.887100 6.699999
v 16.421680 38.032745 6.699999
v 16.474751 40.205059 6.699999
v 16.002069 38.354729 6.699999
v 15.817343 40.410572 6.699999
v 15.513426 38.557133 6.699999
v 15.134034 40.497227 6.699999
v 14.989045 38.626167 6.699999
v 14.446137 40.462322 6.699999
v 14.464664 38.557133 6.699999
v 13.775109 40.306946 6.699999
v 13.976020 38.354729 6.699999
v 13.556410 38.032745 6.699999
v 13.141880 40.035946 6.699999
v 12.566201 39.657772 6.699999
v 13.234433 37.613140 6.699999
v 12.066030 39.184227 6.699999
v 13.032028 37.124496 6.699999
v 11.656964 38.630074 6.699999
v 11.351766 38.012600 6.699999
v 12.962993 36.600113 6.699999
v 11.159953 37.351063 6.699999
v 11.087510 36.666103 6.699999
v 11.060010 36.055798 6.699999
v 13.032028 36.075733 6.699999
v 11.192827 34.700001 6.699999
v 13.234433 35.587090 6.699999
v 11.192827 33.700001 6.699999
v 13.556410 35.167477 6.699999
v 13.976020 34.845501 6.699999
v 14.464664 34.643097 6.699999
v 14.989045 34.574059 6.699999
v 15.513426 34.643097 6.699999
v 16.002069 34.845501 6.699999
v 11.024037 35.892612 6.699999
v 10.957335 35.706833 6.699999
v 10.839569 35.492611 6.699999
v 10.659123 35.268406 6.699999
v 10.437950 35.072697 6.699999
v 10.193716 34.917442 6.699999
v 9.961948 34.814842 6.699999
v 9.756754 34.754944 6.699999
v 9.409950 34.706825 6.699999
v 9.087797 34.700001 6.699999
v 10.092827 33.700001 6.699999
v 10.092827 32.700001 6.699999
v 18.392828 16.045000 6.699999
v 17.392828 16.045000 6.699999
v 18.392828 14.355000 6.699999
v 17.392828 14.355000 6.699999
v 16.392828 13.255001 6.699999
v 17.392828 13.255001 6.699999
v 17.392828 17.145000 6.699999
v 16.392828 17.145000 6.699999
v 6.292830 -34.700001 6.700000
v 9.087800 -34.700001 6.699999
v 6.292830 -33.700001 6.700000
v 9.464848 -34.710835 6.699999
v 5.192830 -32.700001 6.700000
v 16.392830 -32.700001 6.699999
v 9.876204 -34.786674 6.699999
v 10.258834 -34.953548 6.699999
v 10.533461 -35.149498 6.699999
v 13.996810 -34.881477 6.699999
v 14.475370 -34.683250 6.699999
v 10.661045 -35.270229 6.699999
v 13.585859 -35.196808 6.699999
v 10.800681 -35.436653 6.699999
v 10.930552 -35.649750 6.699999
v 13.270529 -35.607761 6.699999
v 11.019688 -35.877396 6.699999
v 13.072301 -36.086319 6.699999
v 11.083205 -36.289066 6.699999
v 13.004689 -36.599880 6.699999
v 11.087513 -36.666103 6.699999
v 11.159956 -37.351063 6.699999
v 13.072301 -37.113441 6.699999
v 11.351768 -38.012600 6.699999
v 13.270529 -37.591999 6.699999
v 11.656967 -38.630074 6.699999
v 12.066032 -39.184227 6.699999
v 13.585859 -38.002945 6.699999
v 12.566205 -39.657772 6.699999
v 13.996810 -38.318283 6.699999
v 13.141884 -40.035946 6.699999
v 13.775113 -40.306946 6.699999
v 14.475370 -38.516510 6.699999
v 14.446141 -40.462322 6.699999
v 14.988929 -38.584122 6.699999
v 15.134038 -40.497227 6.699999
v 15.502488 -38.516510 6.699999
v 15.817347 -40.410572 6.699999
v 16.474754 -40.205059 6.699999
v 15.981048 -38.318283 6.699999
v 17.085756 -39.887100 6.699999
v 16.391998 -38.002945 6.699999
v 17.631292 -39.466614 6.699999
v 18.094349 -38.956711 6.699999
v 16.707331 -37.591999 6.699999
v 18.460482 -38.373302 6.699999
v 16.905558 -37.113441 6.699999
v 18.718269 -37.734581 6.699999
v 18.859673 -37.060467 6.699999
v 16.973167 -36.599880 6.699999
v 18.880281 -36.371994 6.699999
v 16.905558 -36.086319 6.699999
v 18.779451 -35.690632 6.699999
v 18.560328 -35.037636 6.699999
v 16.707331 -35.607761 6.699999
v 18.488234 -34.869923 6.699999
v 18.426872 -34.669876 6.699999
v 16.391998 -35.196808 6.699999
v 18.392830 -34.236423 6.699999
v 18.392830 -27.205000 6.699999
v 17.392830 -27.205000 6.699999
v 17.392830 -26.105000 6.699999
v 16.392830 -26.105000 6.699999
v 5.192830 -33.700001 6.700000
v 14.988929 -34.615639 6.699999
v 15.502488 -34.683250 6.699999
v 15.981048 -34.881477 6.699999
v -12.077395 -38.547371 6.700000
v -12.599226 -38.616074 6.700000
v -12.748378 -40.497227 6.700000
v -13.121054 -38.547371 6.700000
v -13.431686 -40.410572 6.700000
v -13.607320 -38.345951 6.700000
v -14.024888 -38.025536 6.700000
v -14.345299 -37.607971 6.700000
v -14.089094 -40.205059 6.700000
v -14.546718 -37.121708 6.700000
v -14.615417 -36.599876 6.700000
v -14.546718 -36.078049 6.700000
v -14.007170 -32.700001 6.700000
v -14.700096 -39.887100 6.700000
v -14.345299 -35.591785 6.700000
v -14.024888 -35.174213 6.700000
v -13.607320 -34.853806 6.700000
v -13.121054 -34.652382 6.700000
v -12.599226 -34.583683 6.700000
v -12.077395 -34.652382 6.700000
v -11.591129 -34.853806 6.700000
v -7.707170 -33.700001 6.700000
v -6.607171 -32.700001 6.700000
v -6.607171 -33.700001 6.700000
v -11.173560 -35.174213 6.700000
v -10.853152 -35.591785 6.700000
v -8.518570 -35.599388 6.700000
v -8.627645 -35.856266 6.700000
v -10.651732 -36.078049 6.700000
v -9.680372 -39.184227 6.700000
v -10.180545 -39.657772 6.700000
v -10.583032 -36.599876 6.700000
v -10.756224 -40.035946 6.700000
v -10.651732 -37.121708 6.700000
v -11.389453 -40.306946 6.700000
v -10.853152 -37.607971 6.700000
v -11.173560 -38.025536 6.700000
v -12.060481 -40.462322 6.700000
v -11.591129 -38.345951 6.700000
v -12.077296 34.652241 6.700000
v -12.599225 34.583527 6.700000
v -14.007173 32.700001 6.700000
v -13.121156 34.652241 6.700000
v -13.607516 34.853699 6.700000
v -14.025165 35.174171 6.700000
v -14.345635 35.591824 6.700000
v -14.547093 36.078182 6.700000
v -14.615806 36.600113 6.700000
v -14.700100 39.887100 6.700000
v -15.245637 39.466614 6.700001
v -14.089098 40.205059 6.700000
v -14.547093 37.122044 6.700000
v -14.345635 37.608398 6.700000
v -13.431690 40.410572 6.700000
v -14.025165 38.026047 6.700000
v -13.607516 38.346523 6.700000
v -13.121156 38.547981 6.700000
v -12.748382 40.497227 6.700000
v -12.599225 38.616695 6.700000
v -12.077296 38.547981 6.700000
v -12.060485 40.462322 6.700000
v -11.590937 38.346523 6.700000
v -11.173287 38.026047 6.700000
v -11.389457 40.306946 6.700000
v -10.852817 37.608398 6.700000
v -10.651358 37.122044 6.700000
v -10.756227 40.035946 6.700000
v -10.582645 36.600113 6.700000
v -10.180549 39.657772 6.700000
v -10.651358 36.078182 6.700000
v -8.807173 33.700001 6.700000
v -10.852817 35.591824 6.700000
v -11.173287 35.174171 6.700000
v -11.590937 34.853699 6.700000
v -7.707173 32.700001 6.700000
v -16.007172 -34.236423 6.700001
v -15.245633 -39.466614 6.700001
v -7.707173 33.700001 6.700000
v -8.807173 34.700001 6.700000
v -9.271310 38.630074 6.700000
v -9.680375 39.184227 6.700000
v -6.702144 34.700001 6.700000
v -7.079191 34.710835 6.700000
v -7.490547 34.786674 6.700000
v -7.873177 34.953548 6.700000
v -8.147803 35.149498 6.700000
v -8.275388 35.270229 6.700000
v -8.415024 35.436653 6.700000
v -8.544895 35.649750 6.700000
v -8.634030 35.877396 6.700000
v -8.697548 36.289066 6.700000
v -8.701856 36.666103 6.700000
v -8.774299 37.351063 6.700000
v -8.966111 38.012600 6.700000
v -16.007175 34.236423 6.700001
v -15.708694 38.956711 6.700001
v -16.041218 34.669876 6.700001
v -16.074827 38.373302 6.700001
v -16.102579 34.869923 6.700001
v -16.174673 35.037636 6.700001
v -16.332615 37.734581 6.700001
v -16.393797 35.690632 6.700001
v -16.474018 37.060467 6.700001
v -16.494627 36.371994 6.700001
v -15.708690 -38.956711 6.700001
v -16.041214 -34.669876 6.700001
v -16.074823 -38.373302 6.700001
v -16.102575 -34.869923 6.700001
v -16.174669 -35.037636 6.700001
v -16.332611 -37.734581 6.700001
v -16.393793 -35.690632 6.700001
v -16.474014 -37.060467 6.700001
v -16.494623 -36.371994 6.700001
v -8.696869 -36.275688 6.700000
v -9.271307 -38.630074 6.700000
v -8.966108 -38.012600 6.700000
v -8.774296 -37.351063 6.700000
v -8.701853 -36.666103 6.700000
v -8.310065 -35.307796 6.700000
v -8.023676 -35.051632 6.700000
v -7.707170 -34.868027 6.700000
v 16.392828 -14.094999 5.774314
v 17.392828 -14.094999 5.774314
v 17.392828 4.545001 6.423334
v 16.392828 4.545001 6.423334
v 11.192827 34.700001 3.940000
v 11.192827 33.700001 3.940000
v 9.087797 34.700001 3.940000
v 9.409949 34.706825 -2.000000
v 9.087797 34.700001 -2.000000
v 9.756753 34.754944 -2.000000
v 9.961947 34.814842 -2.000000
v 10.193715 34.917442 -2.000000
v 10.437949 35.072697 -2.000000
v 10.659122 35.268406 -2.000000
v 10.839568 35.492611 -2.000000
v 10.957335 35.706833 -2.000000
v 11.024036 35.892612 -2.000000
v 11.060009 36.055798 -2.000000
v 11.087509 36.666103 -2.000000
v 11.159952 37.351063 -2.000000
v 11.351765 38.012600 -2.000000
v 11.656963 38.630074 -2.000000
v 12.066029 39.184227 -2.000000
v 12.566201 39.657772 -2.000000
v 13.141880 40.035946 -2.000000
v 13.775109 40.306946 -2.000000
v 14.446137 40.462322 -2.000000
v 15.134034 40.497227 -2.000001
v 15.817343 40.410572 -2.000001
v 16.474751 40.205059 -2.000001
v 17.085752 39.887100 -2.000001
v 17.631289 39.466614 -2.000001
v 18.094345 38.956711 -2.000001
v 18.460478 38.373302 -2.000001
v 18.718266 37.734581 -2.000001
v 18.859669 37.060467 -2.000001
v 18.880278 36.371994 -2.000001
v 18.779448 35.690632 -2.000001
v 18.560324 35.037636 -2.000001
v 18.433743 34.699615 0.899999
v 18.488230 34.869923 -2.000001
v 18.426868 34.669876 -2.000001
v 18.393375 34.339531 0.899999
v 18.392826 34.236423 -2.000001
v 18.393375 34.339531 3.799999
v 18.433743 34.699615 3.799999
v 16.392828 13.255001 6.423334
v 17.392828 13.255001 6.423334
v 17.392828 3.445001 5.967700
v 17.392828 6.108335 4.860000
v 17.392828 5.652700 3.759999
v 17.392828 12.147301 3.759999
v 17.392828 11.691667 4.860000
v 17.392828 14.355000 5.967700
v 17.392828 17.145000 6.423334
v 16.392828 17.145000 6.423334
v 16.392828 6.108335 4.860000
v 16.392828 -14.829313 5.039999
v 16.392828 -32.700001 -0.000001
v 16.392828 -25.370686 5.039999
v 16.392828 -26.105000 5.774314
v 16.392826 32.700001 -0.000001
v 16.392828 11.691667 4.860000
v 16.392826 18.708334 4.860000
v 16.392826 24.291666 4.860000
v 16.392826 25.855000 6.423334
v 17.392830 -26.105000 5.774314
v 18.392830 -27.205000 5.318679
v 17.392830 -27.205000 5.318679
v 18.392830 -34.236423 -2.000001
v 18.426872 -34.669876 -2.000001
v 18.488234 -34.869923 -2.000001
v 18.560328 -35.037636 -2.000001
v 18.779451 -35.690632 -2.000001
v 18.880281 -36.371994 -2.000001
v 18.859673 -37.060467 -2.000001
v 18.718269 -37.734581 -2.000001
v 18.460482 -38.373302 -2.000001
v 18.094349 -38.956711 -2.000001
v 17.631292 -39.466614 -2.000001
v 17.085756 -39.887100 -2.000001
v 16.474754 -40.205059 -2.000001
v 15.817347 -40.410572 -2.000001
v 15.134038 -40.497227 -2.000001
v 14.446141 -40.462322 -2.000000
v 13.775113 -40.306946 -2.000000
v 13.141884 -40.035946 -2.000000
v 12.566205 -39.657772 -2.000000
v 12.066032 -39.184227 -2.000000
v 11.656967 -38.630074 -2.000000
v 11.351768 -38.012600 -2.000000
v 11.159956 -37.351063 -2.000000
v 11.087513 -36.666103 -2.000000
v -16.007175 34.236423 -1.999999
v -16.041218 34.669876 -1.999999
v -16.102579 34.869923 -1.999999
v -16.174673 35.037636 -1.999999
v -16.393797 35.690632 -1.999999
v -16.494627 36.371994 -1.999999
v -16.474018 37.060467 -1.999999
v -16.332615 37.734581 -1.999999
v -16.074827 38.373302 -1.999999
v -15.708694 38.956711 -1.999999
v -15.245637 39.466614 -1.999999
v -14.700100 39.887100 -1.999999
v -14.089098 40.205059 -1.999999
v -13.431690 40.410572 -1.999999
v -12.748382 40.497227 -1.999999
v -12.060485 40.462322 -1.999999
v -11.389457 40.306946 -1.999999
v -10.756227 40.035946 -2.000000
v -10.180549 39.657772 -2.000000
v -9.680376 39.184227 -2.000000
v -9.271311 38.630074 -2.000000
v -8.966112 38.012600 -2.000000
v -8.774300 37.351063 -2.000000
v -8.701857 36.666103 -2.000000
v -8.697549 36.289066 -2.000000
v -8.634031 35.877396 -2.000000
v -8.544896 35.649750 -2.000000
v -8.415025 35.436653 -2.000000
v -8.275389 35.270229 -2.000000
v -8.147804 35.149498 -2.000000
v -7.873178 34.953548 -2.000000
v -7.490548 34.786674 -2.000000
v -7.079192 34.710835 -2.000000
v -6.702144 34.700001 3.940000
v -6.702144 34.700001 -2.000000
v -8.807173 34.700001 3.940001
v -8.807173 33.700001 3.940001
v -7.707173 32.700001 5.040000
v -7.707173 33.700001 5.040000
v 10.092827 33.700001 5.039999
v 10.092827 32.700001 5.039999
v 18.392830 -25.826321 3.939999
v 17.392830 -25.826321 3.939999
v 18.392828 -14.373679 3.939999
v 17.392828 -14.373679 3.939999
v 18.392828 -12.994999 5.318679
v 17.392828 -12.994999 5.318679
v 17.392828 -14.829313 5.039999
v 17.392830 -25.370686 5.039999
v 18.392828 3.445001 5.967699
v 18.392828 5.652701 3.759999
v 18.392828 12.147301 3.759999
v 18.392828 14.355000 5.967699
v 18.392828 16.045000 5.967699
v 18.392828 18.252701 3.759999
v 17.392828 16.045000 5.967700
v 17.392828 18.252701 3.759999
v 18.392828 24.747299 3.759999
v 17.392828 24.747299 3.759999
v 18.392828 26.955000 5.967699
v 17.392828 26.955000 5.967700
v 17.392828 25.855000 6.423334
v 17.392828 24.291666 4.860000
v 17.392828 18.708334 4.860000
v -16.007172 -34.228176 1.000001
v -16.014444 -34.048565 1.000001
v -16.007172 -34.228176 -1.999999
v -16.015059 -34.043594 -1.999999
v -16.031721 -33.958733 1.000001
v -16.033987 -33.950676 -1.999999
v -16.066450 -33.866535 1.000001
v -16.071903 -33.855766 -1.999999
v -16.130159 -33.767006 1.000001
v -16.134640 -33.761429 -1.999999
v -16.226429 -33.670528 1.000001
v -16.224922 -33.671749 -1.999999
v -16.339289 -33.592216 1.000001
v -16.341545 -33.590881 -1.999999
v -16.464193 -33.529984 1.000001
v -16.470640 -33.527313 -1.999999
v -16.600428 -33.483650 1.000001
v -16.602966 -33.482998 -1.999999
v -16.740076 -33.458366 1.000001
v -16.738146 -33.458565 -1.999999
v -16.867329 -33.457939 1.000001
v -16.874437 -33.458714 -1.999999
v -16.978395 -33.480286 1.000001
v -16.989866 -33.484043 -1.999999
v -17.072317 -33.520584 1.000001
v -17.079618 -33.524681 -1.999999
v -17.151405 -33.572903 1.000001
v -17.155354 -33.575985 -1.999999
v -17.287500 -33.697845 1.000001
v -17.287500 -33.697845 -1.999999
v -19.448414 -35.858757 1.000001
v -19.448414 -35.858757 -1.999999
v -17.287504 33.697845 1.000001
v -17.155357 33.575985 1.000001
v -17.287504 33.697845 -1.999999
v -17.151409 33.572903 -1.999999
v -17.079622 33.524681 1.000001
v -17.072321 33.520584 -1.999999
v -16.989870 33.484043 1.000001
v -16.978399 33.480286 -1.999999
v -16.874441 33.458714 1.000001
v -16.867332 33.457939 -1.999999
v -16.738150 33.458565 1.000001
v -16.740080 33.458366 -1.999999
v -16.602970 33.482998 1.000001
v -16.600431 33.483650 -1.999999
v -16.470644 33.527313 1.000001
v -16.464197 33.529984 -1.999999
v -16.341549 33.590881 1.000001
v -16.339293 33.592216 -1.999999
v -16.224926 33.671749 1.000001
v -16.226433 33.670528 -1.999999
v -16.134644 33.761429 1.000001
v -16.130163 33.767006 -1.999999
v -16.071907 33.855766 1.000001
v -16.066454 33.866535 -1.999999
v -16.033991 33.950676 1.000001
v -16.031725 33.958733 -1.999999
v -16.015062 34.043594 1.000001
v -16.014448 34.048565 -1.999999
v -16.007175 34.228176 1.000001
v -16.007175 34.228176 -1.999999
v -16.007174 -17.739845 1.000001
v -16.007172 -34.236423 -1.999999
v -16.007174 17.739845 1.000001
v -16.007174 -17.739845 -1.999999
v -16.007174 17.739845 -1.999999
v 18.392826 34.228176 0.999999
v 18.400099 34.048565 0.999999
v 18.392826 34.228176 -2.000001
v 18.400713 34.043594 -2.000001
v 18.417376 33.958733 0.999999
v 18.419641 33.950676 -2.000001
v 18.452105 33.866535 0.999999
v 18.457558 33.855766 -2.000001
v 18.515814 33.767006 0.999999
v 18.520294 33.761429 -2.000001
v 18.612083 33.670528 0.999999
v 18.610577 33.671749 -2.000001
v 18.724943 33.592216 0.999999
v 18.727200 33.590881 -2.000001
v 18.849848 33.529984 0.999999
v 18.856295 33.527313 -2.000001
v 18.986082 33.483650 0.999999
v 18.988621 33.482998 -2.000001
v 19.125731 33.458366 0.999999
v 19.123800 33.458565 -2.000001
v 19.252983 33.457939 0.999999
v 19.260092 33.458714 -2.000001
v 19.364050 33.480286 0.999999
v 19.375521 33.484043 -2.000001
v 19.457972 33.520584 0.999999
v 19.465273 33.524681 -2.000001
v 19.537060 33.572903 0.999999
v 19.541008 33.575985 -2.000001
v 19.673155 33.697845 0.999999
v 19.673155 33.697845 -2.000001
v 21.834068 35.858757 0.999999
v 21.834068 35.858757 -2.000001
v 19.673159 -33.697845 0.999999
v 19.541012 -33.575985 0.999999
v 19.673159 -33.697845 -2.000001
v 19.537064 -33.572903 -2.000001
v 19.465277 -33.524681 0.999999
v 19.457975 -33.520584 -2.000001
v 19.375525 -33.484043 0.999999
v 19.364054 -33.480286 -2.000001
v 19.260096 -33.458714 0.999999
v 19.252987 -33.457939 -2.000001
v 19.123804 -33.458565 0.999999
v 19.125734 -33.458366 -2.000001
v 18.988625 -33.482998 0.999999
v 18.986086 -33.483650 -2.000001
v 18.856298 -33.527313 0.999999
v 18.849852 -33.529984 -2.000001
v 18.727203 -33.590881 0.999999
v 18.724947 -33.592216 -2.000001
v 18.610580 -33.671749 0.999999
v 18.612087 -33.670528 -2.000001
v 18.520298 -33.761429 0.999999
v 18.515818 -33.767006 -2.000001
v 18.457561 -33.855766 0.999999
v 18.452108 -33.866535 -2.000001
v 18.419645 -33.950676 0.999999
v 18.417379 -33.958733 -2.000001
v 18.400717 -34.043594 0.999999
v 18.400103 -34.048565 -2.000001
v 18.392830 -34.228176 0.999999
v 18.392830 -34.228176 -2.000001
v 18.392828 -17.739845 0.999999
v 18.392828 -17.739845 -2.000001
v 18.392828 17.739845 -2.000001
v 18.392828 17.739845 0.999999
v -16.885853 -19.861166 1.000001
v -16.513849 -19.457460 1.000001
v -16.885853 -19.861166 -1.999999
v -16.513849 -19.457460 -1.999999
v -16.337845 -19.206161 1.000001
v -16.337845 -19.206161 -1.999999
v -16.186508 -18.908203 1.000001
v -16.186508 -18.908203 -1.999999
v -16.082830 -18.590502 1.000001
v -16.082830 -18.590502 -1.999999
v -16.029591 -18.288353 1.000001
v -16.029591 -18.288353 -1.999999
v -16.029591 18.288353 1.000001
v -16.029591 18.288353 -1.999999
v -16.082830 18.590502 1.000001
v -16.082830 18.590502 -1.999999
v -16.186508 18.908203 1.000001
v -16.186508 18.908203 -1.999999
v -16.337845 19.206161 1.000001
v -16.337845 19.206161 -1.999999
v -16.513849 19.457460 1.000001
v -16.513849 19.457460 -1.999999
v -16.885853 19.861166 1.000001
v -16.885855 19.861166 -1.999999
v -26.165932 29.141241 1.000001
v -26.165932 29.141241 -1.999999
v 19.271507 19.861166 0.999999
v 18.899504 19.457460 0.999999
v 19.271505 19.861166 -2.000001
v 18.899504 19.457460 -2.000001
v 18.723499 19.206161 0.999999
v 18.723499 19.206161 -2.000001
v 18.572163 18.908203 0.999999
v 18.572163 18.908203 -2.000001
v 18.468485 18.590502 0.999999
v 18.468485 18.590502 -2.000001
v 18.415245 18.288353 0.999999
v 18.415245 18.288353 -2.000001
v 18.415245 -18.288353 0.999999
v 18.415245 -18.288353 -2.000001
v 18.468485 -18.590502 0.999999
v 18.468485 -18.590502 -2.000001
v 18.572163 -18.908203 0.999999
v 18.572163 -18.908203 -2.000001
v 18.723499 -19.206161 0.999999
v 18.723499 -19.206161 -2.000001
v 18.899504 -19.457460 0.999999
v 18.899504 -19.457460 -2.000001
v 19.271507 -19.861166 0.999999
v 19.271507 -19.861166 -2.000001
v 28.551586 -29.141241 0.999999
v 28.551586 -29.141241 -2.000001
v -16.174669 -35.037636 -1.999999
v -16.102575 -34.869923 -1.999999
v -16.041214 -34.669876 -1.999999
v 11.083205 -36.289066 -2.000000
v 11.019688 -35.877396 -2.000000
v 10.930552 -35.649750 -2.000000
v 10.800681 -35.436653 -2.000000
v 10.661045 -35.270229 -2.000000
v 10.533461 -35.149498 -2.000000
v 10.258834 -34.953548 -2.000000
v 9.876204 -34.786674 -2.000000
v 9.464847 -34.710835 -2.000000
v 9.087800 -34.700001 -2.000000
v 6.292830 -34.700001 4.125000
v -6.702141 -34.700001 -2.000000
v -6.702141 -34.700001 4.125000
v -7.707170 -34.868027 4.125000
v -7.808059 -34.917442 -2.000000
v -7.576292 -34.814842 -2.000000
v -8.273466 -35.268406 -2.000000
v -8.052293 -35.072697 -2.000000
v -8.453912 -35.492611 -2.000000
v -8.571678 -35.706833 -2.000000
v -8.638380 -35.892612 -2.000000
v -8.674353 -36.055798 -2.000000
v -8.701853 -36.666103 -2.000000
v -7.446931 -34.774082 4.125000
v -7.371097 -34.754944 -2.000000
v -7.184859 -34.721951 4.125000
v -7.024294 -34.706825 -2.000000
v -8.774296 -37.351063 -2.000000
v -8.966108 -38.012600 -2.000000
v -9.271307 -38.630074 -2.000000
v -9.680372 -39.184227 -2.000000
v -10.180545 -39.657772 -2.000000
v -10.756224 -40.035946 -2.000000
v -11.389453 -40.306946 -1.999999
v -12.060481 -40.462322 -1.999999
v -12.748378 -40.497227 -1.999999
v -13.431686 -40.410572 -1.999999
v -14.089094 -40.205059 -1.999999
v -14.700096 -39.887100 -1.999999
v -15.245633 -39.466614 -1.999999
v -15.708690 -38.956711 -1.999999
v -16.074823 -38.373302 -1.999999
v -16.332611 -37.734581 -1.999999
v -16.474014 -37.060467 -1.999999
v -16.494623 -36.371994 -1.999999
v -16.393793 -35.690632 -1.999999
v 6.292829 -33.700001 4.125000
v -7.707170 -33.700001 4.125000
v 5.192830 -33.700001 5.225000
v -6.607171 -33.700001 5.225000
v 5.192829 -32.700001 5.225000
v -9.951297 27.671852 0.000000
v -9.951297 30.328148 0.000000
v -10.307173 27.625000 0.000001
v -10.307173 30.375000 0.000001
v -10.663049 27.671852 0.000001
v -10.663049 30.328148 0.000001
v -10.994673 27.809216 0.000001
v -10.994673 30.190784 0.000001
v -11.279445 28.027729 0.000001
v -11.279445 29.972271 0.000001
v -11.497957 28.312500 0.000001
v -11.497957 29.687500 0.000001
v -11.635321 28.644123 0.000001
v -11.635321 29.355877 0.000001
v -11.682173 29.000000 0.000001
v -9.619673 30.190784 0.000000
v -9.619673 27.809216 0.000000
v -9.334901 29.972271 0.000000
v -9.334901 28.027729 0.000000
v -9.116388 29.687500 0.000000
v -9.116388 28.312500 0.000000
v -8.979025 29.355877 0.000000
v -8.979025 28.644123 0.000000
v -8.932173 29.000000 0.000000
v -9.951295 -30.328148 0.000000
v -9.951295 -27.671852 0.000000
v -10.307171 -30.375000 0.000001
v -10.307171 -27.625000 0.000001
v -10.663047 -30.328148 0.000001
v -10.663047 -27.671852 0.000001
v -10.994671 -30.190784 0.000001
v -10.994671 -27.809216 0.000001
v -11.279443 -29.972271 0.000001
v -11.279443 -28.027729 0.000001
v -11.497955 -29.687500 0.000001
v -11.497955 -28.312500 0.000001
v -11.635319 -29.355877 0.000001
v -11.635319 -28.644123 0.000001
v -11.682171 -29.000000 0.000001
v -9.619671 -27.809216 0.000000
v -9.619671 -30.190784 0.000000
v -9.334899 -28.027729 0.000000
v -9.334899 -29.972271 0.000000
v -9.116386 -28.312500 0.000000
v -9.116386 -29.687500 0.000000
v -8.979023 -28.644123 0.000000
v -8.979023 -29.355877 0.000000
v -8.932171 -29.000000 0.000000
v -10.663049 27.671852 4.000000
v -10.911068 26.061411 4.000000
v -10.307173 27.625000 4.000000
v -10.307173 26.000000 4.000000
v -9.703278 26.061411 4.000000
v -11.490240 26.243126 4.000000
v -10.994673 27.809216 4.000000
v -12.020977 26.537710 4.000000
v -11.279445 28.027729 4.000000
v -12.481551 26.933100 4.000000
v -12.853106 27.413109 4.000000
v -11.497957 28.312500 4.000000
v -13.120429 27.958084 4.000000
v -11.635321 28.644123 4.000000
v -13.272577 28.545717 4.000000
v -11.682173 29.000000 4.000000
v -13.303322 29.151947 4.000000
v -11.635321 29.355877 4.000000
v -13.211404 29.751957 4.000000
v -13.000587 30.321182 4.000000
v -11.497957 29.687500 4.000000
v -12.679500 30.836317 4.000000
v -11.279445 29.972271 4.000000
v -12.261291 31.276274 4.000000
v -10.994673 30.190784 4.000000
v -11.763079 31.623039 4.000000
v -11.205262 31.862417 4.000000
v -10.663049 30.328148 4.000000
v -10.610678 31.984608 4.000000
v -10.307173 30.375000 4.000000
v -10.003668 31.984608 4.000000
v -9.951297 30.328148 4.000000
v -9.409083 31.862417 4.000000
v -9.619673 30.190784 4.000000
v -8.851267 31.623039 4.000000
v -8.353055 31.276274 4.000000
v -9.334901 29.972271 4.000000
v -7.934846 30.836317 4.000000
v -9.116388 29.687500 4.000000
v -7.613760 30.321182 4.000000
v -8.979025 29.355877 4.000000
v -7.402942 29.751957 4.000000
v -7.311024 29.151947 4.000000
v -8.932173 29.000000 4.000000
v -7.341769 28.545717 4.000000
v -8.979025 28.644123 4.000000
v -7.493917 27.958084 4.000000
v -9.116388 28.312500 4.000000
v -7.761240 27.413109 4.000000
v -9.334901 28.027729 4.000000
v -8.132794 26.933100 4.000000
v -8.593369 26.537710 4.000000
v -9.619673 27.809216 4.000000
v -9.124105 26.243126 4.000000
v -9.951297 27.671852 4.000000
v -10.911068 26.061411 0.000001
v -10.307173 26.000000 0.000001
v -9.703278 26.061411 0.000000
v -9.124105 26.243126 0.000000
v -8.593369 26.537710 0.000000
v -8.132794 26.933100 0.000000
v -7.761240 27.413109 0.000000
v -7.493917 27.958084 0.000000
v -7.341769 28.545717 0.000000
v -7.311024 29.151947 0.000000
v -7.402942 29.751957 0.000000
v -7.613760 30.321182 0.000000
v -7.934846 30.836317 0.000000
v -8.353055 31.276274 0.000000
v -8.851267 31.623039 0.000000
v -9.409083 31.862417 0.000000
v -10.003668 31.984608 0.000000
v -10.610678 31.984608 0.000001
v -11.205262 31.862417 0.000001
v -11.763079 31.623039 0.000001
v -12.261291 31.276274 0.000001
v -12.679500 30.836317 0.000001
v -13.000587 30.321182 0.000001
v -13.211404 29.751957 0.000001
v -13.303322 29.151947 0.000001
v -13.272577 28.545717 0.000001
v -13.120429 27.958084 0.000001
v -12.853106 27.413109 0.000001
v -12.481551 26.933100 0.000001
v -12.020977 26.537710 0.000001
v -11.490240 26.243126 0.000001
v 13.048703 27.671852 -0.000001
v 13.048703 30.328148 -0.000001
v 12.692827 27.625000 -0.000001
v 12.692827 30.375000 -0.000001
v 12.336951 27.671852 -0.000000
v 12.336951 30.328148 -0.000000
v 12.005327 27.809216 -0.000000
v 12.005327 30.190784 -0.000000
v 11.720555 28.027729 -0.000000
v 11.720555 29.972271 -0.000000
v 11.502043 28.312500 -0.000000
v 11.502043 29.687500 -0.000000
v 11.364679 28.644123 -0.000000
v 11.364679 29.355877 -0.000000
v 11.317827 29.000000 -0.000000
v 13.380327 30.190784 -0.000001
v 13.380327 27.809216 -0.000001
v 13.665099 29.972271 -0.000001
v 13.665099 28.027729 -0.000001
v 13.883612 29.687500 -0.000001
v 13.883612 28.312500 -0.000001
v 14.020975 29.355877 -0.000001
v 14.020975 28.644123 -0.000001
v 14.067827 29.000000 -0.000001
v -10.663046 -30.328148 4.000000
v -10.911065 -31.938589 4.000000
v -10.307170 -30.375000 4.000000
v -10.307170 -32.000000 4.000000
v -9.703275 -31.938589 4.000000
v -11.490237 -31.756874 4.000000
v -10.994670 -30.190784 4.000000
v -12.020974 -31.462290 4.000000
v -11.279442 -29.972271 4.000000
v -12.481548 -31.066900 4.000000
v -12.853103 -30.586891 4.000000
v -11.497954 -29.687500 4.000000
v -13.120426 -30.041916 4.000000
v -11.635318 -29.355877 4.000000
v -13.272574 -29.454283 4.000000
v -11.682170 -29.000000 4.000000
v -13.303319 -28.848053 4.000000
v -11.635319 -28.644123 4.000000
v -13.211402 -28.248043 4.000000
v -13.000585 -27.678818 4.000000
v -11.497955 -28.312500 4.000000
v -12.679498 -27.163683 4.000000
v -11.279443 -28.027729 4.000000
v -12.261289 -26.723726 4.000000
v -10.994671 -27.809216 4.000000
v -11.763077 -26.376961 4.000000
v -11.205260 -26.137583 4.000000
v -10.663047 -27.671852 4.000000
v -10.610676 -26.015392 4.000000
v -10.307171 -27.625000 4.000000
v -10.003666 -26.015392 4.000000
v -9.951295 -27.671852 4.000000
v -9.409081 -26.137583 4.000000
v -9.619671 -27.809216 4.000000
v -8.851265 -26.376961 4.000000
v -8.353053 -26.723726 4.000000
v -9.334899 -28.027729 4.000000
v -7.934844 -27.163683 4.000000
v -9.116386 -28.312500 4.000000
v -7.613758 -27.678818 4.000000
v -8.979023 -28.644123 4.000000
v -7.402940 -28.248043 4.000000
v -7.311021 -28.848053 4.000000
v -8.932170 -29.000000 4.000000
v -7.341766 -29.454283 4.000000
v -8.979022 -29.355877 4.000000
v -7.493914 -30.041916 4.000000
v -9.116385 -29.687500 4.000000
v -7.761238 -30.586891 4.000000
v -9.334898 -29.972271 4.000000
v -8.132792 -31.066900 4.000000
v -8.593366 -31.462290 4.000000
v -9.619670 -30.190784 4.000000
v -9.124103 -31.756874 4.000000
v -9.951294 -30.328148 4.000000
v -10.911066 -31.938589 0.000001
v -10.307171 -32.000000 0.000001
v -9.703276 -31.938589 0.000000
v -9.124104 -31.756874 0.000000
v -8.593367 -31.462290 0.000000
v -8.132792 -31.066900 0.000000
v -7.761239 -30.586891 0.000000
v -7.493915 -30.041916 0.000000
v -7.341767 -29.454283 0.000000
v -7.311022 -28.848053 0.000000
v -7.402940 -28.248043 0.000000
v -7.613758 -27.678818 0.000000
v -7.934844 -27.163683 0.000000
v -8.353053 -26.723726 0.000000
v -8.851265 -26.376961 0.000000
v -9.409081 -26.137583 0.000000
v -10.003666 -26.015392 0.000000
v -10.610676 -26.015392 0.000001
v -11.205260 -26.137583 0.000001
v -11.763077 -26.376961 0.000001
v -12.261289 -26.723726 0.000001
v -12.679498 -27.163683 0.000001
v -13.000585 -27.678818 0.000001
v -13.211402 -28.248043 0.000001
v -13.303320 -28.848053 0.000001
v -13.272575 -29.454283 0.000001
v -13.120427 -30.041916 0.000001
v -12.853104 -30.586891 0.000001
v -12.481549 -31.066900 0.000001
v -12.020975 -31.462290 0.000001
v -11.490238 -31.756874 0.000001
v 13.048705 -30.328148 -0.000001
v 13.048705 -27.671852 -0.000001
v 12.692829 -30.375000 -0.000001
v 12.692829 -27.625000 -0.000001
v 12.336953 -30.328148 -0.000000
v 12.336953 -27.671852 -0.000000
v 12.005329 -30.190784 -0.000000
v 12.005329 -27.809216 -0.000000
v 11.720557 -29.972271 -0.000000
v 11.720557 -28.027729 -0.000000
v 11.502045 -29.687500 -0.000000
v 11.502045 -28.312500 -0.000000
v 11.364681 -29.355877 -0.000000
v 11.364681 -28.644123 -0.000000
v 11.317829 -29.000000 -0.000000
v 13.380329 -27.809216 -0.000001
v 13.380329 -30.190784 -0.000001
v 13.665101 -28.027729 -0.000001
v 13.665101 -29.972271 -0.000001
v 13.883614 -28.312500 -0.000001
v 13.883614 -29.687500 -0.000001
v 14.020977 -28.644123 -0.000001
v 14.020977 -29.355877 -0.000001
v 14.067829 -29.000000 -0.000001
v 12.336951 27.671852 4.000000
v 12.088932 26.061411 4.000000
v 12.692827 27.625000 4.000000
v 12.692827 26.000000 4.000000
v 13.296722 26.061411 4.000000
v 11.509760 26.243126 4.000000
v 12.005327 27.809216 4.000000
v 10.979023 26.537710 4.000000
v 11.720555 28.027729 4.000000
v 10.518449 26.933100 4.000000
v 10.146894 27.413109 4.000000
v 11.502043 28.312500 4.000000
v 9.879571 27.958084 4.000000
v 11.364679 28.644123 4.000000
v 9.727423 28.545717 4.000000
v 11.317827 29.000000 4.000000
v 9.696678 29.151947 4.000000
v 11.364679 29.355877 4.000000
v 9.788596 29.751957 4.000000
v 9.999413 30.321182 4.000000
v 11.502043 29.687500 4.000000
v 10.320500 30.836317 4.000000
v 11.720555 29.972271 4.000000
v 10.738709 31.276274 4.000000
v 12.005327 30.190784 4.000000
v 11.236921 31.623039 4.000000
v 11.794738 31.862417 4.000000
v 12.336951 30.328148 4.000000
v 12.389322 31.984608 4.000000
v 12.692827 30.375000 4.000000
v 12.996332 31.984608 4.000000
v 13.048703 30.328148 4.000000
v 13.590917 31.862417 4.000000
v 13.380327 30.190784 4.000000
v 14.148733 31.623039 4.000000
v 14.646945 31.276274 4.000000
v 13.665099 29.972271 4.000000
v 15.065154 30.836317 3.999999
v 13.883612 29.687500 4.000000
v 15.386241 30.321182 3.999999
v 14.020975 29.355877 4.000000
v 15.597058 29.751957 3.999999
v 15.688976 29.151947 3.999999
v 14.067827 29.000000 4.000000
v 15.658232 28.545717 3.999999
v 14.020975 28.644123 4.000000
v 15.506083 27.958084 3.999999
v 13.883612 28.312500 4.000000
v 15.238760 27.413109 3.999999
v 13.665099 28.027729 4.000000
v 14.867206 26.933100 3.999999
v 14.406631 26.537710 4.000000
v 13.380327 27.809216 4.000000
v 13.875895 26.243126 4.000000
v 13.048703 27.671852 4.000000
v 12.088932 26.061411 -0.000000
v 12.692827 26.000000 -0.000001
v 13.296722 26.061411 -0.000001
v 13.875895 26.243126 -0.000001
v 14.406631 26.537710 -0.000001
v 14.867206 26.933100 -0.000001
v 15.238760 27.413109 -0.000001
v 15.506083 27.958084 -0.000001
v 15.658232 28.545717 -0.000001
v 15.688976 29.151947 -0.000001
v 15.597058 29.751957 -0.000001
v 15.386241 30.321182 -0.000001
v 15.065154 30.836317 -0.000001
v 14.646945 31.276274 -0.000001
v 14.148733 31.623039 -0.000001
v 13.590917 31.862417 -0.000001
v 12.996332 31.984608 -0.000001
v 12.389322 31.984608 -0.000000
v 11.794738 31.862417 -0.000000
v 11.236921 31.623039 -0.000000
v 10.738709 31.276274 -0.000000
v 10.320500 30.836317 -0.000000
v 9.999413 30.321182 -0.000000
v 9.788596 29.751957 -0.000000
v 9.696678 29.151947 -0.000000
v 9.727423 28.545717 -0.000000
v 9.879571 27.958084 -0.000000
v 10.146894 27.413109 -0.000000
v 10.518449 26.933100 -0.000000
v 10.979023 26.537710 -0.000000
v 11.509760 26.243126 -0.000000
v 12.336954 -30.328148 4.000000
v 12.088935 -31.938589 4.000000
v 12.692830 -30.375000 4.000000
v 12.692830 -32.000000 4.000000
v 13.296725 -31.938589 4.000000
v 11.509763 -31.756874 4.000000
v 12.005330 -30.190784 4.000000
v 10.979026 -31.462290 4.000000
v 11.720558 -29.972271 4.000000
v 10.518452 -31.066900 4.000000
v 10.146897 -30.586891 4.000000
v 11.502046 -29.687500 4.000000
v 9.879574 -30.041916 4.000000
v 11.364682 -29.355877 4.000000
v 9.727426 -29.454283 4.000000
v 11.317830 -29.000000 4.000000
v 9.696681 -28.848053 4.000000
v 11.364681 -28.644123 4.000000
v 9.788598 -28.248043 4.000000
v 9.999415 -27.678818 4.000000
v 11.502045 -28.312500 4.000000
v 10.320502 -27.163683 4.000000
v 11.720557 -28.027729 4.000000
v 10.738711 -26.723726 4.000000
v 12.005329 -27.809216 4.000000
v 11.236923 -26.376961 4.000000
v 11.794740 -26.137583 4.000000
v 12.336953 -27.671852 4.000000
v 12.389324 -26.015392 4.000000
v 12.692829 -27.625000 4.000000
v 12.996334 -26.015392 4.000000
v 13.048705 -27.671852 4.000000
v 13.590919 -26.137583 4.000000
v 13.380329 -27.809216 4.000000
v 14.148735 -26.376961 4.000000
v 14.646947 -26.723726 4.000000
v 13.665101 -28.027729 4.000000
v 15.065156 -27.163683 3.999999
v 13.883614 -28.312500 4.000000
v 15.386243 -27.678818 3.999999
v 14.020977 -28.644123 4.000000
v 15.597060 -28.248043 3.999999
v 15.688979 -28.848053 3.999999
v 14.067830 -29.000000 4.000000
v 15.658235 -29.454283 3.999999
v 14.020978 -29.355877 4.000000
v 15.506086 -30.041916 3.999999
v 13.883615 -29.687500 4.000000
v 15.238763 -30.586891 3.999999
v 13.665102 -29.972271 4.000000
v 14.867208 -31.066900 3.999999
v 14.406634 -31.462290 4.000000
v 13.380330 -30.190784 4.000000
v 13.875897 -31.756874 4.000000
v 13.048706 -30.328148 4.000000
v 12.088934 -31.938589 -0.000000
v 12.692829 -32.000000 -0.000001
v 13.296724 -31.938589 -0.000001
v 13.875896 -31.756874 -0.000001
v 14.406633 -31.462290 -0.000001
v 14.867208 -31.066900 -0.000001
v 15.238762 -30.586891 -0.000001
v 15.506085 -30.041916 -0.000001
v 15.658234 -29.454283 -0.000001
v 15.688978 -28.848053 -0.000001
v 15.597060 -28.248043 -0.000001
v 15.386243 -27.678818 -0.000001
v 15.065156 -27.163683 -0.000001
v 14.646947 -26.723726 -0.000001
v 14.148735 -26.376961 -0.000001
v 13.590919 -26.137583 -0.000001
v 12.996334 -26.015392 -0.000001
v 12.389324 -26.015392 -0.000000
v 11.794740 -26.137583 -0.000000
v 11.236923 -26.376961 -0.000000
v 10.738711 -26.723726 -0.000000
v 10.320502 -27.163683 -0.000000
v 9.999415 -27.678818 -0.000000
v 9.788598 -28.248043 -0.000000
v 9.696680 -28.848053 -0.000000
v 9.727425 -29.454283 -0.000000
v 9.879573 -30.041916 -0.000000
v 10.146896 -30.586891 -0.000000
v 10.518451 -31.066900 -0.000000
v 10.979025 -31.462290 -0.000000
v 11.509762 -31.756874 -0.000000
v -14.007171 -32.700001 0.000001
v -14.007173 32.700001 0.000001
v -22.292643 -34.587524 1.000001
v -22.807171 -34.650002 1.000001
v -22.807171 -37.250000 1.000001
v -23.321699 -34.587524 1.000001
v -23.550234 -37.191521 1.000001
v -23.806326 -34.403732 1.000001
v -24.275002 -37.017517 1.000001
v -24.232885 -34.109299 1.000001
v -24.963625 -36.732281 1.000001
v -24.576586 -33.721340 1.000001
v -25.599152 -36.342831 1.000001
v -26.165928 -35.858757 1.000001
v -24.817455 -33.262402 1.000001
v -26.650002 -35.291981 1.000001
v -24.941496 -32.759155 1.000001
v -27.039452 -34.656456 1.000001
v -27.324690 -33.967831 1.000001
v -27.498690 -33.243065 1.000001
v -27.557171 -32.500000 1.000001
v -24.941496 -32.240845 1.000001
v -27.498690 -31.756939 1.000001
v -27.324690 -31.032171 1.000001
v -27.039452 -30.343548 1.000001
v -26.650002 -29.708021 1.000001
v -24.817455 -31.737602 1.000001
v -26.165928 -29.141245 1.000001
v -24.576586 -31.278664 1.000001
v -24.232885 -30.890703 1.000001
v -23.806326 -30.596272 1.000001
v -23.321699 -30.412477 1.000001
v -22.807171 -30.350002 1.000001
v -22.292643 -30.412477 1.000001
v -21.808016 -30.596272 1.000001
v -21.381456 -30.890703 1.000001
v -21.037756 -31.278664 1.000001
v -20.796886 -31.737602 1.000001
v -20.672846 -32.240845 1.000001
v -20.672846 -32.759155 1.000001
v -20.796886 -33.262402 1.000001
v -21.037756 -33.721340 1.000001
v -21.381456 -34.109299 1.000001
v -20.650717 -36.732281 1.000001
v -20.015190 -36.342831 1.000001
v -21.339340 -37.017517 1.000001
v -21.808016 -34.403732 1.000001
v -22.064108 -37.191521 1.000001
v 25.707357 -34.587524 0.999999
v 25.192829 -34.650002 0.999999
v 25.192829 -37.250000 0.999999
v 24.678301 -34.587524 0.999999
v 24.449766 -37.191521 0.999999
v 24.193674 -34.403732 0.999999
v 23.724998 -37.017517 0.999999
v 23.767115 -34.109299 0.999999
v 23.036375 -36.732281 0.999999
v 22.400848 -36.342831 0.999999
v 23.423414 -33.721340 0.999999
v 21.834072 -35.858757 0.999999
v 23.182545 -33.262402 0.999999
v 23.058504 -32.759155 0.999999
v 23.058504 -32.240845 0.999999
v 23.182545 -31.737598 0.999999
v 23.423414 -31.278660 0.999999
v 23.767115 -30.890699 0.999999
v 24.193674 -30.596268 0.999999
v 24.678301 -30.412474 0.999999
v 25.192829 -30.349998 0.999999
v 25.707357 -30.412474 0.999999
v 26.191984 -30.596268 0.999999
v 26.618544 -30.890699 0.999999
v 26.962244 -31.278660 0.999999
v 27.203114 -31.737598 0.999999
v 29.035660 -29.708017 0.999999
v 27.327154 -32.240845 0.999999
v 29.425110 -30.343544 0.999999
v 29.710348 -31.032167 0.999999
v 29.884348 -31.756935 0.999999
v 29.942829 -32.500000 0.999999
v 27.327154 -32.759155 0.999999
v 29.884348 -33.243065 0.999999
v 29.710348 -33.967831 0.999999
v 29.425110 -34.656456 0.999999
v 29.035660 -35.291981 0.999999
v 27.203114 -33.262402 0.999999
v 28.551586 -35.858757 0.999999
v 26.962244 -33.721340 0.999999
v 27.984810 -36.342831 0.999999
v 26.618544 -34.109299 0.999999
v 27.349283 -36.732281 0.999999
v 26.660660 -37.017517 0.999999
v 26.191984 -34.403732 0.999999
v 25.935892 -37.191521 0.999999
v -23.321703 30.412474 1.000001
v -22.807175 30.349998 1.000001
v -22.292646 30.412474 1.000001
v -21.808020 30.596268 1.000001
v -21.381460 30.890699 1.000001
v -21.037760 31.278660 1.000001
v -20.796890 31.737598 1.000001
v -23.806330 30.596268 1.000001
v -24.232889 30.890699 1.000001
v -24.576590 31.278660 1.000001
v -24.817459 31.737598 1.000001
v -26.650005 29.708017 1.000001
v -24.941500 32.240845 1.000001
v -27.039455 30.343544 1.000001
v -27.324694 31.032167 1.000001
v -27.498693 31.756935 1.000001
v -27.557175 32.500000 1.000001
v -24.941500 32.759155 1.000001
v -27.498693 33.243065 1.000001
v -27.324694 33.967831 1.000001
v -27.039455 34.656456 1.000001
v -26.650005 35.291981 1.000001
v -24.817459 33.262402 1.000001
v -26.165932 35.858757 1.000001
v -24.576590 33.721340 1.000001
v -25.599155 36.342831 1.000001
v -24.232889 34.109299 1.000001
v -24.963629 36.732281 1.000001
v -24.275005 37.017517 1.000001
v -23.806330 34.403732 1.000001
v -23.550238 37.191521 1.000001
v -23.321703 34.587524 1.000001
v -22.807175 37.250000 1.000001
v -22.807175 34.650002 1.000001
v -22.292646 34.587524 1.000001
v -22.064112 37.191521 1.000001
v -21.808020 34.403732 1.000001
v -21.339344 37.017517 1.000001
v -21.381460 34.109299 1.000001
v -20.650721 36.732281 1.000001
v -20.015194 36.342831 1.000001
v -21.037760 33.721340 1.000001
v -19.448418 35.858757 1.000001
v -20.796890 33.262402 1.000001
v -20.672850 32.759155 1.000001
v -20.672850 32.240845 1.000001
v 24.678297 30.412477 0.999999
v 25.192825 30.350002 0.999999
v 28.551582 29.141245 0.999999
v 25.707354 30.412477 0.999999
v 26.191980 30.596272 0.999999
v 26.618540 30.890703 0.999999
v 26.962240 31.278664 0.999999
v 27.203110 31.737602 0.999999
v 29.035656 29.708021 0.999999
v 27.327150 32.240845 0.999999
v 29.425106 30.343548 0.999999
v 29.710344 31.032171 0.999999
v 24.193670 30.596272 0.999999
v 23.767111 30.890703 0.999999
v 23.423410 31.278664 0.999999
v 23.182541 31.737602 0.999999
v 23.058500 32.240845 0.999999
v 23.058500 32.759155 0.999999
v 23.182541 33.262402 0.999999
v 23.423410 33.721340 0.999999
v 22.400845 36.342831 0.999999
v 23.767111 34.109299 0.999999
v 23.036371 36.732281 0.999999
v 23.724995 37.017517 0.999999
v 24.193670 34.403732 0.999999
v 24.449762 37.191521 0.999999
v 24.678297 34.587524 0.999999
v 25.192825 37.250000 0.999999
v 25.192825 34.650002 0.999999
v 25.707354 34.587524 0.999999
v 25.935888 37.191521 0.999999
v 26.191980 34.403732 0.999999
v 26.660656 37.017517 0.999999
v 26.618540 34.109299 0.999999
v 27.349279 36.732281 0.999999
v 27.984806 36.342831 0.999999
v 26.962240 33.721340 0.999999
v 28.551582 35.858757 0.999999
v 27.203110 33.262402 0.999999
v 29.035656 35.291981 0.999999
v 27.327150 32.759155 0.999999
v 29.425106 34.656456 0.999999
v 29.710344 33.967831 0.999999
v 29.884344 33.243065 0.999999
v 29.942825 32.500000 0.999999
v 29.884344 31.756939 0.999999
v -22.292646 30.412474 -1.999999
v -22.807175 30.349998 -1.999999
v -23.321703 30.412474 -1.999999
v -23.806330 30.596268 -1.999999
v -24.232889 30.890699 -1.999999
v -24.576590 31.278660 -1.999999
v -24.817459 31.737598 -1.999999
v -24.941500 32.240845 -1.999999
v -24.941500 32.759155 -1.999999
v -24.817459 33.262402 -1.999999
v -24.576590 33.721340 -1.999999
v -24.232889 34.109299 -1.999999
v -23.806330 34.403732 -1.999999
v -23.321703 34.587524 -1.999999
v -22.807175 34.650002 -1.999999
v -22.292646 34.587524 -1.999999
v -21.808020 34.403732 -1.999999
v -21.381460 34.109299 -1.999999
v -21.037760 33.721340 -1.999999
v -20.796890 33.262402 -1.999999
v -20.672850 32.759155 -1.999999
v -20.672850 32.240845 -1.999999
v -20.796890 31.737598 -1.999999
v -21.037760 31.278660 -1.999999
v -21.381460 30.890699 -1.999999
v -21.808020 30.596268 -1.999999
v -19.448418 35.858757 -1.999999
v -20.015194 36.342831 -1.999999
v -20.650721 36.732281 -1.999999
v -21.339344 37.017517 -1.999999
v -22.064112 37.191521 -1.999999
v -22.807175 37.250000 -1.999999
v -23.550238 37.191521 -1.999999
v -24.275005 37.017517 -1.999999
v -24.963629 36.732281 -1.999999
v -25.599155 36.342831 -1.999999
v -26.165932 35.858757 -1.999999
v -26.650005 35.291981 -1.999999
v -27.039455 34.656456 -1.999999
v -27.324694 33.967831 -1.999999
v -27.498693 33.243065 -1.999999
v -27.557175 32.500000 -1.999999
v -27.498693 31.756935 -1.999999
v -27.324694 31.032167 -1.999999
v -27.039455 30.343544 -1.999999
v -26.650005 29.708017 -1.999999
v 25.707354 30.412477 -2.000001
v 25.192825 30.350002 -2.000001
v 24.678297 30.412477 -2.000001
v 24.193670 30.596272 -2.000001
v 23.767111 30.890703 -2.000001
v 23.423410 31.278664 -2.000001
v 23.182541 31.737602 -2.000001
v 23.058500 32.240845 -2.000001
v 23.058500 32.759155 -2.000001
v 23.182541 33.262402 -2.000001
v 23.423410 33.721340 -2.000001
v 23.767111 34.109299 -2.000001
v 24.193670 34.403732 -2.000001
v 24.678297 34.587524 -2.000001
v 25.192825 34.650002 -2.000001
v 25.707354 34.587524 -2.000001
v 26.191980 34.403732 -2.000001
v 26.618540 34.109299 -2.000001
v 26.962240 33.721340 -2.000001
v 27.203110 33.262402 -2.000001
v 27.327150 32.759155 -2.000001
v 27.327150 32.240845 -2.000001
v 27.203110 31.737602 -2.000001
v 26.962240 31.278664 -2.000001
v 26.618540 30.890703 -2.000001
v 26.191980 30.596272 -2.000001
v 28.551582 29.141245 -2.000001
v 29.035656 29.708021 -2.000001
v 29.425106 30.343548 -2.000001
v 29.710344 31.032171 -2.000001
v 29.884344 31.756939 -2.000001
v 29.942825 32.500000 -2.000001
v 29.884344 33.243065 -2.000001
v 29.710344 33.967831 -2.000001
v 29.425106 34.656456 -2.000001
v 29.035656 35.291981 -2.000001
v 28.551582 35.858757 -2.000001
v 27.984806 36.342831 -2.000001
v 27.349279 36.732281 -2.000001
v 26.660656 37.017517 -2.000001
v 25.935888 37.191521 -2.000001
v 25.192825 37.250000 -2.000001
v 24.449762 37.191521 -2.000001
v 23.724995 37.017517 -2.000001
v 23.036371 36.732281 -2.000001
v 22.400845 36.342831 -2.000001
v -22.292643 -34.587524 -1.999999
v -22.807171 -34.650002 -1.999999
v -23.321699 -34.587524 -1.999999
v -23.806326 -34.403732 -1.999999
v -24.232885 -34.109299 -1.999999
v -24.576586 -33.721340 -1.999999
v -24.817455 -33.262402 -1.999999
v -24.941496 -32.759155 -1.999999
v -24.941496 -32.240845 -1.999999
v -24.817455 -31.737602 -1.999999
v -24.576586 -31.278664 -1.999999
v -24.232885 -30.890703 -1.999999
v -23.806326 -30.596272 -1.999999
v -23.321699 -30.412477 -1.999999
v -22.807171 -30.350002 -1.999999
v -22.292643 -30.412477 -1.999999
v -21.808016 -30.596272 -1.999999
v -21.381456 -30.890703 -1.999999
v -21.037756 -31.278664 -1.999999
v -20.796886 -31.737602 -1.999999
v -20.672846 -32.240845 -1.999999
v -20.672846 -32.759155 -1.999999
v -20.796886 -33.262402 -1.999999
v -21.037756 -33.721340 -1.999999
v -21.381456 -34.109299 -1.999999
v -21.808016 -34.403732 -1.999999
v -26.165928 -29.141245 -1.999999
v -26.650002 -29.708021 -1.999999
v -27.039452 -30.343548 -1.999999
v -27.324690 -31.032171 -1.999999
v -27.498690 -31.756939 -1.999999
v -27.557171 -32.500000 -1.999999
v -27.498690 -33.243065 -1.999999
v -27.324690 -33.967831 -1.999999
v -27.039452 -34.656456 -1.999999
v -26.650002 -35.291981 -1.999999
v -26.165928 -35.858757 -1.999999
v -25.599152 -36.342831 -1.999999
v -24.963625 -36.732281 -1.999999
v -24.275002 -37.017517 -1.999999
v -23.550234 -37.191521 -1.999999
v -22.807171 -37.250000 -1.999999
v -22.064108 -37.191521 -1.999999
v -21.339340 -37.017517 -1.999999
v -20.650717 -36.732281 -1.999999
v -20.015190 -36.342831 -1.999999
v 25.707357 -34.587524 -2.000001
v 25.192829 -34.650002 -2.000001
v 24.678301 -34.587524 -2.000001
v 24.193674 -34.403732 -2.000001
v 23.767115 -34.109299 -2.000001
v 23.423414 -33.721340 -2.000001
v 23.182545 -33.262402 -2.000001
v 23.058504 -32.759155 -2.000001
v 23.058504 -32.240845 -2.000001
v 23.182545 -31.737598 -2.000001
v 23.423414 -31.278660 -2.000001
v 23.767115 -30.890699 -2.000001
v 24.193674 -30.596268 -2.000001
v 24.678301 -30.412474 -2.000001
v 25.192829 -30.349998 -2.000001
v 25.707357 -30.412474 -2.000001
v 26.191984 -30.596268 -2.000001
v 26.618544 -30.890699 -2.000001
v 26.962244 -31.278660 -2.000001
v 27.203114 -31.737598 -2.000001
v 27.327154 -32.240845 -2.000001
v 27.327154 -32.759155 -2.000001
v 27.203114 -33.262402 -2.000001
v 26.962244 -33.721340 -2.000001
v 26.618544 -34.109299 -2.000001
v 26.191984 -34.403732 -2.000001
v 21.834072 -35.858757 -2.000001
v 22.400848 -36.342831 -2.000001
v 23.036375 -36.732281 -2.000001
v 23.724998 -37.017517 -2.000001
v 24.449766 -37.191521 -2.000001
v 25.192829 -37.250000 -2.000001
v 25.935892 -37.191521 -2.000001
v 26.660660 -37.017517 -2.000001
v 27.349283 -36.732281 -2.000001
v 27.984810 -36.342831 -2.000001
v 28.551586 -35.858757 -2.000001
v 29.035660 -35.291981 -2.000001
v 29.425110 -34.656456 -2.000001
v 29.710348 -33.967831 -2.000001
v 29.884348 -33.243065 -2.000001
v 29.942829 -32.500000 -2.000001
v 29.884348 -31.756935 -2.000001
v 29.710348 -31.032167 -2.000001
v 29.425110 -30.343544 -2.000001
v 29.035660 -29.708017 -2.000001
v -6.607171 -32.700001 5.225000
v 3.908049 17.666618 -0.029495
v 3.908049 18.407944 -0.029495
v -0.108728 18.407944 -0.029495
v -1.250975 17.666618 -0.029495
v -1.250975 18.362556 -0.029495
v -0.108728 18.423073 -0.029495
v 0.867099 20.072147 -0.029495
v 1.888314 20.132664 -0.029495
v -0.108728 21.721222 -0.029495
v 3.908049 22.477673 -0.029495
v -1.250975 22.477673 -0.029495
v -0.108728 21.736347 -0.029495
v -1.250975 21.789299 -0.029495
v 3.908049 21.736347 -0.029495
v 1.888314 20.011631 -0.029495
v 2.636924 11.568192 -0.029495
v 2.919698 11.752426 -0.029495
v 2.339385 12.257404 -0.029495
v 2.111350 12.144733 -0.029495
v 2.332613 11.422203 -0.029495
v 1.865585 12.061848 -0.029495
v 2.010572 11.316006 -0.029495
v 1.604009 12.010693 -0.029495
v 1.674611 11.251152 -0.029495
v 1.328537 11.993206 -0.029495
v 1.328537 11.229187 -0.029495
v 0.976108 11.251736 -0.029495
v 1.051477 12.010689 -0.029495
v 0.635996 11.318172 -0.029495
v 0.788863 12.061844 -0.029495
v 0.311696 11.426693 -0.029495
v 0.542533 12.144733 -0.029495
v 0.006702 11.575478 -0.029495
v 0.314327 12.257401 -0.029495
v -0.275493 11.762711 -0.029495
v 3.759240 12.840790 -0.029495
v 3.035884 12.967072 -0.029495
v 3.600704 12.519085 -0.029495
v 2.897941 12.754696 -0.029495
v -0.243164 12.754692 -0.029495
v -0.380490 12.967068 -0.029495
v -0.950354 12.537014 -0.029495
v -1.106421 12.859940 -0.029495
v 3.146512 13.199516 -0.029495
v 3.877195 13.192993 -0.029495
v 3.227905 13.450085 -0.029495
v -0.571355 13.450081 -0.029495
v -1.222222 13.212254 -0.029495
v -0.490500 13.199512 -0.029495
v 3.278147 13.716827 -0.029495
v 3.976130 13.982681 -0.029495
v 3.295320 13.997810 -0.029495
v 3.950762 13.574139 -0.029495
v -0.621216 13.716824 -0.029495
v -1.294265 13.592152 -0.029495
v 3.405396 12.229420 -0.029495
v 2.734598 12.564331 -0.029495
v 3.177124 11.973351 -0.029495
v 2.547774 12.397919 -0.029495
v 0.106083 12.397915 -0.029495
v -0.531396 11.986588 -0.029495
v -0.080360 12.564327 -0.029495
v -0.757514 12.245293 -0.029495
v -1.319056 13.997810 -0.029495
v -0.638246 13.997810 -0.029495
v -0.621217 14.280533 -0.029495
v -1.294409 14.409981 -0.029495
v 3.876670 14.796193 -0.029495
v 3.146511 14.800488 -0.029495
v 3.227904 14.548734 -0.029495
v -1.222747 14.794438 -0.029495
v -0.571355 14.548730 -0.029495
v -0.490500 14.800485 -0.029495
v 3.950617 14.404682 -0.029495
v 3.278147 14.280537 -0.029495
v 3.035884 15.033883 -0.029495
v 3.758176 15.156022 -0.029495
v 3.599023 15.482991 -0.029495
v 2.897940 15.246999 -0.029495
v -0.380491 15.033879 -0.029495
v -0.243165 15.246995 -0.029495
v -0.952035 15.474023 -0.029495
v -1.107484 15.149636 -0.029495
v 2.916480 16.254929 -0.029495
v 2.633562 16.438644 -0.029495
v 2.339385 15.745507 -0.029495
v 2.111350 15.858338 -0.029495
v 2.329422 16.583588 -0.029495
v 1.865585 15.941308 -0.029495
v 2.007946 16.688587 -0.029495
v 1.604008 15.992497 -0.029495
v 1.673022 16.752453 -0.029495
v 1.328537 16.009983 -0.029495
v 1.328537 16.774002 -0.029495
v 0.974518 16.751884 -0.029495
v 1.051476 15.992494 -0.029495
v 0.633369 16.686558 -0.029495
v 0.788862 15.941308 -0.029495
v 0.308505 16.579571 -0.029495
v 0.542533 15.858338 -0.029495
v 0.003340 16.432480 -0.029495
v 0.314327 15.745503 -0.029495
v -0.278711 16.246826 -0.029495
v 3.403098 15.775918 -0.029495
v 2.734598 15.437921 -0.029495
v 3.174287 16.033623 -0.029495
v 2.547773 15.604730 -0.029495
v 0.106083 15.604726 -0.029495
v -0.534234 16.024166 -0.029495
v -0.080361 15.437917 -0.029495
v -0.759813 15.766049 -0.029495
v 2.551754 6.187555 -0.029495
v 2.831751 6.354956 -0.029495
v 2.358437 6.925795 -0.029495
v 2.130498 6.811958 -0.029495
v 2.262405 6.058817 -0.029495
v 1.883096 6.728697 -0.029495
v 1.970299 5.967903 -0.029495
v 1.617781 6.677584 -0.029495
v 1.682027 5.913971 -0.029495
v 1.404183 5.896181 -0.029495
v 1.336102 6.660198 -0.029495
v 1.020072 5.920498 -0.029495
v 1.058893 6.678148 -0.029495
v 0.656133 5.991753 -0.029495
v 0.795867 6.730661 -0.029495
v 0.314888 6.107397 -0.029495
v 0.548916 6.815744 -0.029495
v -0.001143 6.264883 -0.029495
v 0.319931 6.931400 -0.029495
v -0.289436 6.461662 -0.029495
v 3.726382 7.428001 -0.029495
v 3.044570 7.655354 -0.029495
v 3.549714 7.097542 -0.029495
v 2.909979 7.434984 -0.029495
v -0.240320 7.441853 -0.029495
v -0.378531 7.659842 -0.029495
v -0.962681 7.262283 -0.029495
v -1.114813 7.590759 -0.029495
v 3.151949 7.898418 -0.029495
v 3.860736 7.801325 -0.029495
v 3.230567 8.162600 -0.029495
v -0.570796 8.155600 -0.029495
v -1.226600 7.945791 -0.029495
v -0.489319 7.898422 -0.029495
v 3.976130 8.679935 -0.029495
v 3.278874 8.446323 -0.029495
v 3.946183 8.218355 -0.029495
v -0.638246 8.717758 -0.029495
v -1.319056 8.725323 -0.029495
v -0.621069 8.429375 -0.029495
v -1.295521 8.324827 -0.029495
v 3.337324 6.809109 -0.029495
v 2.749727 7.238882 -0.029495
v 3.095806 6.561859 -0.029495
v 2.565363 7.068628 -0.029495
v 0.110802 7.075634 -0.029495
v -0.547472 6.695187 -0.029495
v -0.076578 7.246450 -0.029495
v -0.772727 6.962910 -0.029495
v 3.972256 8.877050 -0.029495
v 3.291083 8.894678 -0.029495
v 3.295321 8.748014 -0.029495
v -1.316355 8.857946 -0.029495
v -0.634757 8.866138 -0.029495
v -1.308164 8.991444 -0.029495
v -0.606452 9.158279 -0.029495
v -1.294353 9.126358 -0.029495
v -0.624203 9.012814 -0.029495
v 3.960896 9.064186 -0.029495
v 3.278440 9.043179 -0.029495
v 3.228360 9.344219 -0.029495
v 3.917295 9.411453 -0.029495
v 3.885841 9.573059 -0.029495
v 3.191133 9.496025 -0.029495
v -0.548833 9.447578 -0.029495
v -1.217879 9.545128 -0.029495
v -0.581372 9.303032 -0.029495
v -1.249341 9.402649 -0.029495
v 3.942444 9.242073 -0.029495
v 3.257498 9.193146 -0.029495
v -1.274789 9.263245 -0.029495
v -0.405146 9.884941 -0.029495
v -1.086091 9.996517 -0.029495
v -0.460852 9.738033 -0.029495
v -1.136385 9.841515 -0.029495
v 3.522257 10.548378 -0.029495
v 2.712850 10.548378 -0.029495
v 2.803765 10.401718 -0.029495
v -0.101163 10.495426 -0.029495
v -0.895441 10.495426 -0.029495
v -0.189596 10.338383 -0.029495
v 2.887325 10.253220 -0.029495
v -0.269650 10.184616 -0.029495
v -0.965750 10.322926 -0.029495
v 3.092829 9.800373 -0.029495
v 3.757599 10.018578 -0.029495
v 3.704870 10.156437 -0.029495
v 3.031962 9.952183 -0.029495
v 3.647808 10.290203 -0.029495
v 2.963426 10.103252 -0.029495
v 3.586805 10.420605 -0.029495
v -0.341456 10.033634 -0.029495
v -1.029256 10.156807 -0.029495
v 3.848478 9.727623 -0.029495
v 3.145921 9.648201 -0.029495
v 3.805599 9.875885 -0.029495
v -0.508703 9.592415 -0.029495
v -1.180271 9.691231 -0.029495
v 3.642555 4.263391 -0.029495
v 3.698488 4.282921 -0.029495
v 3.583627 4.251270 -0.029495
v 3.522257 4.247107 -0.029495
v 3.245350 4.341993 -0.029495
v 3.799165 4.341991 -0.029495
v 3.842805 4.380432 -0.029495
v 3.293640 4.309305 -0.029495
v 3.750875 4.309303 -0.029495
v 3.346027 4.282921 -0.029495
v 3.460887 4.251272 -0.029495
v 3.401960 4.263393 -0.029495
v 3.084669 4.580683 -0.029495
v 3.104198 4.524750 -0.029495
v 3.072547 4.639610 -0.029495
v 3.959846 4.580681 -0.029495
v 3.971967 4.639608 -0.029495
v 3.940317 4.524748 -0.029495
v 3.976130 4.700979 -0.029495
v 3.913933 4.472361 -0.029495
v 3.201709 4.380434 -0.029495
v 3.959846 4.821278 -0.029495
v 3.940317 4.877211 -0.029495
v 3.971967 4.762350 -0.029495
v 3.130582 4.929600 -0.029495
v 3.104198 4.877213 -0.029495
v 3.068384 4.700979 -0.029495
v 3.072547 4.762352 -0.029495
v 3.084669 4.821280 -0.029495
v 3.201709 5.021528 -0.029495
v 3.799165 5.059967 -0.029495
v 3.245350 5.059969 -0.029495
v 3.750875 5.092653 -0.029495
v 3.293640 5.092655 -0.029495
v 3.522257 5.154852 -0.029495
v 3.460887 5.150690 -0.029495
v 3.346027 5.119040 -0.029495
v 3.401960 5.138569 -0.029495
v 3.642555 5.138567 -0.029495
v 3.583627 5.150688 -0.029495
v 3.698488 5.119038 -0.029495
v 3.842805 5.021526 -0.029495
v 3.913933 4.929598 -0.029495
v 3.881245 4.977886 -0.029495
v 3.881245 4.424072 -0.029495
v 3.163270 4.977888 -0.029495
v 3.163270 4.424072 -0.029495
v 3.130582 4.472363 -0.029495
v -1.250974 -1.222063 -0.029495
v 3.908050 -1.222063 -0.029495
v 3.242369 -0.480738 -0.029495
v -0.585294 -0.480738 -0.029495
v 3.882576 1.201530 -0.029495
v 3.216847 1.092741 -0.029495
v 3.908050 0.790108 -0.029495
v -0.515497 1.318962 -0.029495
v -1.223478 1.237020 -0.029495
v -0.567429 1.006403 -0.029495
v -1.250974 0.782543 -0.029495
v 3.242369 0.699333 -0.029495
v -0.585294 0.661510 -0.029495
v 3.144730 1.435406 -0.029495
v 3.808905 1.583929 -0.029495
v 3.691160 1.936018 -0.029495
v 3.032689 1.730474 -0.029495
v 3.533464 2.256508 -0.029495
v 2.887395 1.981104 -0.029495
v -0.180253 2.067104 -0.029495
v -0.852854 2.341681 -0.029495
v -0.319414 1.848866 -0.029495
v -1.019191 2.015800 -0.029495
v -0.431993 1.599634 -0.029495
v -1.144475 1.647842 -0.029495
v 1.328537 3.528475 -0.029495
v 1.021941 3.510851 -0.029495
v 1.328537 2.764456 -0.029495
v 3.114717 2.797550 -0.029495
v 2.861913 3.015526 -0.029495
v 2.523736 2.361643 -0.029495
v 2.318715 2.497858 -0.029495
v 2.585654 3.196754 -0.029495
v 2.107126 2.602239 -0.029495
v 2.290063 3.339952 -0.029495
v 1.895643 2.677938 -0.029495
v 1.979264 3.443828 -0.029495
v 1.690936 2.728103 -0.029495
v 1.657382 3.507097 -0.029495
v 1.499677 2.755893 -0.029495
v 1.073177 2.750671 -0.029495
v 0.714583 3.457451 -0.029495
v 0.826931 2.709018 -0.029495
v 0.411690 3.367491 -0.029495
v 0.592294 2.639051 -0.029495
v 0.118490 3.240181 -0.029495
v 0.371762 2.540323 -0.029495
v -0.159792 3.074732 -0.029495
v 0.167830 2.412386 -0.029495
v -0.417928 2.870357 -0.029495
v 3.339942 2.544115 -0.029495
v 2.715521 2.190443 -0.029495
v -0.017007 2.254795 -0.029495
v -0.650691 2.626270 -0.029495
v 3.908050 -6.449169 -0.029495
v -0.063339 -6.449169 -0.029495
v 3.908050 -7.145108 -0.029495
v -1.250974 -7.145108 -0.029495
v -1.250974 -6.555073 -0.029495
v 3.908050 -2.999733 -0.029495
v 3.908050 -2.364311 -0.029495
v 2.743109 -3.060249 -0.029495
v -1.250974 -2.364311 -0.029495
v -1.250974 -3.060249 -0.029495
v 3.908050 -10.950075 -0.029495
v 1.668943 -10.950075 -0.029495
v 3.908050 -11.691401 -0.029495
v 1.003263 -10.950075 -0.029495
v -1.250974 -11.691401 -0.029495
v 1.682811 -10.454458 -0.029495
v 1.003263 -10.473509 -0.029495
v 1.671937 -10.546537 -0.029495
v 1.668943 -10.639929 -0.029495
v -0.615551 -10.950075 -0.029495
v 1.739545 -10.268147 -0.029495
v 0.994976 -10.286566 -0.029495
v 1.704402 -10.362168 -0.029495
v 1.791079 -10.170866 -0.029495
v 0.971008 -10.122107 -0.029495
v -0.591457 -10.149424 -0.029495
v -1.239592 -10.137666 -0.029495
v -0.609467 -10.302746 -0.029495
v -1.250974 -10.390299 -0.029495
v -0.615551 -10.473509 -0.029495
v 0.818417 -9.752073 -0.029495
v 0.881389 -9.856016 -0.029495
v 1.457136 -9.558198 -0.029495
v -0.521134 -9.893000 -0.029495
v -0.469557 -9.788846 -0.029495
v -1.074748 -9.487036 -0.029495
v -1.150743 -9.685141 -0.029495
v 1.954662 -9.960443 -0.029495
v 1.861839 -10.068807 -0.029495
v 0.932700 -9.978975 -0.029495
v -0.561890 -10.013016 -0.029495
v -1.205937 -9.902315 -0.029495
v 2.169779 -8.865719 -0.029495
v 2.047170 -8.954926 -0.029495
v 2.603323 -9.433481 -0.029495
v 3.908050 -7.704884 -0.029495
v 3.791456 -7.789224 -0.029495
v 3.908050 -8.589936 -0.029495
v 3.686367 -7.865211 -0.029495
v 3.591048 -7.933949 -0.029495
v 3.503767 -7.996540 -0.029495
v 3.422789 -8.054089 -0.029495
v 3.346382 -8.107697 -0.029495
v 3.272811 -8.158468 -0.029495
v 3.200344 -8.207506 -0.029495
v 3.127246 -8.255914 -0.029495
v 3.051785 -8.304795 -0.029495
v 2.972226 -8.355251 -0.029495
v 2.849013 -9.270745 -0.029495
v 2.886836 -8.408386 -0.029495
v 2.729556 -8.504685 -0.029495
v 2.579211 -8.597570 -0.029495
v 2.435799 -8.688039 -0.029495
v 2.299322 -8.777089 -0.029495
v 0.193855 -8.695839 -0.029495
v -0.022084 -8.709244 -0.029495
v 0.163597 -9.459859 -0.029495
v 2.393879 -9.582294 -0.029495
v 1.931496 -9.045710 -0.029495
v 1.822755 -9.139067 -0.029495
v 2.217846 -9.718709 -0.029495
v 1.720949 -9.235996 -0.029495
v 1.626077 -9.337496 -0.029495
v 2.072386 -9.844251 -0.029495
v 1.538139 -9.444565 -0.029495
v 1.397609 -9.425227 -0.029495
v 1.328888 -9.302579 -0.029495
v 0.745122 -9.665992 -0.029495
v 1.251238 -9.190490 -0.029495
v 1.164920 -9.089195 -0.029495
v 0.662845 -9.596616 -0.029495
v 1.070196 -8.998933 -0.029495
v 0.572924 -9.542789 -0.029495
v 0.967331 -8.919938 -0.029495
v 0.856585 -8.852448 -0.029495
v 0.476699 -9.503355 -0.029495
v 0.738223 -8.796700 -0.029495
v 0.612506 -8.752928 -0.029495
v 0.375510 -9.477160 -0.029495
v 0.479697 -8.721370 -0.029495
v 0.270696 -9.463046 -0.029495
v 0.340059 -8.702262 -0.029495
v 0.046566 -9.467669 -0.029495
v -0.223105 -8.748861 -0.029495
v -0.062218 -9.487665 -0.029495
v -0.408472 -8.813799 -0.029495
v -0.162387 -9.520375 -0.029495
v -0.577449 -8.903164 -0.029495
v -0.253573 -9.566322 -0.029495
v -0.729300 -9.016063 -0.029495
v -0.335409 -9.626034 -0.029495
v -0.863291 -9.151604 -0.029495
v -0.407526 -9.700033 -0.029495
v -0.978685 -9.308892 -0.029495
v -1.250974 -17.168137 -0.029495
v 1.956396 -17.168137 -0.029495
v 1.797541 -16.426811 -0.029495
v 2.865561 -16.985641 -0.029495
v 3.105368 -16.853226 -0.029495
v 2.607228 -16.301294 -0.029495
v 2.535435 -16.333073 -0.029495
v 2.457548 -16.359674 -0.029495
v 2.594550 -17.084646 -0.029495
v 2.372412 -16.381393 -0.029495
v 2.278870 -16.398514 -0.029495
v 2.291705 -17.146667 -0.029495
v 2.175768 -16.411327 -0.029495
v 2.061950 -16.420120 -0.029495
v 1.936259 -16.425186 -0.029495
v -1.250974 -16.426811 -0.029495
v 3.219917 -15.523161 -0.029495
v 3.924230 -15.557167 -0.029495
v 3.247133 -15.425767 -0.029495
v 3.976131 -15.019804 -0.029495
v 3.292323 -15.114676 -0.029495
v 3.963261 -15.290901 -0.029495
v 3.283309 -15.221524 -0.029495
v 3.268255 -15.325222 -0.029495
v 3.858408 -15.815026 -0.029495
v 3.186581 -15.617403 -0.029495
v 3.147099 -15.708492 -0.029495
v 3.765164 -16.060909 -0.029495
v 3.101445 -15.796431 -0.029495
v 3.643869 -16.291243 -0.029495
v 3.049592 -15.881216 -0.029495
v 2.991514 -15.962851 -0.029495
v 3.493891 -16.502455 -0.029495
v 2.927184 -16.041332 -0.029495
v 2.856577 -16.116663 -0.029495
v 3.314601 -16.690973 -0.029495
v 2.797602 -16.172028 -0.029495
v 2.737156 -16.221062 -0.029495
v 2.674083 -16.264053 -0.029495
v 3.959028 -14.652122 -0.029495
v 3.280788 -14.734311 -0.029495
v 3.291614 -14.866157 -0.029495
v 3.239568 -14.490845 -0.029495
v 3.263290 -14.609190 -0.029495
v 3.908646 -14.316826 -0.029495
v 3.210067 -14.379329 -0.029495
v 3.135516 -14.176994 -0.029495
v 3.826377 -14.013837 -0.029495
v 3.713613 -13.743075 -0.029495
v 3.091359 -14.086282 -0.029495
v 3.043209 -14.002608 -0.029495
v 3.175234 -14.274694 -0.029495
v 1.880750 -12.727745 -0.029495
v -1.250974 -12.727745 -0.029495
v 1.752153 -13.469070 -0.029495
v -1.250974 -13.469070 -0.029495
v 2.576969 -13.592343 -0.029495
v 2.659544 -13.631825 -0.029495
v 2.985455 -12.980738 -0.029495
v 2.741100 -12.869935 -0.029495
v 2.489771 -13.559376 -0.029495
v 2.397977 -13.532423 -0.029495
v 2.474603 -12.790888 -0.029495
v 2.301612 -13.510985 -0.029495
v 2.200703 -13.494565 -0.029495
v 2.187356 -12.743517 -0.029495
v 2.095276 -13.482663 -0.029495
v 1.985358 -13.474779 -0.029495
v 1.870975 -13.470414 -0.029495
v 3.571747 -13.504464 -0.029495
v 2.991514 -13.926025 -0.029495
v 2.936719 -13.856587 -0.029495
v 3.402171 -13.297923 -0.029495
v 2.879271 -13.794346 -0.029495
v 2.810722 -13.732327 -0.029495
v 3.206276 -13.123374 -0.029495
v 2.737471 -13.678321 -0.029495
v 3.295321 -15.004674 -0.029495
v -1.250973 -22.523838 -0.029495
v 1.956396 -22.523838 -0.029495
v 1.797541 -21.782513 -0.029495
v 2.865561 -22.341343 -0.029495
v 3.105368 -22.208929 -0.029495
v 2.607228 -21.656996 -0.029495
v 2.535435 -21.688774 -0.029495
v 2.457548 -21.715376 -0.029495
v 2.594550 -22.440348 -0.029495
v 2.372412 -21.737095 -0.029495
v 2.278871 -21.754215 -0.029495
v 2.291706 -22.502369 -0.029495
v 2.175768 -21.767029 -0.029495
v 2.061950 -21.775824 -0.029495
v 1.936259 -21.780888 -0.029495
v -1.250973 -21.782513 -0.029495
v 3.219917 -20.878862 -0.029495
v 3.924231 -20.912868 -0.029495
v 3.247133 -20.781469 -0.029495
v 3.976131 -20.375505 -0.029495
v 3.292323 -20.470377 -0.029495
v 3.963261 -20.646603 -0.029495
v 3.283309 -20.577227 -0.029495
v 3.268255 -20.680923 -0.029495
v 3.858408 -21.170729 -0.029495
v 3.186581 -20.973104 -0.029495
v 3.147099 -21.064194 -0.029495
v 3.765165 -21.416611 -0.029495
v 3.101445 -21.152132 -0.029495
v 3.643869 -21.646946 -0.029495
v 3.049592 -21.236917 -0.029495
v 2.991514 -21.318552 -0.029495
v 3.493891 -21.858158 -0.029495
v 2.927185 -21.397034 -0.029495
v 2.856578 -21.472364 -0.029495
v 3.314601 -22.046675 -0.029495
v 2.797602 -21.527729 -0.029495
v 2.737156 -21.576763 -0.029495
v 2.674083 -21.619755 -0.029495
v 3.959028 -20.007824 -0.029495
v 3.280788 -20.090014 -0.029495
v 3.291614 -20.221859 -0.029495
v 3.239568 -19.846546 -0.029495
v 3.263291 -19.964891 -0.029495
v 3.908646 -19.672527 -0.029495
v 3.210067 -19.735031 -0.029495
v 3.135516 -19.532698 -0.029495
v 3.826377 -19.369537 -0.029495
v 3.713614 -19.098778 -0.029495
v 3.091359 -19.441984 -0.029495
v 3.043210 -19.358311 -0.029495
v 3.175235 -19.630398 -0.029495
v 1.880751 -18.083447 -0.029495
v -1.250973 -18.083447 -0.029495
v 1.752153 -18.824772 -0.029495
v -1.250973 -18.824772 -0.029495
v 2.576970 -18.948048 -0.029495
v 2.659545 -18.987530 -0.029495
v 2.985455 -18.336439 -0.029495
v 2.741100 -18.225637 -0.029495
v 2.489771 -18.915079 -0.029495
v 2.397977 -18.888126 -0.029495
v 2.474603 -18.146591 -0.029495
v 2.301612 -18.866688 -0.029495
v 2.200703 -18.850267 -0.029495
v 2.187356 -18.099220 -0.029495
v 2.095277 -18.838366 -0.029495
v 1.985359 -18.830481 -0.029495
v 1.870975 -18.826117 -0.029495
v 3.571747 -18.860165 -0.029495
v 2.991514 -19.281727 -0.029495
v 2.936719 -19.212290 -0.029495
v 3.402171 -18.653625 -0.029495
v 2.879272 -19.150047 -0.029495
v 2.810722 -19.088030 -0.029495
v 3.206276 -18.479076 -0.029495
v 2.737471 -19.034023 -0.029495
v 3.295322 -20.360376 -0.029495
v 3.908049 17.666618 -0.306429
v -0.108728 18.407944 -0.306429
v 3.908049 18.407944 -0.306429
v -1.250975 17.666618 -0.306429
v -1.250975 18.362556 -0.306429
v -0.108728 18.423073 -0.306429
v 0.867099 20.072147 -0.306429
v -0.108728 21.721222 -0.306429
v 1.888314 20.132664 -0.306429
v 3.908049 22.477673 -0.306429
v -0.108728 21.736347 -0.306429
v -1.250975 22.477673 -0.306429
v -1.250975 21.789299 -0.306429
v 3.908049 21.736347 -0.306429
v 1.888314 20.011631 -0.306429
v 2.636924 11.568192 -0.306429
v 2.339385 12.257404 -0.306429
v 2.919698 11.752426 -0.306429
v 2.111350 12.144733 -0.306429
v 2.332613 11.422203 -0.306429
v 1.865585 12.061848 -0.306429
v 2.010572 11.316006 -0.306429
v 1.604009 12.010693 -0.306429
v 1.674611 11.251152 -0.306429
v 1.328537 11.993206 -0.306429
v 1.328537 11.229187 -0.306429
v 0.976108 11.251736 -0.306429
v 1.051477 12.010689 -0.306429
v 0.635996 11.318172 -0.306429
v 0.788863 12.061844 -0.306429
v 0.311696 11.426693 -0.306429
v 0.542533 12.144733 -0.306429
v 0.006702 11.575478 -0.306429
v 0.314327 12.257401 -0.306429
v -0.275493 11.762711 -0.306429
v 3.759240 12.840790 -0.306429
v 3.600704 12.519085 -0.306429
v 3.035884 12.967072 -0.306429
v 2.897941 12.754696 -0.306429
v -0.243164 12.754692 -0.306429
v -0.950354 12.537014 -0.306429
v -0.380490 12.967068 -0.306429
v -1.106421 12.859940 -0.306429
v 3.146512 13.199516 -0.306429
v 3.227905 13.450085 -0.306429
v 3.877195 13.192993 -0.306429
v -0.571355 13.450081 -0.306429
v -0.490500 13.199512 -0.306429
v -1.222222 13.212254 -0.306429
v 3.278147 13.716827 -0.306429
v 3.295320 13.997810 -0.306429
v 3.976130 13.982681 -0.306429
v 3.950762 13.574139 -0.306429
v -0.621216 13.716824 -0.306429
v -1.294265 13.592152 -0.306429
v 3.405396 12.229420 -0.306429
v 2.734598 12.564331 -0.306429
v 3.177124 11.973351 -0.306429
v 2.547774 12.397919 -0.306429
v 0.106083 12.397915 -0.306429
v -0.531396 11.986588 -0.306429
v -0.080360 12.564327 -0.306429
v -0.757514 12.245293 -0.306429
v -1.319056 13.997810 -0.306429
v -0.621217 14.280533 -0.306429
v -0.638246 13.997810 -0.306429
v -1.294409 14.409981 -0.306429
v 3.876670 14.796193 -0.306429
v 3.227904 14.548734 -0.306429
v 3.146511 14.800488 -0.306429
v -1.222747 14.794438 -0.306429
v -0.490500 14.800485 -0.306429
v -0.571355 14.548730 -0.306429
v 3.950617 14.404682 -0.306429
v 3.278147 14.280537 -0.306429
v 3.035884 15.033883 -0.306429
v 3.599023 15.482991 -0.306429
v 3.758176 15.156022 -0.306429
v 2.897940 15.246999 -0.306429
v -0.380491 15.033879 -0.306429
v -0.952035 15.474023 -0.306429
v -0.243165 15.246995 -0.306429
v -1.107484 15.149636 -0.306429
v 2.916480 16.254929 -0.306429
v 2.339385 15.745507 -0.306429
v 2.633562 16.438644 -0.306429
v 2.111350 15.858338 -0.306429
v 2.329422 16.583588 -0.306429
v 1.865585 15.941308 -0.306429
v 2.007946 16.688587 -0.306429
v 1.604008 15.992497 -0.306429
v 1.673022 16.752453 -0.306429
v 1.328537 16.009983 -0.306429
v 1.328537 16.774002 -0.306429
v 0.974518 16.751884 -0.306429
v 1.051476 15.992494 -0.306429
v 0.633369 16.686558 -0.306429
v 0.788862 15.941308 -0.306429
v 0.308505 16.579571 -0.306429
v 0.542533 15.858338 -0.306429
v 0.003340 16.432480 -0.306429
v 0.314327 15.745503 -0.306429
v -0.278711 16.246826 -0.306429
v 3.403098 15.775918 -0.306429
v 2.734598 15.437921 -0.306429
v 3.174287 16.033623 -0.306429
v 2.547773 15.604730 -0.306429
v 0.106083 15.604726 -0.306429
v -0.534234 16.024166 -0.306429
v -0.080361 15.437917 -0.306429
v -0.759813 15.766049 -0.306429
v 2.551754 6.187555 -0.306429
v 2.358437 6.925795 -0.306429
v 2.831751 6.354956 -0.306429
v 2.130498 6.811958 -0.306429
v 2.262405 6.058817 -0.306429
v 1.883096 6.728697 -0.306429
v 1.970299 5.967903 -0.306429
v 1.617781 6.677584 -0.306429
v 1.682027 5.913971 -0.306429
v 1.404183 5.896181 -0.306429
v 1.336102 6.660198 -0.306429
v 1.020072 5.920498 -0.306429
v 1.058893 6.678148 -0.306429
v 0.656133 5.991753 -0.306429
v 0.795867 6.730661 -0.306429
v 0.314888 6.107397 -0.306429
v 0.548916 6.815744 -0.306429
v -0.001143 6.264883 -0.306429
v 0.319931 6.931400 -0.306429
v -0.289436 6.461662 -0.306429
v 3.726382 7.428001 -0.306429
v 3.549714 7.097542 -0.306429
v 3.044570 7.655354 -0.306429
v 2.909979 7.434984 -0.306429
v -0.240320 7.441853 -0.306429
v -0.962681 7.262283 -0.306429
v -0.378531 7.659842 -0.306429
v -1.114813 7.590759 -0.306429
v 3.151949 7.898418 -0.306429
v 3.230567 8.162600 -0.306429
v 3.860736 7.801325 -0.306429
v -0.570796 8.155600 -0.306429
v -0.489319 7.898422 -0.306429
v -1.226600 7.945791 -0.306429
v 3.976130 8.679935 -0.306429
v 3.946183 8.218355 -0.306429
v 3.278874 8.446323 -0.306429
v -0.638246 8.717758 -0.306429
v -0.621069 8.429375 -0.306429
v -1.319056 8.725323 -0.306429
v -1.295521 8.324827 -0.306429
v 3.337324 6.809109 -0.306429
v 2.749727 7.238882 -0.306429
v 3.095806 6.561859 -0.306429
v 2.565363 7.068628 -0.306429
v 0.110802 7.075634 -0.306429
v -0.547472 6.695187 -0.306429
v -0.076578 7.246450 -0.306429
v -0.772727 6.962910 -0.306429
v 3.972256 8.877050 -0.306429
v 3.295321 8.748014 -0.306429
v 3.291083 8.894678 -0.306429
v -1.316355 8.857946 -0.306429
v -1.308164 8.991444 -0.306429
v -0.634757 8.866138 -0.306429
v -0.606452 9.158279 -0.306429
v -0.624203 9.012814 -0.306429
v -1.294353 9.126358 -0.306429
v 3.960896 9.064186 -0.306429
v 3.278440 9.043179 -0.306429
v 3.228360 9.344219 -0.306429
v 3.885841 9.573059 -0.306429
v 3.917295 9.411453 -0.306429
v 3.191133 9.496025 -0.306429
v -0.548833 9.447578 -0.306429
v -0.581372 9.303032 -0.306429
v -1.217879 9.545128 -0.306429
v -1.249341 9.402649 -0.306429
v 3.942444 9.242073 -0.306429
v 3.257498 9.193146 -0.306429
v -1.274789 9.263245 -0.306429
v -0.405146 9.884941 -0.306429
v -0.460852 9.738033 -0.306429
v -1.086091 9.996517 -0.306429
v -1.136385 9.841515 -0.306429
v 3.522257 10.548378 -0.306429
v 2.803765 10.401718 -0.306429
v 2.712850 10.548378 -0.306429
v -0.101163 10.495426 -0.306429
v -0.189596 10.338383 -0.306429
v -0.895441 10.495426 -0.306429
v 2.887325 10.253220 -0.306429
v -0.269650 10.184616 -0.306429
v -0.965750 10.322926 -0.306429
v 3.092829 9.800373 -0.306429
v 3.704870 10.156437 -0.306429
v 3.757599 10.018578 -0.306429
v 3.031962 9.952183 -0.306429
v 3.647808 10.290203 -0.306429
v 2.963426 10.103252 -0.306429
v 3.586805 10.420605 -0.306429
v -0.341456 10.033634 -0.306429
v -1.029256 10.156807 -0.306429
v 3.848478 9.727623 -0.306429
v 3.145921 9.648201 -0.306429
v 3.805599 9.875885 -0.306429
v -0.508703 9.592415 -0.306429
v -1.180271 9.691231 -0.306429
v 3.642555 4.263391 -0.306429
v 3.583627 4.251270 -0.306429
v 3.698488 4.282921 -0.306429
v 3.522257 4.247107 -0.306429
v 3.245350 4.341993 -0.306429
v 3.842805 4.380432 -0.306429
v 3.799165 4.341991 -0.306429
v 3.293640 4.309305 -0.306429
v 3.750875 4.309303 -0.306429
v 3.346027 4.282921 -0.306429
v 3.460887 4.251272 -0.306429
v 3.401960 4.263393 -0.306429
v 3.084669 4.580683 -0.306429
v 3.072547 4.639610 -0.306429
v 3.104198 4.524750 -0.306429
v 3.959846 4.580681 -0.306429
v 3.940317 4.524748 -0.306429
v 3.971967 4.639608 -0.306429
v 3.976130 4.700979 -0.306429
v 3.913933 4.472361 -0.306429
v 3.201709 4.380434 -0.306429
v 3.959846 4.821278 -0.306429
v 3.971967 4.762350 -0.306429
v 3.940317 4.877211 -0.306429
v 3.130582 4.929600 -0.306429
v 3.068384 4.700979 -0.306429
v 3.104198 4.877213 -0.306429
v 3.072547 4.762352 -0.306429
v 3.084669 4.821280 -0.306429
v 3.201709 5.021528 -0.306429
v 3.245350 5.059969 -0.306429
v 3.799165 5.059967 -0.306429
v 3.750875 5.092653 -0.306429
v 3.293640 5.092655 -0.306429
v 3.522257 5.154852 -0.306429
v 3.346027 5.119040 -0.306429
v 3.460887 5.150690 -0.306429
v 3.401960 5.138569 -0.306429
v 3.642555 5.138567 -0.306429
v 3.698488 5.119038 -0.306429
v 3.583627 5.150688 -0.306429
v 3.842805 5.021526 -0.306429
v 3.913933 4.929598 -0.306429
v 3.881245 4.977886 -0.306429
v 3.881245 4.424072 -0.306429
v 3.163270 4.977888 -0.306429
v 3.163270 4.424072 -0.306429
v 3.130582 4.472363 -0.306429
v -1.250974 -1.222063 -0.306429
v 3.242369 -0.480738 -0.306429
v 3.908050 -1.222063 -0.306429
v -0.585294 -0.480738 -0.306429
v 3.882576 1.201530 -0.306429
v 3.908050 0.790108 -0.306429
v 3.216847 1.092741 -0.306429
v -0.515497 1.318962 -0.306429
v -0.567429 1.006403 -0.306429
v -1.223478 1.237020 -0.306429
v -1.250974 0.782543 -0.306429
v 3.242369 0.699333 -0.306429
v -0.585294 0.661510 -0.306429
v 3.144730 1.435406 -0.306429
v 3.691160 1.936018 -0.306429
v 3.808905 1.583929 -0.306429
v 3.032689 1.730474 -0.306429
v 3.533464 2.256508 -0.306429
v 2.887395 1.981104 -0.306429
v -0.180253 2.067104 -0.306429
v -0.319414 1.848866 -0.306429
v -0.852854 2.341681 -0.306429
v -1.019191 2.015800 -0.306429
v -0.431993 1.599634 -0.306429
v -1.144475 1.647842 -0.306429
v 1.328537 3.528475 -0.306429
v 1.328537 2.764456 -0.306429
v 1.021941 3.510851 -0.306429
v 3.114717 2.797550 -0.306429
v 2.523736 2.361643 -0.306429
v 2.861913 3.015526 -0.306429
v 2.318715 2.497858 -0.306429
v 2.585654 3.196754 -0.306429
v 2.107126 2.602239 -0.306429
v 2.290063 3.339952 -0.306429
v 1.895643 2.677938 -0.306429
v 1.979264 3.443828 -0.306429
v 1.690936 2.728103 -0.306429
v 1.657382 3.507097 -0.306429
v 1.499677 2.755893 -0.306429
v 1.073177 2.750671 -0.306429
v 0.714583 3.457451 -0.306429
v 0.826931 2.709018 -0.306429
v 0.411690 3.367491 -0.306429
v 0.592294 2.639051 -0.306429
v 0.118490 3.240181 -0.306429
v 0.371762 2.540323 -0.306429
v -0.159792 3.074732 -0.306429
v 0.167830 2.412386 -0.306429
v -0.417928 2.870357 -0.306429
v 3.339942 2.544115 -0.306429
v 2.715521 2.190443 -0.306429
v -0.017007 2.254795 -0.306429
v -0.650691 2.626270 -0.306429
v 3.908050 -6.449169 -0.306429
v 3.908050 -7.145108 -0.306429
v -0.063339 -6.449169 -0.306429
v -1.250974 -7.145108 -0.306429
v -1.250974 -6.555073 -0.306429
v 3.908050 -2.999733 -0.306429
v 2.743109 -3.060249 -0.306429
v 3.908050 -2.364311 -0.306429
v -1.250974 -2.364311 -0.306429
v -1.250974 -3.060249 -0.306429
v 3.908050 -10.950075 -0.306429
v 3.908050 -11.691401 -0.306429
v 1.668943 -10.950075 -0.306429
v 1.003263 -10.950075 -0.306429
v -1.250974 -11.691401 -0.306429
v 1.682811 -10.454458 -0.306429
v 1.671937 -10.546537 -0.306429
v 1.003263 -10.473509 -0.306429
v 1.668943 -10.639929 -0.306429
v -0.615551 -10.950075 -0.306429
v 1.739545 -10.268147 -0.306429
v 1.704402 -10.362168 -0.306429
v 0.994976 -10.286566 -0.306429
v 0.971008 -10.122107 -0.306429
v 1.791079 -10.170866 -0.306429
v -0.591457 -10.149424 -0.306429
v -0.609467 -10.302746 -0.306429
v -1.239592 -10.137666 -0.306429
v -1.250974 -10.390299 -0.306429
v -0.615551 -10.473509 -0.306429
v 0.818417 -9.752073 -0.306429
v 1.457136 -9.558198 -0.306429
v 0.881389 -9.856016 -0.306429
v -0.521134 -9.893000 -0.306429
v -1.074748 -9.487036 -0.306429
v -0.469557 -9.788846 -0.306429
v -1.150743 -9.685141 -0.306429
v 1.954662 -9.960443 -0.306429
v 1.861839 -10.068807 -0.306429
v 0.932700 -9.978975 -0.306429
v -0.561890 -10.013016 -0.306429
v -1.205937 -9.902315 -0.306429
v 2.169779 -8.865719 -0.306429
v 2.603323 -9.433481 -0.306429
v 2.047170 -8.954926 -0.306429
v 3.908050 -7.704884 -0.306429
v 3.908050 -8.589936 -0.306429
v 3.791456 -7.789224 -0.306429
v 3.686367 -7.865211 -0.306429
v 3.591048 -7.933949 -0.306429
v 3.503767 -7.996540 -0.306429
v 3.422789 -8.054089 -0.306429
v 3.346382 -8.107697 -0.306429
v 3.272811 -8.158468 -0.306429
v 3.200344 -8.207506 -0.306429
v 3.127246 -8.255914 -0.306429
v 3.051785 -8.304795 -0.306429
v 2.972226 -8.355251 -0.306429
v 2.849013 -9.270745 -0.306429
v 2.886836 -8.408386 -0.306429
v 2.729556 -8.504685 -0.306429
v 2.579211 -8.597570 -0.306429
v 2.435799 -8.688039 -0.306429
v 2.299322 -8.777089 -0.306429
v 0.193855 -8.695839 -0.306429
v 0.163597 -9.459859 -0.306429
v -0.022084 -8.709244 -0.306429
v 2.393879 -9.582294 -0.306429
v 1.931496 -9.045710 -0.306429
v 1.822755 -9.139067 -0.306429
v 2.217846 -9.718709 -0.306429
v 1.720949 -9.235996 -0.306429
v 1.626077 -9.337496 -0.306429
v 2.072386 -9.844251 -0.306429
v 1.538139 -9.444565 -0.306429
v 1.397609 -9.425227 -0.306429
v 1.328888 -9.302579 -0.306429
v 0.745122 -9.665992 -0.306429
v 1.251238 -9.190490 -0.306429
v 1.164920 -9.089195 -0.306429
v 0.662845 -9.596616 -0.306429
v 1.070196 -8.998933 -0.306429
v 0.572924 -9.542789 -0.306429
v 0.967331 -8.919938 -0.306429
v 0.856585 -8.852448 -0.306429
v 0.476699 -9.503355 -0.306429
v 0.738223 -8.796700 -0.306429
v 0.612506 -8.752928 -0.306429
v 0.375510 -9.477160 -0.306429
v 0.479697 -8.721370 -0.306429
v 0.270696 -9.463046 -0.306429
v 0.340059 -8.702262 -0.306429
v 0.046566 -9.467669 -0.306429
v -0.223105 -8.748861 -0.306429
v -0.062218 -9.487665 -0.306429
v -0.408472 -8.813799 -0.306429
v -0.162387 -9.520375 -0.306429
v -0.577449 -8.903164 -0.306429
v -0.253573 -9.566322 -0.306429
v -0.729300 -9.016063 -0.306429
v -0.335409 -9.626034 -0.306429
v -0.863291 -9.151604 -0.306429
v -0.407526 -9.700033 -0.306429
v -0.978685 -9.308892 -0.306429
v -1.250974 -17.168137 -0.306429
v 1.797541 -16.426811 -0.306429
v 1.956396 -17.168137 -0.306429
v 2.865561 -16.985641 -0.306429
v 2.607228 -16.301294 -0.306429
v 3.105368 -16.853226 -0.306429
v 2.535435 -16.333073 -0.306429
v 2.457548 -16.359674 -0.306429
v 2.594550 -17.084646 -0.306429
v 2.372412 -16.381393 -0.306429
v 2.278870 -16.398514 -0.306429
v 2.291705 -17.146667 -0.306429
v 2.175768 -16.411327 -0.306429
v 2.061950 -16.420120 -0.306429
v 1.936259 -16.425186 -0.306429
v -1.250974 -16.426811 -0.306429
v 3.219917 -15.523161 -0.306429
v 3.247133 -15.425767 -0.306429
v 3.924230 -15.557167 -0.306429
v 3.976131 -15.019804 -0.306429
v 3.963261 -15.290901 -0.306429
v 3.292323 -15.114676 -0.306429
v 3.283309 -15.221524 -0.306429
v 3.268255 -15.325222 -0.306429
v 3.858408 -15.815026 -0.306429
v 3.186581 -15.617403 -0.306429
v 3.147099 -15.708492 -0.306429
v 3.765164 -16.060909 -0.306429
v 3.101445 -15.796431 -0.306429
v 3.643869 -16.291243 -0.306429
v 3.049592 -15.881216 -0.306429
v 2.991514 -15.962851 -0.306429
v 3.493891 -16.502455 -0.306429
v 2.927184 -16.041332 -0.306429
v 2.856577 -16.116663 -0.306429
v 3.314601 -16.690973 -0.306429
v 2.797602 -16.172028 -0.306429
v 2.737156 -16.221062 -0.306429
v 2.674083 -16.264053 -0.306429
v 3.959028 -14.652122 -0.306429
v 3.291614 -14.866157 -0.306429
v 3.280788 -14.734311 -0.306429
v 3.239568 -14.490845 -0.306429
v 3.908646 -14.316826 -0.306429
v 3.263290 -14.609190 -0.306429
v 3.210067 -14.379329 -0.306429
v 3.135516 -14.176994 -0.306429
v 3.713613 -13.743075 -0.306429
v 3.826377 -14.013837 -0.306429
v 3.091359 -14.086282 -0.306429
v 3.043209 -14.002608 -0.306429
v 3.175234 -14.274694 -0.306429
v 1.880750 -12.727745 -0.306429
v 1.752153 -13.469070 -0.306429
v -1.250974 -12.727745 -0.306429
v -1.250974 -13.469070 -0.306429
v 2.576969 -13.592343 -0.306429
v 2.985455 -12.980738 -0.306429
v 2.659544 -13.631825 -0.306429
v 2.741100 -12.869935 -0.306429
v 2.489771 -13.559376 -0.306429
v 2.397977 -13.532423 -0.306429
v 2.474603 -12.790888 -0.306429
v 2.301612 -13.510985 -0.306429
v 2.200703 -13.494565 -0.306429
v 2.187356 -12.743517 -0.306429
v 2.095276 -13.482663 -0.306429
v 1.985358 -13.474779 -0.306429
v 1.870975 -13.470414 -0.306429
v 3.571747 -13.504464 -0.306429
v 2.991514 -13.926025 -0.306429
v 2.936719 -13.856587 -0.306429
v 3.402171 -13.297923 -0.306429
v 2.879271 -13.794346 -0.306429
v 2.810722 -13.732327 -0.306429
v 3.206276 -13.123374 -0.306429
v 2.737471 -13.678321 -0.306429
v 3.295321 -15.004674 -0.306429
v -1.250973 -22.523838 -0.306429
v 1.797541 -21.782513 -0.306429
v 1.956396 -22.523838 -0.306429
v 2.865561 -22.341343 -0.306429
v 2.607228 -21.656996 -0.306429
v 3.105368 -22.208929 -0.306429
v 2.535435 -21.688774 -0.306429
v 2.457548 -21.715376 -0.306429
v 2.594550 -22.440348 -0.306429
v 2.372412 -21.737095 -0.306429
v 2.278871 -21.754215 -0.306429
v 2.291706 -22.502369 -0.306429
v 2.175768 -21.767029 -0.306429
v 2.061950 -21.775824 -0.306429
v 1.936259 -21.780888 -0.306429
v -1.250973 -21.782513 -0.306429
v 3.219917 -20.878862 -0.306429
v 3.247133 -20.781469 -0.306429
v 3.924231 -20.912868 -0.306429
v 3.976131 -20.375505 -0.306429
v 3.963261 -20.646603 -0.306429
v 3.292323 -20.470377 -0.306429
v 3.283309 -20.577227 -0.306429
v 3.268255 -20.680923 -0.306429
v 3.858408 -21.170729 -0.306429
v 3.186581 -20.973104 -0.306429
v 3.147099 -21.064194 -0.306429
v 3.765165 -21.416611 -0.306429
v 3.101445 -21.152132 -0.306429
v 3.643869 -21.646946 -0.306429
v 3.049592 -21.236917 -0.306429
v 2.991514 -21.318552 -0.306429
v 3.493891 -21.858158 -0.306429
v 2.927185 -21.397034 -0.306429
v 2.856578 -21.472364 -0.306429
v 3.314601 -22.046675 -0.306429
v 2.797602 -21.527729 -0.306429
v 2.737156 -21.576763 -0.306429
v 2.674083 -21.619755 -0.306429
v 3.959028 -20.007824 -0.306429
v 3.291614 -20.221859 -0.306429
v 3.280788 -20.090014 -0.306429
v 3.239568 -19.846546 -0.306429
v 3.908646 -19.672527 -0.306429
v 3.263291 -19.964891 -0.306429
v 3.210067 -19.735031 -0.306429
v 3.135516 -19.532698 -0.306429
v 3.713614 -19.098778 -0.306429
v 3.826377 -19.369537 -0.306429
v 3.091359 -19.441984 -0.306429
v 3.043210 -19.358311 -0.306429
v 3.175235 -19.630398 -0.306429
v 1.880751 -18.083447 -0.306429
v 1.752153 -18.824772 -0.306429
v -1.250973 -18.083447 -0.306429
v -1.250973 -18.824772 -0.306429
v 2.576970 -18.948048 -0.306429
v 2.985455 -18.336439 -0.306429
v 2.659545 -18.987530 -0.306429
v 2.741100 -18.225637 -0.306429
v 2.489771 -18.915079 -0.306429
v 2.397977 -18.888126 -0.306429
v 2.474603 -18.146591 -0.306429
v 2.301612 -18.866688 -0.306429
v 2.200703 -18.850267 -0.306429
v 2.187356 -18.099220 -0.306429
v 2.095277 -18.838366 -0.306429
v 1.985359 -18.830481 -0.306429
v 1.870975 -18.826117 -0.306429
v 3.571747 -18.860165 -0.306429
v 2.991514 -19.281727 -0.306429
v 2.936719 -19.212290 -0.306429
v 3.402171 -18.653625 -0.306429
v 2.879272 -19.150047 -0.306429
v 2.810722 -19.088030 -0.306429
v 3.206276 -18.479076 -0.306429
v 2.737471 -19.034023 -0.306429
v 3.295322 -20.360376 -0.306429
f 1 2 3
f 3 2 4
f 3 4 5
f 5 4 6
f 5 6 7
f 7 6 8
f 7 8 9
f 9 8 10
f 9 10 11
f 11 10 12
f 11 12 13
f 13 12 14
f 13 14 15
f 2 1 16
f 16 1 17
f 16 17 18
f 18 17 19
f 18 19 20
f 20 19 21
f 20 21 22
f 22 21 23
f 22 23 24
f 25 26 27
f 27 26 28
f 27 28 29
f 29 28 30
f 29 30 31
f 31 30 32
f 31 32 33
f 33 32 34
f 33 34 35
f 35 34 36
f 35 36 37
f 37 36 38
f 37 38 39
f 26 25 40
f 40 25 41
f 40 41 42
f 42 41 43
f 42 43 44
f 44 43 45
f 44 45 46
f 46 45 47
f 46 47 48
f 49 50 51
f 51 50 52
f 51 52 53
f 53 52 54
f 53 54 55
f 55 54 56
f 55 56 57
f 57 56 58
f 57 58 59
f 59 58 60
f 59 60 61
f 61 60 62
f 61 62 63
f 50 49 64
f 64 49 65
f 64 65 66
f 66 65 67
f 66 67 68
f 68 67 69
f 68 69 70
f 70 69 71
f 70 71 72
f 73 74 75
f 75 74 76
f 75 76 77
f 77 76 78
f 77 78 79
f 79 78 80
f 79 80 81
f 81 80 82
f 81 82 83
f 83 82 84
f 83 84 85
f 85 84 86
f 85 86 87
f 74 73 88
f 88 73 89
f 88 89 90
f 90 89 91
f 90 91 92
f 92 91 93
f 92 93 94
f 94 93 95
f 94 95 96
f 97 98 99
f 99 98 100
f 100 98 101
f 100 101 102
f 103 104 98
f 98 104 101
f 105 106 107
f 107 106 108
f 107 108 109
f 105 110 106
f 106 110 111
f 106 111 112
f 110 113 111
f 111 113 114
f 114 113 115
f 114 115 116
f 114 116 117
f 117 116 118
f 117 118 119
f 119 120 117
f 117 120 121
f 117 121 122
f 122 121 123
f 122 123 124
f 124 125 122
f 122 125 126
f 126 125 127
f 126 127 128
f 128 127 129
f 128 129 130
f 130 129 131
f 130 131 132
f 132 131 133
f 132 133 134
f 134 133 135
f 134 135 136
f 136 135 137
f 136 137 138
f 138 137 139
f 139 137 140
f 139 140 141
f 139 141 142
f 142 141 143
f 142 143 144
f 144 143 145
f 144 145 146
f 144 146 147
f 147 146 148
f 147 148 149
f 149 150 147
f 147 150 151
f 151 150 152
f 151 152 153
f 153 152 154
f 153 154 155
f 155 154 156
f 156 154 106
f 156 106 157
f 157 106 158
f 158 106 159
f 159 106 160
f 160 106 112
f 150 161 152
f 152 161 162
f 152 162 163
f 163 164 152
f 152 164 165
f 152 165 166
f 166 167 152
f 152 167 168
f 152 168 169
f 169 170 152
f 171 172 154
f 154 172 106
f 173 174 175
f 175 174 176
f 176 174 177
f 176 177 178
f 179 180 174
f 174 180 177
f 181 182 183
f 183 182 184
f 183 184 185
f 185 184 186
f 186 184 187
f 186 187 188
f 188 189 186
f 186 189 190
f 186 190 191
f 189 192 190
f 190 192 193
f 193 192 194
f 193 194 195
f 193 195 196
f 196 195 197
f 196 197 198
f 198 197 199
f 198 199 200
f 200 199 201
f 200 201 202
f 200 202 203
f 203 202 204
f 203 204 205
f 205 204 206
f 205 206 207
f 205 207 208
f 208 207 209
f 208 209 210
f 210 209 211
f 210 211 212
f 210 212 213
f 213 212 214
f 213 214 215
f 215 214 216
f 215 216 217
f 217 216 218
f 217 218 219
f 217 219 220
f 220 219 221
f 220 221 222
f 222 221 223
f 222 223 224
f 222 224 225
f 225 224 226
f 225 226 227
f 227 226 228
f 227 228 229
f 227 229 230
f 230 229 231
f 230 231 232
f 232 231 233
f 232 233 234
f 232 234 235
f 235 234 236
f 235 236 237
f 235 237 238
f 238 237 239
f 238 239 186
f 186 239 240
f 186 240 241
f 242 243 241
f 241 243 186
f 185 244 183
f 191 245 186
f 186 245 246
f 186 246 247
f 247 238 186
f 248 249 250
f 250 249 251
f 250 251 252
f 252 251 253
f 252 253 254
f 254 255 252
f 252 255 256
f 256 255 257
f 256 257 258
f 259 260 258
f 258 260 261
f 258 261 256
f 259 262 260
f 260 262 263
f 260 263 264
f 264 265 260
f 260 265 266
f 260 266 267
f 267 268 260
f 260 268 269
f 260 269 270
f 270 269 271
f 268 272 269
f 269 272 273
f 269 273 274
f 274 273 275
f 275 273 276
f 275 276 277
f 277 276 278
f 278 276 279
f 278 279 280
f 280 279 281
f 280 281 282
f 282 281 283
f 282 283 284
f 282 284 285
f 285 284 286
f 285 286 248
f 285 248 250
f 287 288 289
f 289 288 290
f 289 290 291
f 291 292 289
f 289 292 293
f 289 293 294
f 294 295 289
f 289 295 296
f 289 296 297
f 296 295 298
f 298 295 299
f 298 299 300
f 298 300 301
f 301 300 302
f 301 302 303
f 303 304 301
f 301 304 305
f 305 304 306
f 305 306 307
f 305 307 308
f 308 307 309
f 308 309 310
f 308 310 311
f 311 310 312
f 311 312 313
f 311 313 314
f 314 313 315
f 314 315 316
f 316 315 317
f 316 317 318
f 318 317 319
f 318 319 320
f 320 321 318
f 318 321 289
f 318 289 322
f 321 287 289
f 289 323 260
f 260 323 324
f 260 324 261
f 322 325 318
f 326 327 318
f 318 327 328
f 318 328 316
f 329 330 326
f 326 330 331
f 326 331 332
f 332 333 326
f 326 333 334
f 326 334 335
f 335 336 326
f 326 336 337
f 326 337 338
f 339 340 338
f 338 340 326
f 340 341 326
f 326 341 327
f 289 297 342
f 342 297 343
f 342 343 344
f 344 343 345
f 344 345 346
f 346 345 347
f 347 345 348
f 347 348 349
f 349 348 350
f 349 350 351
f 342 323 289
f 324 323 352
f 352 323 353
f 352 353 354
f 354 353 355
f 354 355 356
f 354 356 357
f 357 356 358
f 357 358 359
f 359 358 360
f 275 277 361
f 361 277 362
f 361 362 363
f 363 364 361
f 361 364 365
f 274 366 269
f 269 366 367
f 269 367 368
f 101 369 102
f 102 369 370
f 103 371 104
f 104 371 372
f 152 373 154
f 154 373 374
f 152 170 373
f 373 170 375
f 170 169 375
f 375 169 376
f 375 376 377
f 169 168 376
f 376 168 378
f 378 168 167
f 378 167 379
f 379 167 166
f 379 166 380
f 380 166 165
f 380 165 381
f 381 165 164
f 381 164 382
f 382 164 163
f 382 163 383
f 383 163 162
f 383 162 384
f 384 162 161
f 384 161 385
f 385 161 150
f 385 150 386
f 386 150 149
f 386 149 387
f 149 148 387
f 387 148 388
f 388 148 146
f 388 146 389
f 389 146 145
f 389 145 390
f 390 145 143
f 390 143 391
f 391 143 141
f 391 141 392
f 392 141 140
f 392 140 393
f 393 140 137
f 393 137 394
f 394 137 135
f 394 135 395
f 395 135 133
f 395 133 396
f 396 133 131
f 396 131 397
f 397 131 129
f 397 129 398
f 398 129 127
f 398 127 399
f 399 127 125
f 399 125 400
f 400 125 124
f 400 124 401
f 401 124 123
f 401 123 402
f 402 123 121
f 402 121 403
f 403 121 120
f 403 120 404
f 404 120 119
f 404 119 405
f 405 119 118
f 405 118 406
f 406 118 116
f 406 116 407
f 116 115 407
f 407 115 408
f 407 408 409
f 409 408 410
f 410 408 411
f 410 411 412
f 412 411 413
f 412 413 110
f 110 413 113
f 113 413 414
f 113 414 115
f 115 414 408
f 408 414 413
f 411 408 413
f 177 415 178
f 178 415 416
f 103 98 371
f 371 98 417
f 371 417 418
f 418 417 419
f 418 419 420
f 418 420 421
f 421 420 422
f 421 422 416
f 416 422 176
f 416 176 178
f 179 423 180
f 180 423 424
f 104 372 101
f 101 372 369
f 369 372 425
f 369 425 426
f 426 425 427
f 426 427 428
f 428 427 186
f 428 186 429
f 429 186 243
f 427 425 430
f 430 425 431
f 430 431 432
f 432 431 424
f 424 431 415
f 424 415 180
f 180 415 177
f 432 433 430
f 430 433 106
f 106 433 434
f 106 434 108
f 242 435 243
f 243 435 429
f 240 436 241
f 241 436 437
f 239 237 438
f 438 237 439
f 439 237 236
f 439 236 440
f 440 236 234
f 440 234 441
f 234 233 441
f 441 233 442
f 442 233 231
f 442 231 443
f 443 231 229
f 443 229 444
f 444 229 228
f 444 228 445
f 445 228 226
f 445 226 446
f 446 226 224
f 446 224 447
f 447 224 223
f 447 223 448
f 448 223 221
f 448 221 449
f 449 221 219
f 449 219 450
f 450 219 218
f 450 218 451
f 451 218 216
f 451 216 452
f 452 216 214
f 452 214 453
f 453 214 212
f 453 212 454
f 454 212 211
f 454 211 455
f 455 211 209
f 455 209 456
f 456 209 207
f 456 207 457
f 457 207 206
f 457 206 458
f 458 206 204
f 458 204 459
f 459 204 202
f 459 202 460
f 460 202 201
f 460 201 461
f 342 344 462
f 462 344 463
f 463 344 346
f 463 346 464
f 464 346 347
f 464 347 465
f 347 349 465
f 465 349 466
f 466 349 351
f 466 351 467
f 467 351 350
f 467 350 468
f 468 350 348
f 468 348 469
f 469 348 345
f 469 345 470
f 470 345 343
f 470 343 471
f 471 343 297
f 471 297 472
f 472 297 296
f 472 296 473
f 473 296 298
f 473 298 474
f 474 298 301
f 474 301 475
f 475 301 305
f 475 305 476
f 476 305 308
f 476 308 477
f 477 308 311
f 477 311 478
f 478 311 314
f 478 314 479
f 479 314 316
f 479 316 480
f 480 316 328
f 480 328 481
f 481 328 327
f 481 327 482
f 482 327 341
f 482 341 483
f 483 341 340
f 483 340 484
f 484 340 339
f 484 339 485
f 339 338 485
f 485 338 486
f 486 338 337
f 486 337 487
f 487 337 336
f 487 336 488
f 488 336 335
f 488 335 489
f 489 335 334
f 489 334 490
f 490 334 333
f 490 333 491
f 491 333 332
f 491 332 492
f 492 332 331
f 492 331 493
f 493 331 330
f 493 330 494
f 494 330 495
f 494 495 496
f 330 329 495
f 329 326 495
f 495 326 497
f 318 498 326
f 326 498 497
f 322 499 325
f 325 499 500
f 373 375 374
f 374 375 495
f 374 495 498
f 498 495 497
f 171 154 501
f 501 154 374
f 501 374 498
f 501 498 500
f 500 498 318
f 500 318 325
f 171 501 172
f 172 501 502
f 501 500 502
f 502 500 499
f 495 375 496
f 496 375 377
f 436 503 437
f 437 503 504
f 503 505 504
f 504 505 506
f 505 507 506
f 506 507 508
f 100 508 99
f 99 508 507
f 102 370 100
f 100 370 508
f 508 370 509
f 508 509 506
f 506 509 510
f 506 510 504
f 504 510 437
f 437 510 435
f 437 435 241
f 241 435 242
f 511 512 417
f 417 512 419
f 512 513 419
f 419 513 420
f 513 514 420
f 420 514 422
f 176 422 175
f 175 422 514
f 97 511 98
f 98 511 417
f 515 516 517
f 517 516 518
f 516 519 518
f 518 519 520
f 519 521 520
f 520 521 522
f 107 522 105
f 105 522 521
f 173 515 174
f 174 515 517
f 109 523 107
f 107 523 522
f 522 523 524
f 522 524 520
f 520 524 525
f 520 525 518
f 518 525 517
f 517 525 423
f 517 423 174
f 174 423 179
f 509 370 426
f 426 370 369
f 418 421 425
f 425 421 431
f 421 416 431
f 431 416 415
f 108 434 109
f 109 434 523
f 526 527 528
f 528 527 529
f 529 527 530
f 529 530 531
f 531 530 532
f 531 532 533
f 533 532 534
f 533 534 535
f 535 534 536
f 535 536 537
f 537 536 538
f 537 538 539
f 539 538 540
f 539 540 541
f 541 540 542
f 541 542 543
f 543 542 544
f 543 544 545
f 545 544 546
f 545 546 547
f 547 546 548
f 547 548 549
f 549 548 550
f 549 550 551
f 551 550 552
f 551 552 553
f 553 552 554
f 553 554 555
f 554 556 555
f 555 556 557
f 558 559 560
f 560 559 561
f 561 559 562
f 561 562 563
f 563 562 564
f 563 564 565
f 565 564 566
f 565 566 567
f 567 566 568
f 567 568 569
f 569 568 570
f 569 570 571
f 571 570 572
f 571 572 573
f 573 572 574
f 573 574 575
f 575 574 576
f 575 576 577
f 577 576 578
f 577 578 579
f 579 578 580
f 579 580 581
f 581 580 582
f 581 582 583
f 583 582 584
f 583 584 585
f 585 584 586
f 585 586 587
f 342 588 323
f 323 588 526
f 323 526 589
f 589 526 528
f 462 586 342
f 342 586 590
f 342 590 588
f 588 590 591
f 591 590 592
f 462 587 586
f 593 594 595
f 595 594 596
f 596 594 597
f 596 597 598
f 598 597 599
f 598 599 600
f 600 599 601
f 600 601 602
f 602 601 603
f 602 603 604
f 604 603 605
f 604 605 606
f 606 605 607
f 606 607 608
f 608 607 609
f 608 609 610
f 610 609 611
f 610 611 612
f 612 611 613
f 612 613 614
f 614 613 615
f 614 615 616
f 616 615 617
f 616 617 618
f 618 617 619
f 618 619 620
f 620 619 621
f 620 621 622
f 621 623 622
f 622 623 624
f 625 626 627
f 627 626 628
f 628 626 629
f 628 629 630
f 630 629 631
f 630 631 632
f 632 631 633
f 632 633 634
f 634 633 635
f 634 635 636
f 636 635 637
f 636 637 638
f 638 637 639
f 638 639 640
f 640 639 641
f 640 641 642
f 642 641 643
f 642 643 644
f 644 643 645
f 644 645 646
f 646 645 647
f 646 647 648
f 648 647 649
f 648 649 650
f 650 649 651
f 650 651 652
f 652 651 653
f 652 653 654
f 97 99 511
f 511 99 507
f 511 507 512
f 512 507 505
f 512 505 655
f 655 505 503
f 655 503 653
f 653 503 239
f 653 239 438
f 503 436 239
f 239 436 240
f 438 654 653
f 656 657 655
f 655 657 658
f 655 658 512
f 512 658 513
f 513 658 516
f 513 516 514
f 514 516 515
f 514 515 175
f 175 515 173
f 516 658 519
f 519 658 593
f 519 593 110
f 110 593 412
f 412 593 595
f 105 521 110
f 110 521 519
f 659 660 661
f 661 660 662
f 662 660 663
f 662 663 664
f 664 663 665
f 664 665 666
f 666 665 667
f 666 667 668
f 668 667 669
f 668 669 670
f 670 669 588
f 670 588 591
f 590 671 592
f 592 671 672
f 672 671 673
f 672 673 674
f 674 673 675
f 674 675 676
f 676 675 677
f 676 677 678
f 678 677 679
f 678 679 680
f 680 679 681
f 680 681 682
f 681 683 682
f 682 683 684
f 685 686 687
f 687 686 688
f 688 686 689
f 688 689 690
f 690 689 691
f 690 691 692
f 692 691 693
f 692 693 694
f 694 693 695
f 694 695 696
f 696 695 658
f 696 658 657
f 655 697 656
f 656 697 698
f 698 697 699
f 698 699 700
f 700 699 701
f 700 701 702
f 702 701 703
f 702 703 704
f 704 703 705
f 704 705 706
f 706 705 707
f 706 707 708
f 707 709 708
f 708 709 710
f 356 355 711
f 711 355 712
f 712 355 353
f 712 353 713
f 713 353 323
f 713 323 589
f 201 199 461
f 461 199 714
f 714 199 197
f 714 197 715
f 715 197 195
f 715 195 716
f 716 195 194
f 716 194 717
f 717 194 192
f 717 192 718
f 718 192 189
f 718 189 719
f 719 189 188
f 719 188 720
f 720 188 187
f 720 187 721
f 721 187 184
f 721 184 722
f 722 184 182
f 722 182 723
f 181 724 182
f 182 724 723
f 723 724 725
f 725 724 726
f 368 367 727
f 727 367 728
f 727 728 729
f 366 730 367
f 367 730 731
f 367 731 728
f 730 366 732
f 732 366 274
f 732 274 733
f 733 274 275
f 733 275 734
f 734 275 735
f 735 275 361
f 735 361 736
f 736 361 365
f 727 729 737
f 737 729 738
f 737 738 739
f 739 738 740
f 739 740 726
f 726 740 725
f 365 364 736
f 736 364 741
f 741 364 363
f 741 363 742
f 742 363 362
f 742 362 743
f 743 362 277
f 743 277 744
f 744 277 278
f 744 278 745
f 745 278 280
f 745 280 746
f 746 280 282
f 746 282 747
f 747 282 285
f 747 285 748
f 748 285 250
f 748 250 749
f 749 250 252
f 749 252 750
f 750 252 256
f 750 256 751
f 751 256 261
f 751 261 752
f 752 261 324
f 752 324 753
f 753 324 352
f 753 352 754
f 754 352 354
f 754 354 755
f 755 354 357
f 755 357 756
f 756 357 359
f 756 359 757
f 757 359 360
f 757 360 758
f 758 360 358
f 758 358 759
f 759 358 356
f 759 356 711
f 435 510 429
f 429 510 428
f 510 509 428
f 428 509 426
f 371 418 372
f 372 418 425
f 525 524 432
f 432 524 433
f 524 523 433
f 433 523 434
f 423 525 424
f 424 525 432
f 724 760 726
f 726 760 761
f 726 761 739
f 739 761 737
f 737 761 727
f 183 760 181
f 181 760 724
f 368 727 269
f 269 727 761
f 244 762 183
f 183 762 760
f 760 762 763
f 760 763 761
f 761 763 269
f 269 763 271
f 185 764 244
f 244 764 762
f 765 766 767
f 767 766 768
f 767 768 769
f 769 768 770
f 769 770 771
f 771 770 772
f 771 772 773
f 773 772 774
f 773 774 775
f 775 774 776
f 775 776 777
f 777 776 778
f 777 778 779
f 766 765 780
f 780 765 781
f 780 781 782
f 782 781 783
f 782 783 784
f 784 783 785
f 784 785 786
f 786 785 787
f 786 787 788
f 789 790 791
f 791 790 792
f 791 792 793
f 793 792 794
f 793 794 795
f 795 794 796
f 795 796 797
f 797 796 798
f 797 798 799
f 799 798 800
f 799 800 801
f 801 800 802
f 801 802 803
f 790 789 804
f 804 789 805
f 804 805 806
f 806 805 807
f 806 807 808
f 808 807 809
f 808 809 810
f 810 809 811
f 810 811 812
f 813 814 815
f 815 814 816
f 815 816 817
f 814 813 818
f 818 813 819
f 818 819 820
f 820 819 821
f 820 821 822
f 822 821 823
f 823 821 824
f 823 824 825
f 825 824 826
f 825 826 827
f 827 826 828
f 827 828 829
f 829 828 830
f 829 830 831
f 831 830 832
f 832 830 833
f 832 833 834
f 834 833 835
f 834 835 836
f 836 835 837
f 836 837 838
f 838 837 839
f 839 837 840
f 839 840 841
f 841 840 842
f 841 842 843
f 843 842 844
f 843 844 845
f 845 844 846
f 845 846 847
f 847 846 848
f 848 846 849
f 848 849 850
f 850 849 851
f 850 851 852
f 852 851 853
f 852 853 854
f 854 853 855
f 855 853 856
f 855 856 857
f 857 856 858
f 857 858 859
f 859 858 860
f 859 860 861
f 861 860 862
f 861 862 863
f 863 862 864
f 864 862 865
f 864 865 866
f 866 865 867
f 866 867 817
f 817 867 815
f 814 868 816
f 816 868 869
f 816 869 817
f 817 869 870
f 817 870 866
f 866 870 871
f 866 871 864
f 864 871 872
f 864 872 863
f 863 872 873
f 863 873 861
f 861 873 874
f 861 874 859
f 859 874 875
f 859 875 857
f 857 875 876
f 857 876 855
f 855 876 877
f 855 877 854
f 854 877 878
f 854 878 852
f 852 878 879
f 852 879 850
f 850 879 880
f 850 880 848
f 848 880 881
f 848 881 847
f 847 881 882
f 847 882 845
f 845 882 883
f 845 883 843
f 843 883 884
f 843 884 841
f 841 884 885
f 841 885 839
f 839 885 886
f 839 886 838
f 838 886 887
f 838 887 836
f 836 887 888
f 836 888 834
f 834 888 889
f 834 889 832
f 832 889 890
f 832 890 831
f 831 890 891
f 831 891 829
f 829 891 892
f 829 892 827
f 827 892 893
f 827 893 825
f 825 893 894
f 825 894 823
f 823 894 895
f 823 895 822
f 822 895 896
f 822 896 820
f 820 896 897
f 820 897 818
f 818 897 898
f 818 898 814
f 814 898 868
f 867 765 815
f 815 765 767
f 815 767 813
f 813 767 769
f 813 769 819
f 819 769 771
f 819 771 821
f 821 771 773
f 821 773 824
f 824 773 775
f 824 775 826
f 826 775 777
f 826 777 828
f 828 777 779
f 828 779 830
f 830 779 778
f 830 778 833
f 833 778 776
f 833 776 835
f 835 776 774
f 835 774 837
f 837 774 772
f 837 772 840
f 840 772 770
f 840 770 842
f 842 770 768
f 842 768 844
f 844 768 766
f 844 766 846
f 846 766 780
f 846 780 849
f 849 780 782
f 849 782 851
f 851 782 784
f 851 784 853
f 853 784 786
f 853 786 856
f 856 786 788
f 856 788 858
f 858 788 787
f 858 787 860
f 860 787 785
f 860 785 862
f 862 785 783
f 862 783 865
f 865 783 781
f 865 781 867
f 867 781 765
f 899 900 901
f 901 900 902
f 901 902 903
f 903 902 904
f 903 904 905
f 905 904 906
f 905 906 907
f 907 906 908
f 907 908 909
f 909 908 910
f 909 910 911
f 911 910 912
f 911 912 913
f 900 899 914
f 914 899 915
f 914 915 916
f 916 915 917
f 916 917 918
f 918 917 919
f 918 919 920
f 920 919 921
f 920 921 922
f 923 924 925
f 925 924 926
f 925 926 927
f 924 923 928
f 928 923 929
f 928 929 930
f 930 929 931
f 930 931 932
f 932 931 933
f 933 931 934
f 933 934 935
f 935 934 936
f 935 936 937
f 937 936 938
f 937 938 939
f 939 938 940
f 939 940 941
f 941 940 942
f 942 940 943
f 942 943 944
f 944 943 945
f 944 945 946
f 946 945 947
f 946 947 948
f 948 947 949
f 949 947 950
f 949 950 951
f 951 950 952
f 951 952 953
f 953 952 954
f 953 954 955
f 955 954 956
f 955 956 957
f 957 956 958
f 958 956 959
f 958 959 960
f 960 959 961
f 960 961 962
f 962 961 963
f 962 963 964
f 964 963 965
f 965 963 966
f 965 966 967
f 967 966 968
f 967 968 969
f 969 968 970
f 969 970 971
f 971 970 972
f 971 972 973
f 973 972 974
f 974 972 975
f 974 975 976
f 976 975 977
f 976 977 927
f 927 977 925
f 924 978 926
f 926 978 979
f 926 979 927
f 927 979 980
f 927 980 976
f 976 980 981
f 976 981 974
f 974 981 982
f 974 982 973
f 973 982 983
f 973 983 971
f 971 983 984
f 971 984 969
f 969 984 985
f 969 985 967
f 967 985 986
f 967 986 965
f 965 986 987
f 965 987 964
f 964 987 988
f 964 988 962
f 962 988 989
f 962 989 960
f 960 989 990
f 960 990 958
f 958 990 991
f 958 991 957
f 957 991 992
f 957 992 955
f 955 992 993
f 955 993 953
f 953 993 994
f 953 994 951
f 951 994 995
f 951 995 949
f 949 995 996
f 949 996 948
f 948 996 997
f 948 997 946
f 946 997 998
f 946 998 944
f 944 998 999
f 944 999 942
f 942 999 1000
f 942 1000 941
f 941 1000 1001
f 941 1001 939
f 939 1001 1002
f 939 1002 937
f 937 1002 1003
f 937 1003 935
f 935 1003 1004
f 935 1004 933
f 933 1004 1005
f 933 1005 932
f 932 1005 1006
f 932 1006 930
f 930 1006 1007
f 930 1007 928
f 928 1007 1008
f 928 1008 924
f 924 1008 978
f 977 789 925
f 925 789 791
f 925 791 923
f 923 791 793
f 923 793 929
f 929 793 795
f 929 795 931
f 931 795 797
f 931 797 934
f 934 797 799
f 934 799 936
f 936 799 801
f 936 801 938
f 938 801 803
f 938 803 940
f 940 803 802
f 940 802 943
f 943 802 800
f 943 800 945
f 945 800 798
f 945 798 947
f 947 798 796
f 947 796 950
f 950 796 794
f 950 794 952
f 952 794 792
f 952 792 954
f 954 792 790
f 954 790 956
f 956 790 804
f 956 804 959
f 959 804 806
f 959 806 961
f 961 806 808
f 961 808 963
f 963 808 810
f 963 810 966
f 966 810 812
f 966 812 968
f 968 812 811
f 968 811 970
f 970 811 809
f 970 809 972
f 972 809 807
f 972 807 975
f 975 807 805
f 975 805 977
f 977 805 789
f 1009 1010 1011
f 1011 1010 1012
f 1011 1012 1013
f 1013 1012 1014
f 1013 1014 1015
f 1015 1014 1016
f 1015 1016 1017
f 1017 1016 1018
f 1017 1018 1019
f 1019 1018 1020
f 1019 1020 1021
f 1021 1020 1022
f 1021 1022 1023
f 1010 1009 1024
f 1024 1009 1025
f 1024 1025 1026
f 1026 1025 1027
f 1026 1027 1028
f 1028 1027 1029
f 1028 1029 1030
f 1030 1029 1031
f 1030 1031 1032
f 1033 1034 1035
f 1035 1034 1036
f 1035 1036 1037
f 1034 1033 1038
f 1038 1033 1039
f 1038 1039 1040
f 1040 1039 1041
f 1040 1041 1042
f 1042 1041 1043
f 1043 1041 1044
f 1043 1044 1045
f 1045 1044 1046
f 1045 1046 1047
f 1047 1046 1048
f 1047 1048 1049
f 1049 1048 1050
f 1049 1050 1051
f 1051 1050 1052
f 1052 1050 1053
f 1052 1053 1054
f 1054 1053 1055
f 1054 1055 1056
f 1056 1055 1057
f 1056 1057 1058
f 1058 1057 1059
f 1059 1057 1060
f 1059 1060 1061
f 1061 1060 1062
f 1061 1062 1063
f 1063 1062 1064
f 1063 1064 1065
f 1065 1064 1066
f 1065 1066 1067
f 1067 1066 1068
f 1068 1066 1069
f 1068 1069 1070
f 1070 1069 1071
f 1070 1071 1072
f 1072 1071 1073
f 1072 1073 1074
f 1074 1073 1075
f 1075 1073 1076
f 1075 1076 1077
f 1077 1076 1078
f 1077 1078 1079
f 1079 1078 1080
f 1079 1080 1081
f 1081 1080 1082
f 1081 1082 1083
f 1083 1082 1084
f 1084 1082 1085
f 1084 1085 1086
f 1086 1085 1087
f 1086 1087 1037
f 1037 1087 1035
f 1034 1088 1036
f 1036 1088 1089
f 1036 1089 1037
f 1037 1089 1090
f 1037 1090 1086
f 1086 1090 1091
f 1086 1091 1084
f 1084 1091 1092
f 1084 1092 1083
f 1083 1092 1093
f 1083 1093 1081
f 1081 1093 1094
f 1081 1094 1079
f 1079 1094 1095
f 1079 1095 1077
f 1077 1095 1096
f 1077 1096 1075
f 1075 1096 1097
f 1075 1097 1074
f 1074 1097 1098
f 1074 1098 1072
f 1072 1098 1099
f 1072 1099 1070
f 1070 1099 1100
f 1070 1100 1068
f 1068 1100 1101
f 1068 1101 1067
f 1067 1101 1102
f 1067 1102 1065
f 1065 1102 1103
f 1065 1103 1063
f 1063 1103 1104
f 1063 1104 1061
f 1061 1104 1105
f 1061 1105 1059
f 1059 1105 1106
f 1059 1106 1058
f 1058 1106 1107
f 1058 1107 1056
f 1056 1107 1108
f 1056 1108 1054
f 1054 1108 1109
f 1054 1109 1052
f 1052 1109 1110
f 1052 1110 1051
f 1051 1110 1111
f 1051 1111 1049
f 1049 1111 1112
f 1049 1112 1047
f 1047 1112 1113
f 1047 1113 1045
f 1045 1113 1114
f 1045 1114 1043
f 1043 1114 1115
f 1043 1115 1042
f 1042 1115 1116
f 1042 1116 1040
f 1040 1116 1117
f 1040 1117 1038
f 1038 1117 1118
f 1038 1118 1034
f 1034 1118 1088
f 1087 899 1035
f 1035 899 901
f 1035 901 1033
f 1033 901 903
f 1033 903 1039
f 1039 903 905
f 1039 905 1041
f 1041 905 907
f 1041 907 1044
f 1044 907 909
f 1044 909 1046
f 1046 909 911
f 1046 911 1048
f 1048 911 913
f 1048 913 1050
f 1050 913 912
f 1050 912 1053
f 1053 912 910
f 1053 910 1055
f 1055 910 908
f 1055 908 1057
f 1057 908 906
f 1057 906 1060
f 1060 906 904
f 1060 904 1062
f 1062 904 902
f 1062 902 1064
f 1064 902 900
f 1064 900 1066
f 1066 900 914
f 1066 914 1069
f 1069 914 916
f 1069 916 1071
f 1071 916 918
f 1071 918 1073
f 1073 918 920
f 1073 920 1076
f 1076 920 922
f 1076 922 1078
f 1078 922 921
f 1078 921 1080
f 1080 921 919
f 1080 919 1082
f 1082 919 917
f 1082 917 1085
f 1085 917 915
f 1085 915 1087
f 1087 915 899
f 1119 1120 1121
f 1121 1120 1122
f 1121 1122 1123
f 1120 1119 1124
f 1124 1119 1125
f 1124 1125 1126
f 1126 1125 1127
f 1126 1127 1128
f 1128 1127 1129
f 1129 1127 1130
f 1129 1130 1131
f 1131 1130 1132
f 1131 1132 1133
f 1133 1132 1134
f 1133 1134 1135
f 1135 1134 1136
f 1135 1136 1137
f 1137 1136 1138
f 1138 1136 1139
f 1138 1139 1140
f 1140 1139 1141
f 1140 1141 1142
f 1142 1141 1143
f 1142 1143 1144
f 1144 1143 1145
f 1145 1143 1146
f 1145 1146 1147
f 1147 1146 1148
f 1147 1148 1149
f 1149 1148 1150
f 1149 1150 1151
f 1151 1150 1152
f 1151 1152 1153
f 1153 1152 1154
f 1154 1152 1155
f 1154 1155 1156
f 1156 1155 1157
f 1156 1157 1158
f 1158 1157 1159
f 1158 1159 1160
f 1160 1159 1161
f 1161 1159 1162
f 1161 1162 1163
f 1163 1162 1164
f 1163 1164 1165
f 1165 1164 1166
f 1165 1166 1167
f 1167 1166 1168
f 1167 1168 1169
f 1169 1168 1170
f 1170 1168 1171
f 1170 1171 1172
f 1172 1171 1173
f 1172 1173 1123
f 1123 1173 1121
f 1120 1174 1122
f 1122 1174 1175
f 1122 1175 1123
f 1123 1175 1176
f 1123 1176 1172
f 1172 1176 1177
f 1172 1177 1170
f 1170 1177 1178
f 1170 1178 1169
f 1169 1178 1179
f 1169 1179 1167
f 1167 1179 1180
f 1167 1180 1165
f 1165 1180 1181
f 1165 1181 1163
f 1163 1181 1182
f 1163 1182 1161
f 1161 1182 1183
f 1161 1183 1160
f 1160 1183 1184
f 1160 1184 1158
f 1158 1184 1185
f 1158 1185 1156
f 1156 1185 1186
f 1156 1186 1154
f 1154 1186 1187
f 1154 1187 1153
f 1153 1187 1188
f 1153 1188 1151
f 1151 1188 1189
f 1151 1189 1149
f 1149 1189 1190
f 1149 1190 1147
f 1147 1190 1191
f 1147 1191 1145
f 1145 1191 1192
f 1145 1192 1144
f 1144 1192 1193
f 1144 1193 1142
f 1142 1193 1194
f 1142 1194 1140
f 1140 1194 1195
f 1140 1195 1138
f 1138 1195 1196
f 1138 1196 1137
f 1137 1196 1197
f 1137 1197 1135
f 1135 1197 1198
f 1135 1198 1133
f 1133 1198 1199
f 1133 1199 1131
f 1131 1199 1200
f 1131 1200 1129
f 1129 1200 1201
f 1129 1201 1128
f 1128 1201 1202
f 1128 1202 1126
f 1126 1202 1203
f 1126 1203 1124
f 1124 1203 1204
f 1124 1204 1120
f 1120 1204 1174
f 1173 1009 1121
f 1121 1009 1011
f 1121 1011 1119
f 1119 1011 1013
f 1119 1013 1125
f 1125 1013 1015
f 1125 1015 1127
f 1127 1015 1017
f 1127 1017 1130
f 1130 1017 1019
f 1130 1019 1132
f 1132 1019 1021
f 1132 1021 1134
f 1134 1021 1023
f 1134 1023 1136
f 1136 1023 1022
f 1136 1022 1139
f 1139 1022 1020
f 1139 1020 1141
f 1141 1020 1018
f 1141 1018 1143
f 1143 1018 1016
f 1143 1016 1146
f 1146 1016 1014
f 1146 1014 1148
f 1148 1014 1012
f 1148 1012 1150
f 1150 1012 1010
f 1150 1010 1152
f 1152 1010 1024
f 1152 1024 1155
f 1155 1024 1026
f 1155 1026 1157
f 1157 1026 1028
f 1157 1028 1159
f 1159 1028 1030
f 1159 1030 1162
f 1162 1030 1032
f 1162 1032 1164
f 1164 1032 1031
f 1164 1031 1166
f 1166 1031 1029
f 1166 1029 1168
f 1168 1029 1027
f 1168 1027 1171
f 1171 1027 1025
f 1171 1025 1173
f 1173 1025 1009
f 427 980 1205
f 1205 980 979
f 1205 979 978
f 430 1096 427
f 427 1096 1184
f 427 1184 1183
f 1206 884 430
f 430 884 1105
f 430 1105 1104
f 1205 893 1206
f 1206 893 892
f 1206 892 891
f 1176 1175 427
f 427 1175 1174
f 427 1174 980
f 980 1174 981
f 981 1174 1204
f 981 1204 982
f 982 1204 1203
f 982 1203 983
f 983 1203 1202
f 983 1202 984
f 984 1202 1201
f 984 1201 985
f 985 1201 1200
f 985 1200 986
f 986 1200 1199
f 986 1199 987
f 987 1199 1198
f 987 1198 1197
f 987 1197 988
f 988 1197 1196
f 988 1196 989
f 989 1196 1195
f 989 1195 990
f 874 1115 875
f 875 1115 1114
f 875 1114 876
f 876 1114 1113
f 876 1113 877
f 877 1113 1112
f 877 1112 1111
f 1115 1195 1116
f 1116 1195 1194
f 1116 1194 1117
f 1117 1194 1193
f 1117 1193 1118
f 1118 1193 1192
f 1118 1192 1088
f 1088 1192 1191
f 1088 1191 1089
f 1089 1191 1190
f 1089 1190 1090
f 1090 1190 1189
f 1090 1189 1091
f 1091 1189 1188
f 1091 1188 1092
f 1092 1188 1187
f 1092 1187 1093
f 1093 1187 1186
f 1093 1186 1094
f 1094 1186 1185
f 1094 1185 1095
f 1095 1185 1184
f 1095 1184 1096
f 1183 1182 427
f 427 1182 1181
f 427 1181 1180
f 1180 1179 427
f 427 1179 1178
f 427 1178 1177
f 1177 1176 427
f 978 1008 1205
f 1205 1008 1007
f 1205 1007 1006
f 1006 1005 1205
f 1205 1005 1004
f 1205 1004 1003
f 1003 1002 1205
f 1205 1002 1001
f 1205 1001 893
f 893 1001 894
f 894 1001 1000
f 894 1000 895
f 895 1000 999
f 895 999 896
f 896 999 998
f 896 998 897
f 897 998 997
f 897 997 898
f 898 997 996
f 898 996 868
f 868 996 995
f 868 995 869
f 869 995 994
f 869 994 870
f 870 994 993
f 870 993 871
f 871 993 992
f 871 992 872
f 872 992 991
f 872 991 873
f 873 991 990
f 873 990 874
f 891 890 1206
f 1206 890 889
f 1206 889 888
f 888 887 1206
f 1206 887 886
f 1206 886 885
f 885 884 1206
f 884 883 1105
f 1105 883 1106
f 1106 883 882
f 1106 882 1107
f 1107 882 881
f 1107 881 1108
f 1108 881 880
f 1108 880 1109
f 1109 880 879
f 1109 879 1110
f 1110 879 878
f 1110 878 1111
f 1111 878 877
f 1104 1103 430
f 430 1103 1102
f 430 1102 1101
f 1101 1100 430
f 430 1100 1099
f 430 1099 1098
f 1098 1097 430
f 430 1097 1096
f 289 260 1206
f 1206 260 1205
f 172 502 106
f 106 502 430
f 430 502 499
f 430 499 1206
f 1206 499 289
f 289 499 322
f 1207 1208 1209
f 1209 1208 1210
f 1209 1210 1211
f 1211 1210 1212
f 1211 1212 1213
f 1213 1212 1214
f 1213 1214 1215
f 1215 1214 1216
f 1215 1216 1217
f 1217 1216 1218
f 1218 1216 1219
f 1218 1219 1220
f 1220 1219 1221
f 1220 1221 1222
f 1222 1221 1223
f 1223 1221 1224
f 1224 1221 1225
f 1225 1221 1226
f 1225 1226 1227
f 1227 1226 1228
f 1228 1226 1229
f 1229 1226 1230
f 1230 1226 1231
f 1230 1231 1232
f 1232 1231 1233
f 1232 1233 1234
f 1234 1235 1232
f 1232 1235 1236
f 1232 1236 1237
f 1232 1237 659
f 659 1237 1238
f 659 1238 1239
f 1239 1240 659
f 659 1240 1241
f 659 1241 548
f 548 1241 550
f 550 1241 1242
f 550 1242 552
f 552 1242 554
f 554 1242 1243
f 554 1243 1244
f 554 1244 556
f 556 1244 1245
f 556 1245 1246
f 1247 1248 1246
f 1246 1248 1249
f 1246 1249 556
f 1248 1247 1250
f 1250 1247 1251
f 1250 1251 1252
f 1252 1251 1207
f 1252 1207 1209
f 548 546 659
f 659 546 544
f 659 544 542
f 542 540 659
f 659 540 538
f 659 538 536
f 659 536 660
f 660 536 534
f 660 534 663
f 663 534 532
f 663 532 665
f 665 532 530
f 665 530 667
f 667 530 527
f 667 527 669
f 669 527 588
f 588 527 526
f 1253 1254 1255
f 1255 1254 1256
f 1255 1256 1257
f 1257 1256 1258
f 1257 1258 1259
f 1259 1258 1260
f 1259 1260 1261
f 1261 1260 1262
f 1262 1260 1263
f 1262 1263 1264
f 1264 1263 1265
f 1264 1265 1266
f 1264 1266 625
f 625 1266 1267
f 625 1267 1268
f 1269 631 1268
f 1268 631 629
f 1268 629 626
f 631 1269 707
f 707 1269 1270
f 707 1270 1271
f 1271 1272 707
f 707 1272 1273
f 707 1273 709
f 709 1273 1274
f 709 1274 1275
f 1275 1276 709
f 709 1276 1277
f 709 1277 1278
f 709 1278 1279
f 1279 1278 1280
f 1279 1280 1281
f 1281 1280 1282
f 1282 1280 1283
f 1283 1280 1284
f 1284 1280 1285
f 1284 1285 1286
f 1286 1285 1287
f 1287 1285 1288
f 1288 1285 1289
f 1289 1285 1290
f 1289 1290 1291
f 1291 1290 1292
f 1291 1292 1293
f 1293 1292 1294
f 1293 1294 1295
f 1295 1294 1296
f 1296 1294 1297
f 1296 1297 1298
f 1298 1297 1253
f 1298 1253 1255
f 705 643 707
f 707 643 641
f 707 641 639
f 643 705 645
f 645 705 703
f 645 703 647
f 647 703 701
f 647 701 649
f 649 701 699
f 649 699 651
f 651 699 697
f 651 697 653
f 653 697 655
f 639 637 707
f 707 637 635
f 707 635 633
f 633 631 707
f 626 625 1268
f 1299 683 1300
f 1300 683 681
f 1300 681 1301
f 1301 681 1302
f 1302 681 1303
f 1303 681 1304
f 1304 681 564
f 1304 564 1305
f 1305 564 562
f 1305 562 559
f 1299 1306 683
f 683 1306 1307
f 683 1307 1308
f 1308 1309 683
f 683 1309 1310
f 1310 1309 1311
f 1310 1311 1312
f 1312 1311 1313
f 1313 1311 1314
f 1314 1311 1315
f 1315 1311 1316
f 1315 1316 1317
f 1317 1316 1318
f 1318 1316 1319
f 1319 1316 1320
f 1320 1316 1321
f 1320 1321 1322
f 1322 1321 1323
f 1322 1323 1324
f 1324 1323 1325
f 1324 1325 1326
f 1326 1325 1327
f 1327 1325 1328
f 1327 1328 1329
f 1329 1328 1330
f 1329 1330 1331
f 1331 1330 1332
f 1331 1332 1333
f 1331 1333 1334
f 1334 1333 1335
f 1334 1335 1336
f 1336 1335 1337
f 1336 1337 1338
f 1338 1337 1339
f 1339 1337 1340
f 1339 1340 1341
f 1341 1340 1342
f 1341 1342 1343
f 1341 1343 558
f 558 1343 1344
f 558 1344 1305
f 679 576 681
f 681 576 574
f 681 574 572
f 576 679 578
f 578 679 677
f 578 677 580
f 580 677 675
f 580 675 582
f 582 675 673
f 582 673 584
f 584 673 671
f 584 671 586
f 586 671 590
f 572 570 681
f 681 570 568
f 681 568 566
f 566 564 681
f 559 558 1305
f 1345 685 1346
f 1346 685 1347
f 1346 1347 1348
f 1348 1347 1349
f 1349 1347 1350
f 1350 1347 1351
f 1351 1347 1352
f 1352 1347 1353
f 1352 1353 1354
f 1354 1353 1355
f 1354 1355 1356
f 1345 1357 685
f 685 1357 1358
f 685 1358 1359
f 685 1359 615
f 615 1359 1360
f 615 1360 617
f 617 1360 619
f 619 1360 621
f 621 1360 1361
f 621 1361 1362
f 621 1362 623
f 623 1362 1363
f 623 1363 1364
f 623 1364 1365
f 1365 1364 1366
f 1365 1366 1367
f 1367 1366 1368
f 1368 1366 1369
f 1368 1369 1370
f 1370 1369 1371
f 1370 1371 1372
f 1372 1371 1373
f 1372 1373 1374
f 1372 1374 1375
f 1375 1374 1376
f 1375 1376 1377
f 1377 1376 1378
f 1377 1378 1379
f 1379 1378 1380
f 1380 1378 1381
f 1380 1381 1382
f 1382 1381 1383
f 1382 1383 1384
f 1384 1383 1385
f 1384 1385 1386
f 1386 1385 1387
f 1387 1385 1388
f 1388 1385 1389
f 1389 1385 1354
f 1389 1354 1390
f 1390 1354 1356
f 593 658 594
f 594 658 695
f 594 695 693
f 594 693 597
f 597 693 691
f 597 691 599
f 599 691 689
f 599 689 601
f 601 689 686
f 601 686 603
f 603 686 685
f 603 685 605
f 605 685 607
f 607 685 609
f 609 685 611
f 611 685 613
f 613 685 615
f 1301 1391 1300
f 1300 1391 1392
f 1300 1392 1299
f 1299 1392 1393
f 1299 1393 1306
f 1306 1393 1394
f 1306 1394 1307
f 1307 1394 1395
f 1307 1395 1308
f 1308 1395 1396
f 1308 1396 1309
f 1309 1396 1397
f 1309 1397 1311
f 1311 1397 1398
f 1311 1398 1316
f 1316 1398 1399
f 1316 1399 1321
f 1321 1399 1400
f 1321 1400 1323
f 1323 1400 1401
f 1323 1401 1325
f 1325 1401 1402
f 1325 1402 1328
f 1328 1402 1403
f 1328 1403 1330
f 1330 1403 1404
f 1330 1404 1332
f 1332 1404 1405
f 1332 1405 1333
f 1333 1405 1406
f 1333 1406 1335
f 1335 1406 1407
f 1335 1407 1337
f 1337 1407 1408
f 1337 1408 1340
f 1340 1408 1409
f 1340 1409 1342
f 1342 1409 1410
f 1342 1410 1343
f 1343 1410 1411
f 1343 1411 1344
f 1344 1411 1412
f 1344 1412 1305
f 1305 1412 1413
f 1305 1413 1304
f 1304 1413 1414
f 1304 1414 1303
f 1303 1414 1415
f 1303 1415 1302
f 1302 1415 1416
f 1302 1416 1301
f 1301 1416 1391
f 1417 1418 1341
f 1341 1418 1339
f 1339 1418 1419
f 1339 1419 1338
f 1338 1419 1420
f 1338 1420 1336
f 1336 1420 1421
f 1336 1421 1334
f 1334 1421 1422
f 1334 1422 1331
f 1331 1422 1423
f 1331 1423 1329
f 1329 1423 1424
f 1329 1424 1327
f 1327 1424 1425
f 1327 1425 1326
f 1326 1425 1426
f 1326 1426 1324
f 1324 1426 1427
f 1324 1427 1322
f 1322 1427 1428
f 1322 1428 1320
f 1320 1428 1429
f 1320 1429 1319
f 1319 1429 1430
f 1319 1430 1318
f 1318 1430 1431
f 1318 1431 1317
f 1317 1431 1432
f 1317 1432 1315
f 1315 1432 1433
f 1315 1433 1314
f 1314 1433 1434
f 1314 1434 1313
f 1313 1434 1435
f 1313 1435 1312
f 1312 1435 1436
f 1312 1436 1310
f 1310 1436 684
f 1310 684 683
f 560 1417 558
f 558 1417 1341
f 1348 1437 1346
f 1346 1437 1438
f 1346 1438 1345
f 1345 1438 1439
f 1345 1439 1357
f 1357 1439 1440
f 1357 1440 1358
f 1358 1440 1441
f 1358 1441 1359
f 1359 1441 1442
f 1359 1442 1360
f 1360 1442 1443
f 1360 1443 1361
f 1361 1443 1444
f 1361 1444 1362
f 1362 1444 1445
f 1362 1445 1363
f 1363 1445 1446
f 1363 1446 1364
f 1364 1446 1447
f 1364 1447 1366
f 1366 1447 1448
f 1366 1448 1369
f 1369 1448 1449
f 1369 1449 1371
f 1371 1449 1450
f 1371 1450 1373
f 1373 1450 1451
f 1373 1451 1374
f 1374 1451 1452
f 1374 1452 1376
f 1376 1452 1453
f 1376 1453 1378
f 1378 1453 1454
f 1378 1454 1381
f 1381 1454 1455
f 1381 1455 1383
f 1383 1455 1456
f 1383 1456 1385
f 1385 1456 1457
f 1385 1457 1354
f 1354 1457 1458
f 1354 1458 1352
f 1352 1458 1459
f 1352 1459 1351
f 1351 1459 1460
f 1351 1460 1350
f 1350 1460 1461
f 1350 1461 1349
f 1349 1461 1462
f 1349 1462 1348
f 1348 1462 1437
f 687 1463 685
f 685 1463 1347
f 1463 1464 1347
f 1347 1464 1353
f 1353 1464 1465
f 1353 1465 1355
f 1355 1465 1466
f 1355 1466 1356
f 1356 1466 1467
f 1356 1467 1390
f 1390 1467 1468
f 1390 1468 1389
f 1389 1468 1469
f 1389 1469 1388
f 1388 1469 1470
f 1388 1470 1387
f 1387 1470 1471
f 1387 1471 1386
f 1386 1471 1472
f 1386 1472 1384
f 1384 1472 1473
f 1384 1473 1382
f 1382 1473 1474
f 1382 1474 1380
f 1380 1474 1475
f 1380 1475 1379
f 1379 1475 1476
f 1379 1476 1377
f 1377 1476 1477
f 1377 1477 1375
f 1375 1477 1478
f 1375 1478 1372
f 1372 1478 1479
f 1372 1479 1370
f 1370 1479 1480
f 1370 1480 1368
f 1368 1480 1481
f 1368 1481 1367
f 1367 1481 1482
f 1367 1482 1365
f 1365 1482 624
f 1365 624 623
f 1207 1483 1208
f 1208 1483 1484
f 1208 1484 1210
f 1210 1484 1485
f 1210 1485 1212
f 1212 1485 1486
f 1212 1486 1214
f 1214 1486 1487
f 1214 1487 1216
f 1216 1487 1488
f 1216 1488 1219
f 1219 1488 1489
f 1219 1489 1221
f 1221 1489 1490
f 1221 1490 1226
f 1226 1490 1491
f 1226 1491 1231
f 1231 1491 1492
f 1231 1492 1233
f 1233 1492 1493
f 1233 1493 1234
f 1234 1493 1494
f 1234 1494 1235
f 1235 1494 1495
f 1235 1495 1236
f 1236 1495 1496
f 1236 1496 1237
f 1237 1496 1497
f 1237 1497 1238
f 1238 1497 1498
f 1238 1498 1239
f 1239 1498 1499
f 1239 1499 1240
f 1240 1499 1500
f 1240 1500 1241
f 1241 1500 1501
f 1241 1501 1242
f 1242 1501 1502
f 1242 1502 1243
f 1243 1502 1503
f 1243 1503 1244
f 1244 1503 1504
f 1244 1504 1245
f 1245 1504 1505
f 1245 1505 1246
f 1246 1505 1506
f 1246 1506 1247
f 1247 1506 1507
f 1247 1507 1251
f 1251 1507 1508
f 1251 1508 1207
f 1207 1508 1483
f 1509 1510 1232
f 1232 1510 1230
f 1230 1510 1511
f 1230 1511 1229
f 1229 1511 1512
f 1229 1512 1228
f 1228 1512 1513
f 1228 1513 1227
f 1227 1513 1514
f 1227 1514 1225
f 1225 1514 1515
f 1225 1515 1224
f 1224 1515 1516
f 1224 1516 1223
f 1223 1516 1517
f 1223 1517 1222
f 1222 1517 1518
f 1222 1518 1220
f 1220 1518 1519
f 1220 1519 1218
f 1218 1519 1520
f 1218 1520 1217
f 1217 1520 1521
f 1217 1521 1215
f 1215 1521 1522
f 1215 1522 1213
f 1213 1522 1523
f 1213 1523 1211
f 1211 1523 1209
f 1209 1523 1524
f 1209 1524 1252
f 1252 1524 1525
f 1252 1525 1526
f 1252 1526 1250
f 1250 1526 1527
f 1250 1527 1248
f 1248 1527 1528
f 1248 1528 1249
f 1249 1528 557
f 1249 557 556
f 661 1509 659
f 659 1509 1232
f 1253 1529 1254
f 1254 1529 1530
f 1254 1530 1256
f 1256 1530 1531
f 1256 1531 1258
f 1258 1531 1532
f 1258 1532 1260
f 1260 1532 1533
f 1260 1533 1263
f 1263 1533 1534
f 1263 1534 1265
f 1265 1534 1535
f 1265 1535 1266
f 1266 1535 1536
f 1266 1536 1267
f 1267 1536 1537
f 1267 1537 1268
f 1268 1537 1538
f 1268 1538 1269
f 1269 1538 1539
f 1269 1539 1270
f 1270 1539 1540
f 1270 1540 1271
f 1271 1540 1541
f 1271 1541 1272
f 1272 1541 1542
f 1272 1542 1273
f 1273 1542 1543
f 1273 1543 1274
f 1274 1543 1544
f 1274 1544 1275
f 1275 1544 1545
f 1275 1545 1276
f 1276 1545 1546
f 1276 1546 1277
f 1277 1546 1547
f 1277 1547 1278
f 1278 1547 1548
f 1278 1548 1280
f 1280 1548 1549
f 1280 1549 1285
f 1285 1549 1550
f 1285 1550 1290
f 1290 1550 1551
f 1290 1551 1292
f 1292 1551 1552
f 1292 1552 1294
f 1294 1552 1553
f 1294 1553 1297
f 1297 1553 1554
f 1297 1554 1253
f 1253 1554 1529
f 1555 1556 1264
f 1264 1556 1262
f 1262 1556 1557
f 1262 1557 1261
f 1261 1557 1558
f 1261 1558 1259
f 1259 1558 1559
f 1259 1559 1257
f 1257 1559 1255
f 1255 1559 1560
f 1255 1560 1298
f 1298 1560 1561
f 1298 1561 1562
f 1298 1562 1296
f 1296 1562 1563
f 1296 1563 1295
f 1295 1563 1564
f 1295 1564 1293
f 1293 1564 1565
f 1293 1565 1291
f 1291 1565 1566
f 1291 1566 1289
f 1289 1566 1567
f 1289 1567 1288
f 1288 1567 1568
f 1288 1568 1287
f 1287 1568 1569
f 1287 1569 1286
f 1286 1569 1570
f 1286 1570 1284
f 1284 1570 1571
f 1284 1571 1283
f 1283 1571 1572
f 1283 1572 1282
f 1282 1572 1573
f 1282 1573 1281
f 1281 1573 1574
f 1281 1574 1279
f 1279 1574 710
f 1279 710 709
f 627 1555 625
f 625 1555 1264
f 1391 682 1392
f 1392 682 684
f 1392 684 1393
f 1393 684 1394
f 1394 684 1395
f 1395 684 1396
f 1396 684 1436
f 1396 1436 1397
f 1397 1436 1435
f 1397 1435 1398
f 1398 1435 1434
f 1398 1434 1433
f 1391 1416 682
f 682 1416 1415
f 682 1415 1414
f 1413 565 1414
f 1414 565 567
f 1414 567 682
f 682 567 569
f 682 569 571
f 1412 561 1413
f 1413 561 563
f 1413 563 565
f 561 1412 560
f 560 1412 1411
f 560 1411 1417
f 1417 1411 1410
f 1417 1410 1409
f 1417 1409 1418
f 1418 1409 1408
f 1418 1408 1419
f 1419 1408 1407
f 1419 1407 1420
f 1420 1407 1406
f 1420 1406 1421
f 1421 1406 1405
f 1421 1405 1422
f 1422 1405 1423
f 1423 1405 1404
f 1423 1404 1424
f 1424 1404 1403
f 1424 1403 1425
f 1425 1403 1402
f 1425 1402 1426
f 1426 1402 1401
f 1426 1401 1427
f 1427 1401 1428
f 1428 1401 1400
f 1428 1400 1429
f 1429 1400 1399
f 1429 1399 1430
f 1430 1399 1431
f 1431 1399 1432
f 1432 1399 1398
f 1432 1398 1433
f 1437 1463 1438
f 1438 1463 687
f 1438 687 1439
f 1439 687 1440
f 1440 687 1441
f 1441 687 1442
f 1442 687 614
f 1442 614 616
f 1437 1462 1463
f 1463 1462 1461
f 1463 1461 1460
f 1463 1460 1464
f 1464 1460 1459
f 1464 1459 1465
f 1465 1459 1458
f 1465 1458 1466
f 1466 1458 1467
f 1467 1458 1468
f 1468 1458 1457
f 1468 1457 1469
f 1469 1457 1470
f 1470 1457 1471
f 1471 1457 1456
f 1471 1456 1472
f 1472 1456 1455
f 1472 1455 1473
f 1473 1455 1474
f 1474 1455 1454
f 1474 1454 1475
f 1475 1454 1453
f 1475 1453 1476
f 1476 1453 1452
f 1476 1452 1477
f 1477 1452 1451
f 1477 1451 1478
f 1478 1451 1479
f 1479 1451 1450
f 1479 1450 1480
f 1480 1450 1449
f 1480 1449 1481
f 1481 1449 1448
f 1481 1448 1482
f 1482 1448 1447
f 1482 1447 624
f 624 1447 1446
f 624 1446 1445
f 624 1445 622
f 622 1445 1444
f 622 1444 620
f 620 1444 1443
f 620 1443 618
f 618 1443 616
f 616 1443 1442
f 1483 1525 1484
f 1484 1525 1524
f 1484 1524 1523
f 1525 1483 1526
f 1526 1483 1508
f 1526 1508 1527
f 1527 1508 1507
f 1527 1507 1528
f 1528 1507 1506
f 1528 1506 557
f 557 1506 1505
f 557 1505 1504
f 557 1504 555
f 555 1504 1503
f 555 1503 553
f 553 1503 1502
f 553 1502 551
f 551 1502 549
f 549 1502 1501
f 549 1501 547
f 547 1501 661
f 547 661 545
f 545 661 543
f 543 661 541
f 541 661 539
f 539 661 537
f 537 661 662
f 537 662 535
f 535 662 731
f 535 731 730
f 1501 1500 661
f 661 1500 1499
f 661 1499 1498
f 1498 1497 661
f 661 1497 1509
f 1509 1497 1496
f 1509 1496 1495
f 1495 1494 1509
f 1509 1494 1493
f 1509 1493 1510
f 1510 1493 1492
f 1510 1492 1511
f 1511 1492 1491
f 1511 1491 1512
f 1512 1491 1513
f 1513 1491 1514
f 1514 1491 1490
f 1514 1490 1515
f 1515 1490 1516
f 1516 1490 1517
f 1517 1490 1489
f 1517 1489 1518
f 1518 1489 1488
f 1518 1488 1519
f 1519 1488 1520
f 1520 1488 1487
f 1520 1487 1521
f 1521 1487 1486
f 1521 1486 1522
f 1522 1486 1485
f 1522 1485 1523
f 1523 1485 1484
f 1529 1561 1530
f 1530 1561 1560
f 1530 1560 1559
f 1561 1529 1562
f 1562 1529 1554
f 1562 1554 1563
f 1563 1554 1553
f 1563 1553 1564
f 1564 1553 1552
f 1564 1552 1565
f 1565 1552 1566
f 1566 1552 1551
f 1566 1551 1567
f 1567 1551 1550
f 1567 1550 1568
f 1568 1550 1569
f 1569 1550 1570
f 1570 1550 1549
f 1570 1549 1571
f 1571 1549 1572
f 1572 1549 1573
f 1573 1549 1548
f 1573 1548 1574
f 1574 1548 1547
f 1574 1547 710
f 710 1547 1546
f 710 1546 1545
f 1545 1544 710
f 710 1544 1543
f 710 1543 708
f 708 1543 1542
f 708 1542 1541
f 1541 1540 708
f 708 1540 1539
f 708 1539 634
f 634 1539 632
f 632 1539 1538
f 632 1538 630
f 630 1538 628
f 628 1538 1537
f 628 1537 627
f 627 1537 1536
f 627 1536 1555
f 1555 1536 1535
f 1555 1535 1534
f 1555 1534 1556
f 1556 1534 1533
f 1556 1533 1557
f 1557 1533 1532
f 1557 1532 1558
f 1558 1532 1531
f 1558 1531 1559
f 1559 1531 1530
f 725 656 723
f 723 656 698
f 723 698 700
f 740 668 725
f 725 668 670
f 725 670 591
f 740 738 668
f 668 738 666
f 666 738 729
f 666 729 664
f 664 729 728
f 664 728 662
f 662 728 731
f 535 730 533
f 533 730 732
f 533 732 531
f 531 732 733
f 531 733 529
f 529 733 734
f 529 734 528
f 528 734 589
f 589 734 735
f 589 735 713
f 713 735 747
f 713 747 748
f 736 745 735
f 735 745 746
f 735 746 747
f 741 742 736
f 736 742 743
f 736 743 744
f 744 745 736
f 748 749 713
f 713 749 750
f 713 750 751
f 713 751 712
f 712 751 752
f 712 752 753
f 753 754 712
f 712 754 711
f 711 754 755
f 711 755 756
f 711 756 759
f 759 756 757
f 759 757 758
f 592 657 591
f 591 657 656
f 591 656 725
f 672 496 592
f 592 496 377
f 592 377 657
f 657 377 696
f 696 377 694
f 694 377 376
f 694 376 378
f 672 674 496
f 496 674 494
f 494 674 676
f 494 676 493
f 493 676 678
f 493 678 492
f 492 678 680
f 492 680 579
f 579 680 577
f 577 680 682
f 577 682 575
f 575 682 573
f 573 682 571
f 492 579 491
f 491 579 581
f 491 581 490
f 490 581 489
f 489 581 583
f 489 583 488
f 488 583 585
f 488 585 487
f 487 585 587
f 487 587 462
f 462 463 487
f 487 463 486
f 486 463 478
f 486 478 479
f 464 474 463
f 463 474 475
f 463 475 476
f 465 471 464
f 464 471 472
f 464 472 473
f 466 469 465
f 465 469 470
f 465 470 471
f 467 468 466
f 466 468 469
f 473 474 464
f 476 477 463
f 463 477 478
f 479 480 486
f 486 480 481
f 486 481 485
f 485 481 482
f 485 482 483
f 483 484 485
f 694 378 692
f 692 378 379
f 692 379 690
f 690 379 380
f 690 380 688
f 688 380 381
f 688 381 602
f 602 381 382
f 602 382 600
f 600 382 383
f 600 383 598
f 598 383 384
f 598 384 596
f 596 384 385
f 596 385 595
f 595 385 412
f 412 385 386
f 412 386 410
f 410 386 394
f 410 394 395
f 387 392 386
f 386 392 393
f 386 393 394
f 388 389 387
f 387 389 390
f 387 390 391
f 391 392 387
f 395 396 410
f 410 396 397
f 410 397 398
f 410 398 409
f 409 398 399
f 409 399 400
f 400 401 409
f 409 401 407
f 407 401 402
f 407 402 403
f 407 403 406
f 406 403 404
f 406 404 405
f 602 604 688
f 688 604 687
f 687 604 606
f 687 606 608
f 608 610 687
f 687 610 612
f 687 612 614
f 723 700 722
f 722 700 702
f 722 702 721
f 721 702 704
f 721 704 720
f 720 704 706
f 720 706 646
f 646 706 644
f 644 706 708
f 644 708 642
f 642 708 640
f 640 708 638
f 638 708 636
f 636 708 634
f 720 646 719
f 719 646 648
f 719 648 718
f 718 648 717
f 717 648 650
f 717 650 716
f 716 650 652
f 716 652 715
f 715 652 654
f 715 654 438
f 438 439 715
f 715 439 714
f 714 439 454
f 714 454 455
f 440 450 439
f 439 450 451
f 439 451 452
f 441 447 440
f 440 447 448
f 440 448 449
f 442 445 441
f 441 445 446
f 441 446 447
f 443 444 442
f 442 444 445
f 449 450 440
f 452 453 439
f 439 453 454
f 455 456 714
f 714 456 457
f 714 457 461
f 461 457 458
f 461 458 459
f 459 460 461
f 53 290 51
f 51 290 288
f 51 288 49
f 49 288 287
f 49 287 65
f 65 287 321
f 65 321 67
f 67 321 320
f 67 320 69
f 69 320 319
f 69 319 71
f 71 319 317
f 71 317 72
f 72 317 315
f 72 315 70
f 70 315 313
f 70 313 68
f 68 313 312
f 68 312 66
f 66 312 310
f 66 310 64
f 64 310 309
f 64 309 50
f 50 309 307
f 50 307 52
f 52 307 306
f 52 306 54
f 54 306 304
f 54 304 56
f 56 304 303
f 56 303 58
f 58 303 302
f 58 302 60
f 60 302 300
f 60 300 62
f 62 300 299
f 62 299 63
f 63 299 295
f 63 295 61
f 61 295 294
f 61 294 59
f 59 294 293
f 59 293 57
f 57 293 292
f 57 292 55
f 55 292 291
f 55 291 53
f 53 291 290
f 29 213 27
f 27 213 215
f 27 215 25
f 25 215 217
f 25 217 41
f 41 217 220
f 41 220 43
f 43 220 222
f 43 222 45
f 45 222 225
f 45 225 47
f 47 225 227
f 47 227 48
f 48 227 230
f 48 230 46
f 46 230 232
f 46 232 44
f 44 232 235
f 44 235 42
f 42 235 238
f 42 238 40
f 40 238 247
f 40 247 26
f 26 247 246
f 26 246 28
f 28 246 245
f 28 245 30
f 30 245 191
f 30 191 32
f 32 191 190
f 32 190 34
f 34 190 193
f 34 193 36
f 36 193 196
f 36 196 38
f 38 196 198
f 38 198 39
f 39 198 200
f 39 200 37
f 37 200 203
f 37 203 35
f 35 203 205
f 35 205 33
f 33 205 208
f 33 208 31
f 31 208 210
f 31 210 29
f 29 210 213
f 5 157 3
f 3 157 158
f 3 158 1
f 1 158 159
f 1 159 17
f 17 159 160
f 17 160 19
f 19 160 112
f 19 112 21
f 21 112 111
f 21 111 23
f 23 111 114
f 23 114 24
f 24 114 117
f 24 117 22
f 22 117 122
f 22 122 20
f 20 122 126
f 20 126 18
f 18 126 128
f 18 128 16
f 16 128 130
f 16 130 2
f 2 130 132
f 2 132 4
f 4 132 134
f 4 134 6
f 6 134 136
f 6 136 8
f 8 136 138
f 8 138 10
f 10 138 139
f 10 139 12
f 12 139 142
f 12 142 14
f 14 142 144
f 14 144 15
f 15 144 147
f 15 147 13
f 13 147 151
f 13 151 11
f 11 151 153
f 11 153 9
f 9 153 155
f 9 155 7
f 7 155 156
f 7 156 5
f 5 156 157
f 77 251 75
f 75 251 249
f 75 249 73
f 73 249 248
f 73 248 89
f 89 248 286
f 89 286 91
f 91 286 284
f 91 284 93
f 93 284 283
f 93 283 95
f 95 283 281
f 95 281 96
f 96 281 279
f 96 279 94
f 94 279 276
f 94 276 92
f 92 276 273
f 92 273 90
f 90 273 272
f 90 272 88
f 88 272 268
f 88 268 74
f 74 268 267
f 74 267 76
f 76 267 266
f 76 266 78
f 78 266 265
f 78 265 80
f 80 265 264
f 80 264 82
f 82 264 263
f 82 263 84
f 84 263 262
f 84 262 86
f 86 262 259
f 86 259 87
f 87 259 258
f 87 258 85
f 85 258 257
f 85 257 83
f 83 257 255
f 83 255 81
f 81 255 254
f 81 254 79
f 79 254 253
f 79 253 77
f 77 253 251
f 185 186 764
f 764 186 427
f 764 427 1205
f 764 1205 1575
f 1575 1205 260
f 1575 260 270
f 271 763 270
f 270 763 1575
f 763 762 1575
f 1575 762 764
f 1576 1577 1578
f 1579 1576 1578
f 1580 1579 1578
f 1578 1581 1580
f 1582 1583 1584
f 1585 1586 1587
f 1588 1587 1586
f 1585 1587 1589
f 1587 1588 1584
f 1582 1584 1588
f 1583 1582 1590
f 1581 1590 1582
f 1580 1581 1582
f 1591 1592 1593
f 1593 1594 1591
f 1595 1591 1594
f 1594 1596 1595
f 1597 1595 1596
f 1596 1598 1597
f 1599 1597 1598
f 1598 1600 1599
f 1601 1599 1600
f 1602 1601 1600
f 1600 1603 1602
f 1604 1602 1603
f 1603 1605 1604
f 1606 1604 1605
f 1605 1607 1606
f 1608 1606 1607
f 1607 1609 1608
f 1610 1608 1609
f 1611 1612 1613
f 1612 1614 1613
f 1615 1616 1617
f 1616 1618 1617
f 1619 1620 1621
f 1622 1623 1624
f 1625 1626 1627
f 1626 1625 1628
f 1621 1620 1628
f 1628 1625 1621
f 1629 1630 1622
f 1623 1622 1630
f 1620 1619 1611
f 1612 1611 1619
f 1618 1616 1624
f 1624 1623 1618
f 1613 1614 1631
f 1614 1632 1631
f 1633 1631 1632
f 1632 1634 1633
f 1592 1633 1634
f 1593 1592 1634
f 1610 1609 1635
f 1636 1610 1635
f 1635 1637 1636
f 1638 1636 1637
f 1637 1615 1638
f 1615 1617 1638
f 1639 1640 1641
f 1639 1641 1642
f 1643 1644 1645
f 1646 1647 1648
f 1643 1645 1649
f 1650 1649 1645
f 1642 1641 1647
f 1647 1646 1642
f 1651 1652 1653
f 1654 1651 1653
f 1655 1656 1657
f 1658 1655 1657
f 1644 1643 1652
f 1652 1651 1644
f 1655 1658 1648
f 1646 1648 1658
f 1659 1660 1661
f 1662 1661 1660
f 1660 1663 1662
f 1664 1662 1663
f 1663 1665 1664
f 1666 1664 1665
f 1665 1667 1666
f 1668 1666 1667
f 1667 1669 1668
f 1669 1670 1668
f 1671 1668 1670
f 1670 1672 1671
f 1673 1671 1672
f 1672 1674 1673
f 1675 1673 1674
f 1674 1676 1675
f 1677 1675 1676
f 1676 1678 1677
f 1654 1653 1679
f 1680 1654 1679
f 1679 1681 1680
f 1682 1680 1681
f 1681 1659 1682
f 1659 1661 1682
f 1677 1678 1683
f 1678 1684 1683
f 1685 1683 1684
f 1684 1686 1685
f 1656 1685 1686
f 1657 1656 1686
f 1649 1650 1626
f 1627 1626 1650
f 1640 1639 1629
f 1630 1629 1639
f 1687 1688 1689
f 1689 1690 1687
f 1691 1687 1690
f 1690 1692 1691
f 1693 1691 1692
f 1692 1694 1693
f 1695 1693 1694
f 1696 1695 1694
f 1694 1697 1696
f 1698 1696 1697
f 1697 1699 1698
f 1700 1698 1699
f 1699 1701 1700
f 1702 1700 1701
f 1701 1703 1702
f 1704 1702 1703
f 1703 1705 1704
f 1706 1704 1705
f 1707 1708 1709
f 1708 1710 1709
f 1711 1712 1713
f 1712 1714 1713
f 1715 1716 1717
f 1718 1719 1720
f 1721 1722 1723
f 1724 1725 1726
f 1727 1726 1725
f 1717 1716 1723
f 1723 1722 1717
f 1726 1727 1718
f 1719 1718 1727
f 1716 1715 1707
f 1708 1707 1715
f 1714 1712 1720
f 1720 1719 1714
f 1709 1710 1728
f 1710 1729 1728
f 1730 1728 1729
f 1729 1731 1730
f 1688 1730 1731
f 1689 1688 1731
f 1706 1705 1732
f 1733 1706 1732
f 1732 1734 1733
f 1735 1733 1734
f 1734 1711 1735
f 1711 1713 1735
f 1736 1737 1738
f 1739 1740 1741
f 1742 1743 1744
f 1737 1736 1745
f 1745 1746 1737
f 1741 1740 1744
f 1744 1743 1741
f 1747 1748 1749
f 1749 1750 1747
f 1751 1752 1753
f 1754 1753 1752
f 1746 1745 1755
f 1756 1746 1755
f 1755 1748 1756
f 1748 1747 1756
f 1753 1754 1742
f 1754 1757 1742
f 1743 1742 1757
f 1758 1759 1760
f 1761 1760 1759
f 1762 1763 1764
f 1765 1766 1767
f 1762 1764 1768
f 1767 1766 1769
f 1770 1769 1766
f 1771 1772 1773
f 1774 1771 1773
f 1773 1775 1774
f 1776 1774 1775
f 1775 1777 1776
f 1777 1762 1776
f 1762 1768 1776
f 1769 1770 1778
f 1770 1779 1778
f 1758 1778 1779
f 1759 1758 1779
f 1750 1749 1780
f 1781 1750 1780
f 1780 1782 1781
f 1782 1772 1781
f 1772 1771 1781
f 1760 1761 1783
f 1761 1784 1783
f 1751 1783 1784
f 1752 1751 1784
f 1736 1738 1721
f 1722 1721 1738
f 1740 1739 1724
f 1725 1724 1739
f 1785 1786 1787
f 1788 1787 1786
f 1789 1790 1791
f 1792 1793 1790
f 1790 1789 1792
f 1788 1786 1793
f 1793 1792 1788
f 1792 1794 1788
f 1795 1788 1794
f 1796 1795 1794
f 1797 1798 1799
f 1800 1801 1802
f 1801 1803 1802
f 1804 1802 1803
f 1789 1791 1805
f 1806 1807 1808
f 1809 1810 1811
f 1812 1811 1810
f 1813 1812 1810
f 1814 1815 1816
f 1816 1815 1817
f 1817 1818 1816
f 1819 1820 1821
f 1822 1821 1820
f 1823 1824 1825
f 1824 1819 1825
f 1817 1825 1819
f 1818 1817 1819
f 1819 1821 1818
f 1815 1814 1826
f 1808 1807 1803
f 1807 1827 1803
f 1804 1803 1827
f 1827 1828 1804
f 1829 1804 1828
f 1828 1826 1829
f 1791 1829 1826
f 1805 1791 1826
f 1826 1814 1805
f 1814 1830 1805
f 1831 1805 1830
f 1830 1809 1831
f 1832 1831 1809
f 1809 1811 1832
f 1798 1832 1811
f 1799 1798 1811
f 1833 1834 1835
f 1833 1835 1836
f 1837 1838 1839
f 1840 1841 1842
f 1843 1842 1841
f 1835 1834 1839
f 1844 1835 1839
f 1839 1838 1844
f 1842 1843 1845
f 1836 1845 1843
f 1833 1836 1843
f 1846 1847 1848
f 1848 1849 1846
f 1849 1848 1850
f 1850 1851 1849
f 1852 1853 1854
f 1853 1855 1854
f 1856 1854 1855
f 1857 1856 1855
f 1838 1837 1847
f 1847 1846 1838
f 1856 1857 1840
f 1841 1840 1857
f 1858 1859 1860
f 1861 1862 1863
f 1864 1863 1862
f 1862 1865 1864
f 1866 1864 1865
f 1865 1867 1866
f 1868 1866 1867
f 1867 1869 1868
f 1870 1868 1869
f 1869 1871 1870
f 1872 1870 1871
f 1871 1858 1872
f 1858 1860 1872
f 1860 1859 1873
f 1859 1874 1873
f 1875 1873 1874
f 1874 1876 1875
f 1877 1875 1876
f 1876 1878 1877
f 1879 1877 1878
f 1878 1880 1879
f 1881 1879 1880
f 1880 1882 1881
f 1851 1850 1883
f 1884 1851 1883
f 1883 1861 1884
f 1861 1863 1884
f 1881 1882 1885
f 1882 1886 1885
f 1852 1885 1886
f 1853 1852 1886
f 1887 1888 1889
f 1890 1889 1888
f 1888 1891 1890
f 1892 1893 1894
f 1893 1895 1894
f 1896 1894 1895
f 1892 1894 1888
f 1891 1888 1894
f 1897 1898 1899
f 1898 1900 1899
f 1901 1899 1900
f 1902 1903 1904
f 1905 1904 1903
f 1900 1898 1905
f 1905 1903 1900
f 1901 1900 1906
f 1907 1908 1909
f 1907 1910 1911
f 1908 1907 1911
f 1912 1913 1914
f 1915 1914 1913
f 1909 1908 1902
f 1903 1902 1908
f 1914 1915 1916
f 1906 1916 1915
f 1901 1906 1915
f 1917 1918 1919
f 1920 1921 1922
f 1923 1920 1922
f 1924 1919 1925
f 1910 1925 1919
f 1911 1910 1919
f 1926 1911 1919
f 1919 1918 1926
f 1920 1923 1927
f 1923 1928 1927
f 1912 1927 1928
f 1913 1912 1928
f 1929 1930 1931
f 1932 1933 1934
f 1933 1935 1934
f 1935 1936 1934
f 1936 1937 1934
f 1937 1938 1934
f 1938 1939 1934
f 1939 1940 1934
f 1940 1941 1934
f 1941 1942 1934
f 1942 1943 1934
f 1943 1944 1934
f 1934 1944 1945
f 1944 1946 1945
f 1946 1947 1945
f 1947 1948 1945
f 1948 1949 1945
f 1949 1950 1945
f 1931 1945 1950
f 1929 1931 1950
f 1951 1952 1953
f 1931 1930 1954
f 1930 1955 1954
f 1955 1956 1954
f 1957 1954 1956
f 1956 1958 1957
f 1958 1959 1957
f 1960 1957 1959
f 1959 1961 1960
f 1924 1960 1961
f 1919 1924 1961
f 1917 1919 1962
f 1962 1963 1917
f 1964 1917 1963
f 1963 1965 1964
f 1965 1966 1964
f 1967 1964 1966
f 1966 1968 1967
f 1969 1967 1968
f 1968 1970 1969
f 1970 1971 1969
f 1972 1969 1971
f 1971 1973 1972
f 1973 1974 1972
f 1975 1972 1974
f 1974 1976 1975
f 1977 1975 1976
f 1976 1978 1977
f 1978 1951 1977
f 1951 1953 1977
f 1953 1952 1979
f 1952 1980 1979
f 1981 1979 1980
f 1980 1982 1981
f 1983 1981 1982
f 1982 1984 1983
f 1985 1983 1984
f 1984 1986 1985
f 1987 1985 1986
f 1986 1988 1987
f 1989 1987 1988
f 1988 1990 1989
f 1921 1989 1990
f 1922 1921 1990
f 1991 1992 1993
f 1994 1995 1996
f 1996 1997 1994
f 1997 1998 1994
f 1999 1994 1998
f 1998 2000 1999
f 2000 2001 1999
f 2002 1999 2001
f 2001 2003 2002
f 2003 2004 2002
f 1992 2002 2004
f 2004 2005 1992
f 1993 1992 2005
f 1991 1993 2006
f 2007 2008 2009
f 2010 2011 2012
f 2011 2013 2012
f 2014 2012 2013
f 2012 2014 2008
f 2009 2008 2014
f 2008 2007 2015
f 2007 2016 2015
f 2016 2017 2015
f 2018 2015 2017
f 2019 2018 2017
f 2018 2019 2020
f 2019 2021 2020
f 2021 2022 2020
f 2023 2020 2022
f 2022 2024 2023
f 2024 2025 2023
f 2026 2023 2025
f 2025 2027 2026
f 2027 2028 2026
f 1995 2026 2028
f 2028 2029 1995
f 1996 1995 2029
f 2030 2031 2032
f 2033 2034 2035
f 2035 2036 2033
f 2035 2034 2030
f 2031 2030 2034
f 2037 2038 2039
f 2040 2037 2039
f 2041 2040 2039
f 2036 2035 2038
f 2042 2036 2038
f 2038 2037 2042
f 2043 2044 2045
f 2046 2045 2044
f 2047 2048 2049
f 2049 2050 2047
f 2051 2047 2050
f 2052 2051 2050
f 2050 2053 2052
f 2054 2052 2053
f 2055 2054 2053
f 2053 2056 2055
f 2057 2055 2056
f 2058 2057 2056
f 2056 2043 2058
f 2059 2058 2043
f 2043 2045 2059
f 2041 2039 2060
f 2061 2041 2060
f 2062 2061 2060
f 2060 2063 2062
f 2064 2062 2063
f 2065 2064 2063
f 2063 2066 2065
f 2067 2065 2066
f 2066 2049 2067
f 2049 2048 2067
f 2030 2032 2010
f 2032 2068 2010
f 2011 2010 2068
f 2069 2070 2071
f 2072 2073 2074
f 2074 2075 2072
f 2075 2076 2072
f 2077 2072 2076
f 2076 2078 2077
f 2078 2079 2077
f 2080 2077 2079
f 2079 2081 2080
f 2081 2082 2080
f 2070 2080 2082
f 2082 2083 2070
f 2071 2070 2083
f 2069 2071 2084
f 2085 2086 2087
f 2088 2089 2090
f 2089 2091 2090
f 2092 2090 2091
f 2090 2092 2086
f 2087 2086 2092
f 2086 2085 2093
f 2085 2094 2093
f 2094 2095 2093
f 2096 2093 2095
f 2097 2096 2095
f 2096 2097 2098
f 2097 2099 2098
f 2099 2100 2098
f 2101 2098 2100
f 2100 2102 2101
f 2102 2103 2101
f 2104 2101 2103
f 2103 2105 2104
f 2105 2106 2104
f 2073 2104 2106
f 2106 2107 2073
f 2074 2073 2107
f 2108 2109 2110
f 2111 2112 2113
f 2113 2114 2111
f 2113 2112 2108
f 2109 2108 2112
f 2115 2116 2117
f 2118 2115 2117
f 2119 2118 2117
f 2114 2113 2116
f 2120 2114 2116
f 2116 2115 2120
f 2121 2122 2123
f 2124 2123 2122
f 2125 2126 2127
f 2127 2128 2125
f 2129 2125 2128
f 2130 2129 2128
f 2128 2131 2130
f 2132 2130 2131
f 2133 2132 2131
f 2131 2134 2133
f 2135 2133 2134
f 2136 2135 2134
f 2134 2121 2136
f 2137 2136 2121
f 2121 2123 2137
f 2119 2117 2138
f 2139 2119 2138
f 2140 2139 2138
f 2138 2141 2140
f 2142 2140 2141
f 2143 2142 2141
f 2141 2144 2143
f 2145 2143 2144
f 2144 2127 2145
f 2127 2126 2145
f 2108 2110 2088
f 2110 2146 2088
f 2089 2088 2146
f 2147 2148 2149
f 2150 2148 2147
f 2151 2148 2150
f 2148 2151 2152
f 2153 2154 2155
f 2156 2157 2158
f 2159 2158 2157
f 2156 2160 2157
f 2157 2154 2159
f 2153 2159 2154
f 2155 2161 2153
f 2152 2153 2161
f 2151 2153 2152
f 2162 2163 2164
f 2163 2162 2165
f 2166 2165 2162
f 2165 2166 2167
f 2168 2167 2166
f 2167 2168 2169
f 2170 2169 2168
f 2169 2170 2171
f 2172 2171 2170
f 2173 2171 2172
f 2171 2173 2174
f 2175 2174 2173
f 2174 2175 2176
f 2177 2176 2175
f 2176 2177 2178
f 2179 2178 2177
f 2178 2179 2180
f 2181 2180 2179
f 2182 2183 2184
f 2184 2183 2185
f 2186 2187 2188
f 2188 2187 2189
f 2190 2191 2192
f 2193 2194 2195
f 2196 2197 2198
f 2198 2199 2196
f 2191 2199 2192
f 2199 2191 2196
f 2200 2193 2201
f 2195 2201 2193
f 2192 2182 2190
f 2184 2190 2182
f 2189 2194 2188
f 2194 2189 2195
f 2183 2202 2185
f 2185 2202 2203
f 2204 2203 2202
f 2203 2204 2205
f 2164 2205 2204
f 2163 2205 2164
f 2181 2206 2180
f 2207 2206 2181
f 2206 2207 2208
f 2209 2208 2207
f 2208 2209 2186
f 2186 2209 2187
f 2210 2211 2212
f 2210 2213 2211
f 2214 2215 2216
f 2217 2218 2219
f 2214 2220 2215
f 2221 2215 2220
f 2213 2219 2211
f 2219 2213 2217
f 2222 2223 2224
f 2225 2223 2222
f 2226 2227 2228
f 2229 2227 2226
f 2216 2224 2214
f 2224 2216 2222
f 2226 2218 2229
f 2217 2229 2218
f 2230 2231 2232
f 2233 2232 2231
f 2232 2233 2234
f 2235 2234 2233
f 2234 2235 2236
f 2237 2236 2235
f 2236 2237 2238
f 2239 2238 2237
f 2238 2239 2240
f 2240 2239 2241
f 2242 2241 2239
f 2241 2242 2243
f 2244 2243 2242
f 2243 2244 2245
f 2246 2245 2244
f 2245 2246 2247
f 2248 2247 2246
f 2247 2248 2249
f 2225 2250 2223
f 2251 2250 2225
f 2250 2251 2252
f 2253 2252 2251
f 2252 2253 2230
f 2230 2253 2231
f 2248 2254 2249
f 2249 2254 2255
f 2256 2255 2254
f 2255 2256 2257
f 2228 2257 2256
f 2227 2257 2228
f 2220 2198 2221
f 2197 2221 2198
f 2212 2200 2210
f 2201 2210 2200
f 2258 2259 2260
f 2259 2258 2261
f 2262 2261 2258
f 2261 2262 2263
f 2264 2263 2262
f 2263 2264 2265
f 2266 2265 2264
f 2267 2265 2266
f 2265 2267 2268
f 2269 2268 2267
f 2268 2269 2270
f 2271 2270 2269
f 2270 2271 2272
f 2273 2272 2271
f 2272 2273 2274
f 2275 2274 2273
f 2274 2275 2276
f 2277 2276 2275
f 2278 2279 2280
f 2280 2279 2281
f 2282 2283 2284
f 2284 2283 2285
f 2286 2287 2288
f 2289 2290 2291
f 2292 2293 2294
f 2295 2296 2297
f 2298 2297 2296
f 2287 2293 2288
f 2293 2287 2294
f 2296 2289 2298
f 2291 2298 2289
f 2288 2278 2286
f 2280 2286 2278
f 2285 2290 2284
f 2290 2285 2291
f 2279 2299 2281
f 2281 2299 2300
f 2301 2300 2299
f 2300 2301 2302
f 2260 2302 2301
f 2259 2302 2260
f 2277 2303 2276
f 2304 2303 2277
f 2303 2304 2305
f 2306 2305 2304
f 2305 2306 2282
f 2282 2306 2283
f 2307 2308 2309
f 2310 2311 2312
f 2313 2314 2315
f 2309 2316 2307
f 2316 2309 2317
f 2311 2314 2312
f 2314 2311 2315
f 2318 2319 2320
f 2319 2318 2321
f 2322 2323 2324
f 2325 2324 2323
f 2317 2326 2316
f 2327 2326 2317
f 2326 2327 2320
f 2320 2327 2318
f 2323 2313 2325
f 2325 2313 2328
f 2315 2328 2313
f 2329 2330 2331
f 2332 2331 2330
f 2333 2334 2335
f 2336 2337 2338
f 2333 2339 2334
f 2337 2340 2338
f 2341 2338 2340
f 2342 2343 2344
f 2345 2343 2342
f 2343 2345 2346
f 2347 2346 2345
f 2346 2347 2348
f 2348 2347 2333
f 2333 2347 2339
f 2340 2349 2341
f 2341 2349 2350
f 2329 2350 2349
f 2331 2350 2329
f 2321 2351 2319
f 2352 2351 2321
f 2351 2352 2353
f 2353 2352 2344
f 2344 2352 2342
f 2330 2354 2332
f 2332 2354 2355
f 2322 2355 2354
f 2324 2355 2322
f 2307 2292 2308
f 2294 2308 2292
f 2312 2295 2310
f 2297 2310 2295
f 2356 2357 2358
f 2359 2358 2357
f 2360 2361 2362
f 2363 2362 2364
f 2362 2363 2360
f 2359 2364 2358
f 2364 2359 2363
f 2363 2359 2365
f 2366 2365 2359
f 2367 2365 2366
f 2368 2369 2370
f 2371 2372 2373
f 2373 2372 2374
f 2375 2374 2372
f 2360 2376 2361
f 2377 2378 2379
f 2380 2381 2382
f 2383 2382 2381
f 2384 2382 2383
f 2385 2386 2387
f 2386 2388 2387
f 2388 2386 2389
f 2390 2391 2392
f 2393 2392 2391
f 2394 2395 2396
f 2396 2395 2390
f 2388 2390 2395
f 2389 2390 2388
f 2390 2389 2391
f 2387 2397 2385
f 2378 2374 2379
f 2379 2374 2398
f 2375 2398 2374
f 2398 2375 2399
f 2400 2399 2375
f 2399 2400 2397
f 2361 2397 2400
f 2376 2397 2361
f 2397 2376 2385
f 2385 2376 2401
f 2402 2401 2376
f 2401 2402 2380
f 2403 2380 2402
f 2380 2403 2381
f 2370 2381 2403
f 2369 2381 2370
f 2404 2405 2406
f 2404 2407 2405
f 2408 2409 2410
f 2411 2412 2413
f 2414 2413 2412
f 2405 2409 2406
f 2415 2409 2405
f 2409 2415 2410
f 2412 2416 2414
f 2407 2414 2416
f 2404 2414 2407
f 2417 2418 2419
f 2418 2417 2420
f 2420 2421 2418
f 2421 2420 2422
f 2423 2424 2425
f 2425 2424 2426
f 2427 2426 2424
f 2428 2426 2427
f 2410 2419 2408
f 2419 2410 2417
f 2427 2411 2428
f 2413 2428 2411
f 2429 2430 2431
f 2432 2433 2434
f 2435 2434 2433
f 2434 2435 2436
f 2437 2436 2435
f 2436 2437 2438
f 2439 2438 2437
f 2438 2439 2440
f 2441 2440 2439
f 2440 2441 2442
f 2443 2442 2441
f 2442 2443 2429
f 2429 2443 2430
f 2430 2444 2431
f 2431 2444 2445
f 2446 2445 2444
f 2445 2446 2447
f 2448 2447 2446
f 2447 2448 2449
f 2450 2449 2448
f 2449 2450 2451
f 2452 2451 2450
f 2451 2452 2453
f 2422 2454 2421
f 2455 2454 2422
f 2454 2455 2432
f 2432 2455 2433
f 2452 2456 2453
f 2453 2456 2457
f 2423 2457 2456
f 2425 2457 2423
f 2458 2459 2460
f 2461 2460 2459
f 2460 2461 2462
f 2463 2464 2465
f 2465 2464 2466
f 2467 2466 2464
f 2463 2460 2464
f 2462 2464 2460
f 2468 2469 2470
f 2470 2469 2471
f 2472 2471 2469
f 2473 2474 2475
f 2476 2475 2474
f 2471 2476 2470
f 2476 2471 2475
f 2472 2477 2471
f 2478 2479 2480
f 2478 2481 2482
f 2480 2481 2478
f 2483 2484 2485
f 2486 2485 2484
f 2479 2473 2480
f 2475 2480 2473
f 2484 2487 2486
f 2477 2486 2487
f 2472 2486 2477
f 2488 2489 2490
f 2491 2492 2493
f 2494 2492 2491
f 2495 2496 2489
f 2482 2489 2496
f 2481 2489 2482
f 2497 2489 2481
f 2489 2497 2490
f 2491 2498 2494
f 2494 2498 2499
f 2483 2499 2498
f 2485 2499 2483
f 2500 2501 2502
f 2503 2504 2505
f 2505 2504 2506
f 2506 2504 2507
f 2507 2504 2508
f 2508 2504 2509
f 2509 2504 2510
f 2510 2504 2511
f 2511 2504 2512
f 2512 2504 2513
f 2513 2504 2514
f 2514 2504 2515
f 2504 2516 2515
f 2515 2516 2517
f 2517 2516 2518
f 2518 2516 2519
f 2519 2516 2520
f 2520 2516 2521
f 2501 2521 2516
f 2500 2521 2501
f 2522 2523 2524
f 2501 2525 2502
f 2502 2525 2526
f 2526 2525 2527
f 2528 2527 2525
f 2527 2528 2529
f 2529 2528 2530
f 2531 2530 2528
f 2530 2531 2532
f 2495 2532 2531
f 2489 2532 2495
f 2488 2533 2489
f 2533 2488 2534
f 2535 2534 2488
f 2534 2535 2536
f 2536 2535 2537
f 2538 2537 2535
f 2537 2538 2539
f 2540 2539 2538
f 2539 2540 2541
f 2541 2540 2542
f 2543 2542 2540
f 2542 2543 2544
f 2544 2543 2545
f 2546 2545 2543
f 2545 2546 2547
f 2548 2547 2546
f 2547 2548 2549
f 2549 2548 2522
f 2522 2548 2523
f 2523 2550 2524
f 2524 2550 2551
f 2552 2551 2550
f 2551 2552 2553
f 2554 2553 2552
f 2553 2554 2555
f 2556 2555 2554
f 2555 2556 2557
f 2558 2557 2556
f 2557 2558 2559
f 2560 2559 2558
f 2559 2560 2561
f 2493 2561 2560
f 2492 2561 2493
f 2562 2563 2564
f 2565 2566 2567
f 2566 2565 2568
f 2568 2565 2569
f 2570 2569 2565
f 2569 2570 2571
f 2571 2570 2572
f 2573 2572 2570
f 2572 2573 2574
f 2574 2573 2575
f 2564 2575 2573
f 2575 2564 2576
f 2563 2576 2564
f 2562 2577 2563
f 2578 2579 2580
f 2581 2582 2583
f 2583 2582 2584
f 2585 2584 2582
f 2582 2580 2585
f 2579 2585 2580
f 2580 2586 2578
f 2578 2586 2587
f 2587 2586 2588
f 2589 2588 2586
f 2590 2588 2589
f 2589 2591 2590
f 2590 2591 2592
f 2592 2591 2593
f 2594 2593 2591
f 2593 2594 2595
f 2595 2594 2596
f 2597 2596 2594
f 2596 2597 2598
f 2598 2597 2599
f 2567 2599 2597
f 2599 2567 2600
f 2566 2600 2567
f 2601 2602 2603
f 2604 2605 2606
f 2605 2604 2607
f 2605 2601 2606
f 2603 2606 2601
f 2608 2609 2610
f 2611 2609 2608
f 2612 2609 2611
f 2607 2610 2605
f 2613 2610 2607
f 2610 2613 2608
f 2614 2615 2616
f 2617 2616 2615
f 2618 2619 2620
f 2619 2618 2621
f 2622 2621 2618
f 2623 2621 2622
f 2621 2623 2624
f 2625 2624 2623
f 2626 2624 2625
f 2624 2626 2627
f 2628 2627 2626
f 2629 2627 2628
f 2627 2629 2614
f 2630 2614 2629
f 2614 2630 2615
f 2612 2631 2609
f 2632 2631 2612
f 2633 2631 2632
f 2631 2633 2634
f 2635 2634 2633
f 2636 2634 2635
f 2634 2636 2637
f 2638 2637 2636
f 2637 2638 2619
f 2619 2638 2620
f 2601 2581 2602
f 2602 2581 2639
f 2583 2639 2581
f 2640 2641 2642
f 2643 2644 2645
f 2644 2643 2646
f 2646 2643 2647
f 2648 2647 2643
f 2647 2648 2649
f 2649 2648 2650
f 2651 2650 2648
f 2650 2651 2652
f 2652 2651 2653
f 2642 2653 2651
f 2653 2642 2654
f 2641 2654 2642
f 2640 2655 2641
f 2656 2657 2658
f 2659 2660 2661
f 2661 2660 2662
f 2663 2662 2660
f 2660 2658 2663
f 2657 2663 2658
f 2658 2664 2656
f 2656 2664 2665
f 2665 2664 2666
f 2667 2666 2664
f 2668 2666 2667
f 2667 2669 2668
f 2668 2669 2670
f 2670 2669 2671
f 2672 2671 2669
f 2671 2672 2673
f 2673 2672 2674
f 2675 2674 2672
f 2674 2675 2676
f 2676 2675 2677
f 2645 2677 2675
f 2677 2645 2678
f 2644 2678 2645
f 2679 2680 2681
f 2682 2683 2684
f 2683 2682 2685
f 2683 2679 2684
f 2681 2684 2679
f 2686 2687 2688
f 2689 2687 2686
f 2690 2687 2689
f 2685 2688 2683
f 2691 2688 2685
f 2688 2691 2686
f 2692 2693 2694
f 2695 2694 2693
f 2696 2697 2698
f 2697 2696 2699
f 2700 2699 2696
f 2701 2699 2700
f 2699 2701 2702
f 2703 2702 2701
f 2704 2702 2703
f 2702 2704 2705
f 2706 2705 2704
f 2707 2705 2706
f 2705 2707 2692
f 2708 2692 2707
f 2692 2708 2693
f 2690 2709 2687
f 2710 2709 2690
f 2711 2709 2710
f 2709 2711 2712
f 2713 2712 2711
f 2714 2712 2713
f 2712 2714 2715
f 2716 2715 2714
f 2715 2716 2697
f 2697 2716 2698
f 2679 2659 2680
f 2680 2659 2717
f 2661 2717 2659
f 2134 2131 2702
f 2134 2702 2705
f 2131 2128 2699
f 2131 2699 2702
f 2128 2127 2697
f 2128 2697 2699
f 2127 2144 2715
f 2127 2715 2697
f 2144 2141 2712
f 2144 2712 2715
f 2141 2138 2709
f 2141 2709 2712
f 2138 2117 2687
f 2138 2687 2709
f 2117 2116 2688
f 2117 2688 2687
f 2116 2113 2683
f 2116 2683 2688
f 2113 2108 2679
f 2113 2679 2683
f 2108 2088 2659
f 2108 2659 2679
f 2088 2090 2660
f 2088 2660 2659
f 2090 2086 2658
f 2090 2658 2660
f 2086 2093 2664
f 2086 2664 2658
f 2093 2096 2667
f 2093 2667 2664
f 2096 2098 2669
f 2096 2669 2667
f 2098 2101 2672
f 2098 2672 2669
f 2101 2104 2675
f 2101 2675 2672
f 2104 2073 2645
f 2104 2645 2675
f 2073 2072 2643
f 2073 2643 2645
f 2072 2077 2648
f 2072 2648 2643
f 2077 2080 2651
f 2077 2651 2648
f 2080 2070 2642
f 2080 2642 2651
f 2070 2069 2640
f 2070 2640 2642
f 2069 2084 2655
f 2069 2655 2640
f 2084 2071 2641
f 2084 2641 2655
f 2071 2083 2654
f 2071 2654 2641
f 2083 2082 2653
f 2083 2653 2654
f 2082 2081 2652
f 2082 2652 2653
f 2081 2079 2650
f 2081 2650 2652
f 2079 2078 2649
f 2079 2649 2650
f 2078 2076 2647
f 2078 2647 2649
f 2076 2075 2646
f 2076 2646 2647
f 2075 2074 2644
f 2075 2644 2646
f 2074 2107 2678
f 2074 2678 2644
f 2107 2106 2677
f 2107 2677 2678
f 2106 2105 2676
f 2106 2676 2677
f 2105 2103 2674
f 2105 2674 2676
f 2103 2102 2673
f 2103 2673 2674
f 2102 2100 2671
f 2102 2671 2673
f 2100 2099 2670
f 2100 2670 2671
f 2099 2097 2668
f 2099 2668 2670
f 2097 2095 2666
f 2097 2666 2668
f 2095 2094 2665
f 2095 2665 2666
f 2094 2085 2656
f 2094 2656 2665
f 2085 2087 2657
f 2085 2657 2656
f 2087 2092 2663
f 2087 2663 2657
f 2092 2091 2662
f 2092 2662 2663
f 2091 2089 2661
f 2091 2661 2662
f 2089 2146 2717
f 2089 2717 2661
f 2146 2110 2680
f 2146 2680 2717
f 2110 2109 2681
f 2110 2681 2680
f 2109 2112 2684
f 2109 2684 2681
f 2112 2111 2682
f 2112 2682 2684
f 2111 2114 2685
f 2111 2685 2682
f 2114 2120 2691
f 2114 2691 2685
f 2120 2115 2686
f 2120 2686 2691
f 2115 2118 2689
f 2115 2689 2686
f 2118 2119 2690
f 2118 2690 2689
f 2119 2139 2710
f 2119 2710 2690
f 2139 2140 2711
f 2139 2711 2710
f 2140 2142 2713
f 2140 2713 2711
f 2142 2143 2714
f 2142 2714 2713
f 2143 2145 2716
f 2143 2716 2714
f 2145 2126 2698
f 2145 2698 2716
f 2126 2125 2696
f 2126 2696 2698
f 2125 2129 2700
f 2125 2700 2696
f 2129 2130 2701
f 2129 2701 2700
f 2130 2132 2703
f 2130 2703 2701
f 2132 2133 2704
f 2132 2704 2703
f 2133 2135 2706
f 2133 2706 2704
f 2135 2136 2707
f 2135 2707 2706
f 2136 2137 2708
f 2136 2708 2707
f 2137 2123 2693
f 2137 2693 2708
f 2123 2124 2695
f 2123 2695 2693
f 2124 2122 2694
f 2124 2694 2695
f 2122 2121 2692
f 2122 2692 2694
f 2121 2134 2705
f 2121 2705 2692
f 2056 2053 2624
f 2056 2624 2627
f 2053 2050 2621
f 2053 2621 2624
f 2050 2049 2619
f 2050 2619 2621
f 2049 2066 2637
f 2049 2637 2619
f 2066 2063 2634
f 2066 2634 2637
f 2063 2060 2631
f 2063 2631 2634
f 2060 2039 2609
f 2060 2609 2631
f 2039 2038 2610
f 2039 2610 2609
f 2038 2035 2605
f 2038 2605 2610
f 2035 2030 2601
f 2035 2601 2605
f 2030 2010 2581
f 2030 2581 2601
f 2010 2012 2582
f 2010 2582 2581
f 2012 2008 2580
f 2012 2580 2582
f 2008 2015 2586
f 2008 2586 2580
f 2015 2018 2589
f 2015 2589 2586
f 2018 2020 2591
f 2018 2591 2589
f 2020 2023 2594
f 2020 2594 2591
f 2023 2026 2597
f 2023 2597 2594
f 2026 1995 2567
f 2026 2567 2597
f 1995 1994 2565
f 1995 2565 2567
f 1994 1999 2570
f 1994 2570 2565
f 1999 2002 2573
f 1999 2573 2570
f 2002 1992 2564
f 2002 2564 2573
f 1992 1991 2562
f 1992 2562 2564
f 1991 2006 2577
f 1991 2577 2562
f 2006 1993 2563
f 2006 2563 2577
f 1993 2005 2576
f 1993 2576 2563
f 2005 2004 2575
f 2005 2575 2576
f 2004 2003 2574
f 2004 2574 2575
f 2003 2001 2572
f 2003 2572 2574
f 2001 2000 2571
f 2001 2571 2572
f 2000 1998 2569
f 2000 2569 2571
f 1998 1997 2568
f 1998 2568 2569
f 1997 1996 2566
f 1997 2566 2568
f 1996 2029 2600
f 1996 2600 2566
f 2029 2028 2599
f 2029 2599 2600
f 2028 2027 2598
f 2028 2598 2599
f 2027 2025 2596
f 2027 2596 2598
f 2025 2024 2595
f 2025 2595 2596
f 2024 2022 2593
f 2024 2593 2595
f 2022 2021 2592
f 2022 2592 2593
f 2021 2019 2590
f 2021 2590 2592
f 2019 2017 2588
f 2019 2588 2590
f 2017 2016 2587
f 2017 2587 2588
f 2016 2007 2578
f 2016 2578 2587
f 2007 2009 2579
f 2007 2579 2578
f 2009 2014 2585
f 2009 2585 2579
f 2014 2013 2584
f 2014 2584 2585
f 2013 2011 2583
f 2013 2583 2584
f 2011 2068 2639
f 2011 2639 2583
f 2068 2032 2602
f 2068 2602 2639
f 2032 2031 2603
f 2032 2603 2602
f 2031 2034 2606
f 2031 2606 2603
f 2034 2033 2604
f 2034 2604 2606
f 2033 2036 2607
f 2033 2607 2604
f 2036 2042 2613
f 2036 2613 2607
f 2042 2037 2608
f 2042 2608 2613
f 2037 2040 2611
f 2037 2611 2608
f 2040 2041 2612
f 2040 2612 2611
f 2041 2061 2632
f 2041 2632 2612
f 2061 2062 2633
f 2061 2633 2632
f 2062 2064 2635
f 2062 2635 2633
f 2064 2065 2636
f 2064 2636 2635
f 2065 2067 2638
f 2065 2638 2636
f 2067 2048 2620
f 2067 2620 2638
f 2048 2047 2618
f 2048 2618 2620
f 2047 2051 2622
f 2047 2622 2618
f 2051 2052 2623
f 2051 2623 2622
f 2052 2054 2625
f 2052 2625 2623
f 2054 2055 2626
f 2054 2626 2625
f 2055 2057 2628
f 2055 2628 2626
f 2057 2058 2629
f 2057 2629 2628
f 2058 2059 2630
f 2058 2630 2629
f 2059 2045 2615
f 2059 2615 2630
f 2045 2046 2617
f 2045 2617 2615
f 2046 2044 2616
f 2046 2616 2617
f 2044 2043 2614
f 2044 2614 2616
f 2043 2056 2627
f 2043 2627 2614
f 1913 1928 2499
f 1913 2499 2485
f 1928 1923 2494
f 1928 2494 2499
f 1923 1922 2492
f 1923 2492 2494
f 1922 1990 2561
f 1922 2561 2492
f 1990 1988 2559
f 1990 2559 2561
f 1988 1986 2557
f 1988 2557 2559
f 1986 1984 2555
f 1986 2555 2557
f 1984 1982 2553
f 1984 2553 2555
f 1982 1980 2551
f 1982 2551 2553
f 1980 1952 2524
f 1980 2524 2551
f 1952 1951 2522
f 1952 2522 2524
f 1951 1978 2549
f 1951 2549 2522
f 1978 1976 2547
f 1978 2547 2549
f 1976 1974 2545
f 1976 2545 2547
f 1974 1973 2544
f 1974 2544 2545
f 1973 1971 2542
f 1973 2542 2544
f 1971 1970 2541
f 1971 2541 2542
f 1970 1968 2539
f 1970 2539 2541
f 1968 1966 2537
f 1968 2537 2539
f 1966 1965 2536
f 1966 2536 2537
f 1965 1963 2534
f 1965 2534 2536
f 1963 1962 2533
f 1963 2533 2534
f 1962 1919 2489
f 1962 2489 2533
f 1919 1961 2532
f 1919 2532 2489
f 1961 1959 2530
f 1961 2530 2532
f 1959 1958 2529
f 1959 2529 2530
f 1958 1956 2527
f 1958 2527 2529
f 1956 1955 2526
f 1956 2526 2527
f 1955 1930 2502
f 1955 2502 2526
f 1930 1929 2500
f 1930 2500 2502
f 1929 1950 2521
f 1929 2521 2500
f 1950 1949 2520
f 1950 2520 2521
f 1949 1948 2519
f 1949 2519 2520
f 1948 1947 2518
f 1948 2518 2519
f 1947 1946 2517
f 1947 2517 2518
f 1946 1944 2515
f 1946 2515 2517
f 1944 1943 2514
f 1944 2514 2515
f 1943 1942 2513
f 1943 2513 2514
f 1942 1941 2512
f 1942 2512 2513
f 1941 1940 2511
f 1941 2511 2512
f 1940 1939 2510
f 1940 2510 2511
f 1939 1938 2509
f 1939 2509 2510
f 1938 1937 2508
f 1938 2508 2509
f 1937 1936 2507
f 1937 2507 2508
f 1936 1935 2506
f 1936 2506 2507
f 1935 1933 2505
f 1935 2505 2506
f 1933 1932 2503
f 1933 2503 2505
f 1932 1934 2504
f 1932 2504 2503
f 1934 1945 2516
f 1934 2516 2504
f 1945 1931 2501
f 1945 2501 2516
f 1931 1954 2525
f 1931 2525 2501
f 1954 1957 2528
f 1954 2528 2525
f 1957 1960 2531
f 1957 2531 2528
f 1960 1924 2495
f 1960 2495 2531
f 1924 1925 2496
f 1924 2496 2495
f 1925 1910 2482
f 1925 2482 2496
f 1910 1907 2478
f 1910 2478 2482
f 1907 1909 2479
f 1907 2479 2478
f 1909 1902 2473
f 1909 2473 2479
f 1902 1904 2474
f 1902 2474 2473
f 1904 1905 2476
f 1904 2476 2474
f 1905 1898 2470
f 1905 2470 2476
f 1898 1897 2468
f 1898 2468 2470
f 1897 1899 2469
f 1897 2469 2468
f 1899 1901 2472
f 1899 2472 2469
f 1901 1915 2486
f 1901 2486 2472
f 1915 1913 2485
f 1915 2485 2486
f 1903 1908 2480
f 1903 2480 2475
f 1908 1911 2481
f 1908 2481 2480
f 1911 1926 2497
f 1911 2497 2481
f 1926 1918 2490
f 1926 2490 2497
f 1918 1917 2488
f 1918 2488 2490
f 1917 1964 2535
f 1917 2535 2488
f 1964 1967 2538
f 1964 2538 2535
f 1967 1969 2540
f 1967 2540 2538
f 1969 1972 2543
f 1969 2543 2540
f 1972 1975 2546
f 1972 2546 2543
f 1975 1977 2548
f 1975 2548 2546
f 1977 1953 2523
f 1977 2523 2548
f 1953 1979 2550
f 1953 2550 2523
f 1979 1981 2552
f 1979 2552 2550
f 1981 1983 2554
f 1981 2554 2552
f 1983 1985 2556
f 1983 2556 2554
f 1985 1987 2558
f 1985 2558 2556
f 1987 1989 2560
f 1987 2560 2558
f 1989 1921 2493
f 1989 2493 2560
f 1921 1920 2491
f 1921 2491 2493
f 1920 1927 2498
f 1920 2498 2491
f 1927 1912 2483
f 1927 2483 2498
f 1912 1914 2484
f 1912 2484 2483
f 1914 1916 2487
f 1914 2487 2484
f 1916 1906 2477
f 1916 2477 2487
f 1906 1900 2471
f 1906 2471 2477
f 1900 1903 2475
f 1900 2475 2471
f 1892 1888 2460
f 1892 2460 2463
f 1888 1887 2458
f 1888 2458 2460
f 1887 1889 2459
f 1887 2459 2458
f 1889 1890 2461
f 1889 2461 2459
f 1890 1891 2462
f 1890 2462 2461
f 1891 1894 2464
f 1891 2464 2462
f 1894 1896 2467
f 1894 2467 2464
f 1896 1895 2466
f 1896 2466 2467
f 1895 1893 2465
f 1895 2465 2466
f 1893 1892 2463
f 1893 2463 2465
f 1843 1841 2413
f 1843 2413 2414
f 1841 1857 2428
f 1841 2428 2413
f 1857 1855 2426
f 1857 2426 2428
f 1855 1853 2425
f 1855 2425 2426
f 1853 1886 2457
f 1853 2457 2425
f 1886 1882 2453
f 1886 2453 2457
f 1882 1880 2451
f 1882 2451 2453
f 1880 1878 2449
f 1880 2449 2451
f 1878 1876 2447
f 1878 2447 2449
f 1876 1874 2445
f 1876 2445 2447
f 1874 1859 2431
f 1874 2431 2445
f 1859 1858 2429
f 1859 2429 2431
f 1858 1871 2442
f 1858 2442 2429
f 1871 1869 2440
f 1871 2440 2442
f 1869 1867 2438
f 1869 2438 2440
f 1867 1865 2436
f 1867 2436 2438
f 1865 1862 2434
f 1865 2434 2436
f 1862 1861 2432
f 1862 2432 2434
f 1861 1883 2454
f 1861 2454 2432
f 1883 1850 2421
f 1883 2421 2454
f 1850 1848 2418
f 1850 2418 2421
f 1848 1847 2419
f 1848 2419 2418
f 1847 1837 2408
f 1847 2408 2419
f 1837 1839 2409
f 1837 2409 2408
f 1839 1834 2406
f 1839 2406 2409
f 1834 1833 2404
f 1834 2404 2406
f 1833 1843 2414
f 1833 2414 2404
f 1844 1838 2410
f 1844 2410 2415
f 1838 1846 2417
f 1838 2417 2410
f 1846 1849 2420
f 1846 2420 2417
f 1849 1851 2422
f 1849 2422 2420
f 1851 1884 2455
f 1851 2455 2422
f 1884 1863 2433
f 1884 2433 2455
f 1863 1864 2435
f 1863 2435 2433
f 1864 1866 2437
f 1864 2437 2435
f 1866 1868 2439
f 1866 2439 2437
f 1868 1870 2441
f 1868 2441 2439
f 1870 1872 2443
f 1870 2443 2441
f 1872 1860 2430
f 1872 2430 2443
f 1860 1873 2444
f 1860 2444 2430
f 1873 1875 2446
f 1873 2446 2444
f 1875 1877 2448
f 1875 2448 2446
f 1877 1879 2450
f 1877 2450 2448
f 1879 1881 2452
f 1879 2452 2450
f 1881 1885 2456
f 1881 2456 2452
f 1885 1852 2423
f 1885 2423 2456
f 1852 1854 2424
f 1852 2424 2423
f 1854 1856 2427
f 1854 2427 2424
f 1856 1840 2411
f 1856 2411 2427
f 1840 1842 2412
f 1840 2412 2411
f 1842 1845 2416
f 1842 2416 2412
f 1845 1836 2407
f 1845 2407 2416
f 1836 1835 2405
f 1836 2405 2407
f 1835 1844 2415
f 1835 2415 2405
f 1824 1823 2394
f 1824 2394 2396
f 1823 1825 2395
f 1823 2395 2394
f 1825 1817 2388
f 1825 2388 2395
f 1817 1815 2387
f 1817 2387 2388
f 1815 1826 2397
f 1815 2397 2387
f 1826 1828 2399
f 1826 2399 2397
f 1828 1827 2398
f 1828 2398 2399
f 1827 1807 2379
f 1827 2379 2398
f 1807 1806 2377
f 1807 2377 2379
f 1806 1808 2378
f 1806 2378 2377
f 1808 1803 2374
f 1808 2374 2378
f 1803 1801 2373
f 1803 2373 2374
f 1801 1800 2371
f 1801 2371 2373
f 1800 1802 2372
f 1800 2372 2371
f 1802 1804 2375
f 1802 2375 2372
f 1804 1829 2400
f 1804 2400 2375
f 1829 1791 2361
f 1829 2361 2400
f 1791 1790 2362
f 1791 2362 2361
f 1790 1793 2364
f 1790 2364 2362
f 1793 1786 2358
f 1793 2358 2364
f 1786 1785 2356
f 1786 2356 2358
f 1785 1787 2357
f 1785 2357 2356
f 1787 1788 2359
f 1787 2359 2357
f 1788 1795 2366
f 1788 2366 2359
f 1795 1796 2367
f 1795 2367 2366
f 1796 1794 2365
f 1796 2365 2367
f 1794 1792 2363
f 1794 2363 2365
f 1792 1789 2360
f 1792 2360 2363
f 1789 1805 2376
f 1789 2376 2360
f 1805 1831 2402
f 1805 2402 2376
f 1831 1832 2403
f 1831 2403 2402
f 1832 1798 2370
f 1832 2370 2403
f 1798 1797 2368
f 1798 2368 2370
f 1797 1799 2369
f 1797 2369 2368
f 1799 1811 2381
f 1799 2381 2369
f 1811 1812 2383
f 1811 2383 2381
f 1812 1813 2384
f 1812 2384 2383
f 1813 1810 2382
f 1813 2382 2384
f 1810 1809 2380
f 1810 2380 2382
f 1809 1830 2401
f 1809 2401 2380
f 1830 1814 2385
f 1830 2385 2401
f 1814 1816 2386
f 1814 2386 2385
f 1816 1818 2389
f 1816 2389 2386
f 1818 1821 2391
f 1818 2391 2389
f 1821 1822 2393
f 1821 2393 2391
f 1822 1820 2392
f 1822 2392 2393
f 1820 1819 2390
f 1820 2390 2392
f 1819 1824 2396
f 1819 2396 2390
f 1767 1769 2340
f 1767 2340 2337
f 1769 1778 2349
f 1769 2349 2340
f 1778 1758 2329
f 1778 2329 2349
f 1758 1760 2330
f 1758 2330 2329
f 1760 1783 2354
f 1760 2354 2330
f 1783 1751 2322
f 1783 2322 2354
f 1751 1753 2323
f 1751 2323 2322
f 1753 1742 2313
f 1753 2313 2323
f 1742 1744 2314
f 1742 2314 2313
f 1744 1740 2312
f 1744 2312 2314
f 1740 1724 2295
f 1740 2295 2312
f 1724 1726 2296
f 1724 2296 2295
f 1726 1718 2289
f 1726 2289 2296
f 1718 1720 2290
f 1718 2290 2289
f 1720 1712 2284
f 1720 2284 2290
f 1712 1711 2282
f 1712 2282 2284
f 1711 1734 2305
f 1711 2305 2282
f 1734 1732 2303
f 1734 2303 2305
f 1732 1705 2276
f 1732 2276 2303
f 1705 1703 2274
f 1705 2274 2276
f 1703 1701 2272
f 1703 2272 2274
f 1701 1699 2270
f 1701 2270 2272
f 1699 1697 2268
f 1699 2268 2270
f 1697 1694 2265
f 1697 2265 2268
f 1694 1692 2263
f 1694 2263 2265
f 1692 1690 2261
f 1692 2261 2263
f 1690 1689 2259
f 1690 2259 2261
f 1689 1731 2302
f 1689 2302 2259
f 1731 1729 2300
f 1731 2300 2302
f 1729 1710 2281
f 1729 2281 2300
f 1710 1708 2280
f 1710 2280 2281
f 1708 1715 2286
f 1708 2286 2280
f 1715 1717 2287
f 1715 2287 2286
f 1717 1722 2294
f 1717 2294 2287
f 1722 1738 2308
f 1722 2308 2294
f 1738 1737 2309
f 1738 2309 2308
f 1737 1746 2317
f 1737 2317 2309
f 1746 1756 2327
f 1746 2327 2317
f 1756 1747 2318
f 1756 2318 2327
f 1747 1750 2321
f 1747 2321 2318
f 1750 1781 2352
f 1750 2352 2321
f 1781 1771 2342
f 1781 2342 2352
f 1771 1774 2345
f 1771 2345 2342
f 1774 1776 2347
f 1774 2347 2345
f 1776 1768 2339
f 1776 2339 2347
f 1768 1764 2334
f 1768 2334 2339
f 1764 1763 2335
f 1764 2335 2334
f 1763 1762 2333
f 1763 2333 2335
f 1762 1777 2348
f 1762 2348 2333
f 1777 1775 2346
f 1777 2346 2348
f 1775 1773 2343
f 1775 2343 2346
f 1773 1772 2344
f 1773 2344 2343
f 1772 1782 2353
f 1772 2353 2344
f 1782 1780 2351
f 1782 2351 2353
f 1780 1749 2319
f 1780 2319 2351
f 1749 1748 2320
f 1749 2320 2319
f 1748 1755 2326
f 1748 2326 2320
f 1755 1745 2316
f 1755 2316 2326
f 1745 1736 2307
f 1745 2307 2316
f 1736 1721 2292
f 1736 2292 2307
f 1721 1723 2293
f 1721 2293 2292
f 1723 1716 2288
f 1723 2288 2293
f 1716 1707 2278
f 1716 2278 2288
f 1707 1709 2279
f 1707 2279 2278
f 1709 1728 2299
f 1709 2299 2279
f 1728 1730 2301
f 1728 2301 2299
f 1730 1688 2260
f 1730 2260 2301
f 1688 1687 2258
f 1688 2258 2260
f 1687 1691 2262
f 1687 2262 2258
f 1691 1693 2264
f 1691 2264 2262
f 1693 1695 2266
f 1693 2266 2264
f 1695 1696 2267
f 1695 2267 2266
f 1696 1698 2269
f 1696 2269 2267
f 1698 1700 2271
f 1698 2271 2269
f 1700 1702 2273
f 1700 2273 2271
f 1702 1704 2275
f 1702 2275 2273
f 1704 1706 2277
f 1704 2277 2275
f 1706 1733 2304
f 1706 2304 2277
f 1733 1735 2306
f 1733 2306 2304
f 1735 1713 2283
f 1735 2283 2306
f 1713 1714 2285
f 1713 2285 2283
f 1714 1719 2291
f 1714 2291 2285
f 1719 1727 2298
f 1719 2298 2291
f 1727 1725 2297
f 1727 2297 2298
f 1725 1739 2310
f 1725 2310 2297
f 1739 1741 2311
f 1739 2311 2310
f 1741 1743 2315
f 1741 2315 2311
f 1743 1757 2328
f 1743 2328 2315
f 1757 1754 2325
f 1757 2325 2328
f 1754 1752 2324
f 1754 2324 2325
f 1752 1784 2355
f 1752 2355 2324
f 1784 1761 2332
f 1784 2332 2355
f 1761 1759 2331
f 1761 2331 2332
f 1759 1779 2350
f 1759 2350 2331
f 1779 1770 2341
f 1779 2341 2350
f 1770 1766 2338
f 1770 2338 2341
f 1766 1765 2336
f 1766 2336 2338
f 1765 1767 2337
f 1765 2337 2336
f 1642 1646 2217
f 1642 2217 2213
f 1646 1658 2229
f 1646 2229 2217
f 1658 1657 2227
f 1658 2227 2229
f 1657 1686 2257
f 1657 2257 2227
f 1686 1684 2255
f 1686 2255 2257
f 1684 1678 2249
f 1684 2249 2255
f 1678 1676 2247
f 1678 2247 2249
f 1676 1674 2245
f 1676 2245 2247
f 1674 1672 2243
f 1674 2243 2245
f 1672 1670 2241
f 1672 2241 2243
f 1670 1669 2240
f 1670 2240 2241
f 1669 1667 2238
f 1669 2238 2240
f 1667 1665 2236
f 1667 2236 2238
f 1665 1663 2234
f 1665 2234 2236
f 1663 1660 2232
f 1663 2232 2234
f 1660 1659 2230
f 1660 2230 2232
f 1659 1681 2252
f 1659 2252 2230
f 1681 1679 2250
f 1681 2250 2252
f 1679 1653 2223
f 1679 2223 2250
f 1653 1652 2224
f 1653 2224 2223
f 1652 1643 2214
f 1652 2214 2224
f 1643 1649 2220
f 1643 2220 2214
f 1649 1626 2198
f 1649 2198 2220
f 1626 1628 2199
f 1626 2199 2198
f 1628 1620 2192
f 1628 2192 2199
f 1620 1611 2182
f 1620 2182 2192
f 1611 1613 2183
f 1611 2183 2182
f 1613 1631 2202
f 1613 2202 2183
f 1631 1633 2204
f 1631 2204 2202
f 1633 1592 2164
f 1633 2164 2204
f 1592 1591 2162
f 1592 2162 2164
f 1591 1595 2166
f 1591 2166 2162
f 1595 1597 2168
f 1595 2168 2166
f 1597 1599 2170
f 1597 2170 2168
f 1599 1601 2172
f 1599 2172 2170
f 1601 1602 2173
f 1601 2173 2172
f 1602 1604 2175
f 1602 2175 2173
f 1604 1606 2177
f 1604 2177 2175
f 1606 1608 2179
f 1606 2179 2177
f 1608 1610 2181
f 1608 2181 2179
f 1610 1636 2207
f 1610 2207 2181
f 1636 1638 2209
f 1636 2209 2207
f 1638 1617 2187
f 1638 2187 2209
f 1617 1618 2189
f 1617 2189 2187
f 1618 1623 2195
f 1618 2195 2189
f 1623 1630 2201
f 1623 2201 2195
f 1630 1639 2210
f 1630 2210 2201
f 1639 1642 2213
f 1639 2213 2210
f 1650 1645 2215
f 1650 2215 2221
f 1645 1644 2216
f 1645 2216 2215
f 1644 1651 2222
f 1644 2222 2216
f 1651 1654 2225
f 1651 2225 2222
f 1654 1680 2251
f 1654 2251 2225
f 1680 1682 2253
f 1680 2253 2251
f 1682 1661 2231
f 1682 2231 2253
f 1661 1662 2233
f 1661 2233 2231
f 1662 1664 2235
f 1662 2235 2233
f 1664 1666 2237
f 1664 2237 2235
f 1666 1668 2239
f 1666 2239 2237
f 1668 1671 2242
f 1668 2242 2239
f 1671 1673 2244
f 1671 2244 2242
f 1673 1675 2246
f 1673 2246 2244
f 1675 1677 2248
f 1675 2248 2246
f 1677 1683 2254
f 1677 2254 2248
f 1683 1685 2256
f 1683 2256 2254
f 1685 1656 2228
f 1685 2228 2256
f 1656 1655 2226
f 1656 2226 2228
f 1655 1648 2218
f 1655 2218 2226
f 1648 1647 2219
f 1648 2219 2218
f 1647 1641 2211
f 1647 2211 2219
f 1641 1640 2212
f 1641 2212 2211
f 1640 1629 2200
f 1640 2200 2212
f 1629 1622 2193
f 1629 2193 2200
f 1622 1624 2194
f 1622 2194 2193
f 1624 1616 2188
f 1624 2188 2194
f 1616 1615 2186
f 1616 2186 2188
f 1615 1637 2208
f 1615 2208 2186
f 1637 1635 2206
f 1637 2206 2208
f 1635 1609 2180
f 1635 2180 2206
f 1609 1607 2178
f 1609 2178 2180
f 1607 1605 2176
f 1607 2176 2178
f 1605 1603 2174
f 1605 2174 2176
f 1603 1600 2171
f 1603 2171 2174
f 1600 1598 2169
f 1600 2169 2171
f 1598 1596 2167
f 1598 2167 2169
f 1596 1594 2165
f 1596 2165 2167
f 1594 1593 2163
f 1594 2163 2165
f 1593 1634 2205
f 1593 2205 2163
f 1634 1632 2203
f 1634 2203 2205
f 1632 1614 2185
f 1632 2185 2203
f 1614 1612 2184
f 1614 2184 2185
f 1612 1619 2190
f 1612 2190 2184
f 1619 1621 2191
f 1619 2191 2190
f 1621 1625 2196
f 1621 2196 2191
f 1625 1627 2197
f 1625 2197 2196
f 1627 1650 2221
f 1627 2221 2197
f 1589 1587 2157
f 1589 2157 2160
f 1587 1584 2154
f 1587 2154 2157
f 1584 1583 2155
f 1584 2155 2154
f 1583 1590 2161
f 1583 2161 2155
f 1590 1581 2152
f 1590 2152 2161
f 1581 1578 2148
f 1581 2148 2152
f 1578 1577 2149
f 1578 2149 2148
f 1577 1576 2147
f 1577 2147 2149
f 1576 1579 2150
f 1576 2150 2147
f 1579 1580 2151
f 1579 2151 2150
f 1580 1582 2153
f 1580 2153 2151
f 1582 1588 2159
f 1582 2159 2153
f 1588 1586 2158
f 1588 2158 2159
f 1586 1585 2156
f 1586 2156 2158
f 1585 1589 2160
f 1585 2160 2156
f 1115 874 990
f 1115 990 1195
