v 15.335920 35.158398 -0.000001
v 15.335920 39.072433 -0.000001
v 14.811540 35.089359 -0.000001
v 14.811540 39.141468 -0.000001
v 14.287158 35.158398 -0.000001
v 14.287158 39.072433 -0.000001
v 13.798514 35.360802 -0.000001
v 13.798514 38.870029 -0.000001
v 13.378904 35.682777 -0.000001
v 13.378904 38.548046 -0.000001
v 13.056928 36.102390 -0.000001
v 13.056928 38.128441 -0.000001
v 12.854523 36.591034 -0.000001
v 12.854523 37.639797 -0.000001
v 12.785487 37.115414 -0.000001
v 15.824565 38.870029 -0.000001
v 15.824565 35.360802 -0.000001
v 16.244175 38.548046 -0.000001
v 16.244175 35.682777 -0.000001
v 16.566153 38.128441 -0.000001
v 16.566153 36.102390 -0.000001
v 16.768557 37.639797 -0.000001
v 16.768557 36.591034 -0.000001
v 16.837593 37.115414 -0.000001
v 15.324983 -38.001209 -0.000001
v 15.324983 -34.167950 -0.000001
v 14.811424 -38.068821 -0.000001
v 14.811424 -34.100338 -0.000001
v 14.297866 -38.001209 -0.000001
v 14.297866 -34.167950 -0.000001
v 13.819305 -37.802982 -0.000001
v 13.819305 -34.366177 -0.000001
v 13.408355 -37.487644 -0.000001
v 13.408355 -34.681507 -0.000001
v 13.093023 -37.076698 -0.000001
v 13.093023 -35.092461 -0.000001
v 12.894796 -36.598141 -0.000001
v 12.894796 -35.571018 -0.000001
v 12.827185 -36.084579 -0.000001
v 15.803543 -34.366177 -0.000001
v 15.803543 -37.802982 -0.000001
v 16.214495 -34.681507 -0.000001
v 16.214495 -37.487644 -0.000001
v 16.529827 -35.092461 -0.000001
v 16.529827 -37.076698 -0.000001
v 16.728054 -35.571018 -0.000001
v 16.728054 -36.598141 -0.000001
v 16.795664 -36.084579 -0.000001
v -12.254802 35.167542 0.000001
v -12.254802 39.063282 0.000001
v -12.776731 35.098827 0.000001
v -12.776731 39.131996 0.000001
v -13.298662 35.167542 0.000001
v -13.298662 39.063282 0.000001
v -13.785022 35.368999 0.000001
v -13.785022 38.861824 0.000001
v -14.202670 35.689472 0.000001
v -14.202670 38.541348 0.000001
v -14.523142 36.107124 0.000001
v -14.523142 38.123699 0.000001
v -14.724599 36.593483 0.000001
v -14.724599 37.637344 0.000001
v -14.793311 37.115414 0.000001
v -11.768442 38.861824 0.000001
v -11.768442 35.368999 0.000001
v -11.350794 38.541348 0.000001
v -11.350794 35.689472 0.000001
v -11.030323 38.123699 0.000001
v -11.030323 36.107124 0.000001
v -10.828864 37.637344 0.000001
v -10.828864 36.593483 0.000001
v -10.760151 37.115414 0.000001
v -12.254900 -38.032070 0.000001
v -12.254900 -34.137081 0.000001
v -12.776731 -38.100773 0.000001
v -12.776731 -34.068382 0.000001
v -13.298558 -38.032070 0.000001
v -13.298558 -34.137081 0.000001
v -13.784824 -37.830650 0.000001
v -13.784824 -34.338505 0.000001
v -14.202393 -37.510235 0.000001
v -14.202393 -34.658913 0.000001
v -14.522804 -37.092670 0.000001
v -14.522804 -35.076485 0.000001
v -14.724222 -36.606407 0.000001
v -14.724222 -35.562748 0.000001
v -14.792921 -36.084576 0.000001
v -11.768634 -34.338505 0.000001
v -11.768634 -37.830650 0.000001
v -11.351067 -34.658913 0.000001
v -11.351067 -37.510235 0.000001
v -11.030657 -35.076485 0.000001
v -11.030657 -37.092670 0.000001
v -10.829237 -35.562748 0.000001
v -10.829237 -36.606407 0.000001
v -10.760538 -36.084576 0.000001
v 18.215324 3.960303 6.699999
v 17.215324 3.960303 6.699999
v 18.215324 -12.479697 6.699999
v 17.215324 -12.479697 6.699999
v 16.215324 -13.579698 6.699999
v 17.215324 -13.579698 6.699999
v 17.215324 5.060303 6.699999
v 16.215324 5.060303 6.699999
v 18.215324 27.470303 6.699999
v 16.215322 33.215302 6.699999
v 17.215324 27.470303 6.699999
v 16.215322 26.370302 6.699999
v 17.215324 26.370302 6.699999
v 18.215322 34.751724 6.699999
v 16.566154 36.102390 6.699999
v 16.244177 35.682777 6.699999
v 18.249365 35.185177 6.699999
v 16.768559 36.591034 6.699999
v 18.310726 35.385223 6.699999
v 18.382820 35.552937 6.699999
v 16.837593 37.115414 6.699999
v 18.601944 36.205933 6.699999
v 18.702774 36.887295 6.699999
v 18.682165 37.575768 6.699999
v 18.540762 38.249882 6.699999
v 16.768559 37.639797 6.699999
v 18.282974 38.888603 6.699999
v 17.916842 39.472012 6.699999
v 17.453785 39.981915 6.699999
v 16.566154 38.128441 6.699999
v 16.908249 40.402401 6.699999
v 16.244177 38.548046 6.699999
v 16.297247 40.720360 6.699999
v 15.824565 38.870029 6.699999
v 15.639838 40.925873 6.699999
v 15.335921 39.072433 6.699999
v 14.956530 41.012527 6.699999
v 14.811541 39.141468 6.699999
v 14.268633 40.977623 6.699999
v 14.287160 39.072433 6.699999
v 13.597605 40.822247 6.699999
v 13.798515 38.870029 6.699999
v 13.378905 38.548046 6.699999
v 12.964375 40.551247 6.699999
v 12.388697 40.173073 6.699999
v 13.056929 38.128441 6.699999
v 11.888525 39.699528 6.699999
v 12.854524 37.639797 6.699999
v 11.479460 39.145374 6.699999
v 11.174261 38.527901 6.699999
v 12.785488 37.115414 6.699999
v 10.982449 37.866364 6.699999
v 10.910006 37.181404 6.699999
v 10.882505 36.571098 6.699999
v 12.854524 36.591034 6.699999
v 11.015323 35.215302 6.699999
v 13.056929 36.102390 6.699999
v 11.015323 34.215302 6.699999
v 13.378905 35.682777 6.699999
v 13.798515 35.360802 6.699999
v 14.287160 35.158398 6.699999
v 14.811541 35.089359 6.699999
v 15.335921 35.158398 6.699999
v 15.824565 35.360802 6.699999
v 10.846533 36.407913 6.699999
v 10.779831 36.222134 6.699999
v 10.662065 36.007912 6.699999
v 10.481619 35.783707 6.699999
v 10.260446 35.587997 6.699999
v 10.016212 35.432743 6.699999
v 9.784444 35.330143 6.699999
v 9.579249 35.270245 6.699999
v 9.232446 35.222126 6.699999
v 8.910293 35.215302 6.699999
v 9.915322 34.215302 6.699999
v 9.915322 33.215302 6.699999
v 18.215324 16.560303 6.699999
v 17.215324 16.560303 6.699999
v 18.215324 14.870302 6.699999
v 17.215324 14.870302 6.699999
v 16.215324 13.770303 6.699999
v 17.215324 13.770303 6.699999
v 17.215324 17.660303 6.699999
v 16.215324 17.660303 6.699999
v 6.115325 -34.184700 6.700000
v 8.910295 -34.184700 6.699999
v 6.115325 -33.184700 6.700000
v 9.287343 -34.195534 6.699999
v 5.015326 -32.184700 6.700000
v 16.215326 -32.184700 6.699999
v 9.698699 -34.271374 6.699999
v 10.081329 -34.438248 6.699999
v 10.355956 -34.634197 6.699999
v 13.819305 -34.366177 6.699999
v 14.297866 -34.167950 6.699999
v 10.483541 -34.754929 6.699999
v 13.408355 -34.681507 6.699999
v 10.623177 -34.921352 6.699999
v 10.753048 -35.134449 6.699999
v 13.093024 -35.092461 6.699999
v 10.842183 -35.362095 6.699999
v 12.894796 -35.571018 6.699999
v 10.905701 -35.773766 6.699999
v 12.827185 -36.084579 6.699999
v 10.910008 -36.150803 6.699999
v 10.982451 -36.835762 6.699999
v 12.894796 -36.598141 6.699999
v 11.174264 -37.497299 6.699999
v 13.093024 -37.076698 6.699999
v 11.479463 -38.114773 6.699999
v 11.888528 -38.668926 6.699999
v 13.408355 -37.487644 6.699999
v 12.388700 -39.142471 6.699999
v 13.819305 -37.802982 6.699999
v 12.964379 -39.520645 6.699999
v 13.597609 -39.791645 6.699999
v 14.297866 -38.001209 6.699999
v 14.268637 -39.947021 6.699999
v 14.811424 -38.068821 6.699999
v 14.956533 -39.981926 6.699999
v 15.324984 -38.001209 6.699999
v 15.639842 -39.895271 6.699999
v 16.297251 -39.689758 6.699999
v 15.803543 -37.802982 6.699999
v 16.908253 -39.371799 6.699999
v 16.214495 -37.487644 6.699999
v 17.453789 -38.951313 6.699999
v 17.916845 -38.441410 6.699999
v 16.529827 -37.076698 6.699999
v 18.282978 -37.858002 6.699999
v 16.728054 -36.598141 6.699999
v 18.540766 -37.219280 6.699999
v 18.682169 -36.545166 6.699999
v 16.795664 -36.084579 6.699999
v 18.702778 -35.856693 6.699999
v 16.728054 -35.571018 6.699999
v 18.601948 -35.175331 6.699999
v 18.382824 -34.522335 6.699999
v 16.529827 -35.092461 6.699999
v 18.310730 -34.354622 6.699999
v 18.249369 -34.154575 6.699999
v 16.214495 -34.681507 6.699999
v 18.215326 -33.721123 6.699999
v 18.215326 -26.689697 6.699999
v 17.215326 -26.689697 6.699999
v 17.215326 -25.589697 6.699999
v 16.215326 -25.589697 6.699999
v 5.015326 -33.184700 6.700000
v 14.811424 -34.100338 6.699999
v 15.324984 -34.167950 6.699999
v 15.803543 -34.366177 6.699999
v -10.760536 -36.084576 6.700000
v -10.829237 -36.606407 6.700000
v -10.933728 -39.520645 6.700000
v -10.358049 -39.142471 6.700000
v -9.857877 -38.668926 6.700000
v -9.448812 -38.114773 6.700000
v -9.143613 -37.497299 6.700000
v -8.951800 -36.835762 6.700000
v -8.874373 -35.760387 6.700000
v -10.829237 -35.562748 6.700000
v -8.805150 -35.340965 6.700000
v -11.030657 -35.076485 6.700000
v -8.696074 -35.084087 6.700000
v -11.351065 -34.658913 6.700000
v -7.884674 -33.184700 6.700000
v -6.784675 -32.184700 6.700000
v -14.184674 -32.184700 6.700000
v -11.768634 -34.338505 6.700000
v -14.184677 33.215302 6.700000
v -16.184675 -33.721123 6.700001
v -12.254900 -34.137081 6.700000
v -16.218718 -34.154575 6.700001
v -16.280079 -34.354622 6.700001
v -16.352173 -34.522335 6.700001
v -16.571297 -35.175331 6.700001
v -12.776731 -34.068382 6.700000
v -13.298558 -34.137081 6.700000
v -16.672127 -35.856693 6.700001
v -16.651518 -36.545166 6.700001
v -16.510115 -37.219280 6.700001
v -16.252327 -37.858002 6.700001
v -15.886194 -38.441410 6.700001
v -15.423138 -38.951313 6.700001
v -14.877601 -39.371799 6.700000
v -14.266599 -39.689758 6.700000
v -13.609191 -39.895271 6.700000
v -12.925882 -39.981926 6.700000
v -12.237986 -39.947021 6.700000
v -12.254900 -38.032070 6.700000
v -12.776731 -38.100773 6.700000
v -13.784824 -34.338505 6.700000
v -14.202393 -34.658913 6.700000
v -13.298558 -38.032070 6.700000
v -14.522803 -35.076485 6.700000
v -14.724222 -35.562748 6.700000
v -13.784824 -37.830650 6.700000
v -14.202393 -37.510235 6.700000
v -14.792921 -36.084576 6.700000
v -14.522803 -37.092670 6.700000
v -14.724222 -36.606407 6.700000
v -6.784675 -33.184700 6.700000
v -11.030657 -37.092670 6.700000
v -11.351065 -37.510235 6.700000
v -11.566957 -39.791645 6.700000
v -11.768634 -37.830650 6.700000
v -10.828862 37.637344 6.700000
v -10.760150 37.115414 6.700000
v -10.358053 40.173073 6.700000
v -10.933732 40.551247 6.700000
v -11.566961 40.822247 6.700000
v -12.237989 40.977623 6.700000
v -12.925886 41.012527 6.700000
v -13.298660 39.063282 6.700000
v -12.776730 39.131996 6.700000
v -12.254801 39.063282 6.700000
v -11.030321 38.123699 6.700000
v -11.350792 38.541348 6.700000
v -11.768441 38.861824 6.700000
v -7.884677 33.215302 6.700000
v -7.884677 34.215302 6.700000
v -8.984677 34.215302 6.700000
v -8.875052 36.804367 6.700000
v -8.951803 37.866364 6.700000
v -9.143616 38.527901 6.700000
v -9.448814 39.145374 6.700000
v -9.857880 39.699528 6.700000
v -10.828862 36.593483 6.700000
v -8.811535 36.392696 6.700000
v -8.722400 36.165051 6.700000
v -11.030321 36.107124 6.700000
v -8.592528 35.951954 6.700000
v -11.350792 35.689472 6.700000
v -8.452892 35.785530 6.700000
v -11.768441 35.368999 6.700000
v -8.325308 35.664799 6.700000
v -12.254801 35.167542 6.700000
v -8.050681 35.468849 6.700000
v -12.776730 35.098827 6.700000
v -7.668051 35.301975 6.700000
v -8.984677 35.215302 6.700000
v -6.879648 35.215302 6.700000
v -7.256695 35.226135 6.700000
v -16.184679 34.751724 6.700001
v -16.218721 35.185177 6.700001
v -16.280083 35.385223 6.700001
v -16.571301 36.205933 6.700001
v -16.352177 35.552937 6.700001
v -16.651522 37.575768 6.700001
v -16.672131 36.887295 6.700001
v -16.252331 38.888603 6.700001
v -16.510118 38.249882 6.700001
v -15.423141 39.981915 6.700001
v -15.886198 39.472012 6.700001
v -14.266603 40.720360 6.700000
v -14.877604 40.402401 6.700000
v -13.609195 40.925873 6.700000
v -13.785021 38.861824 6.700000
v -14.202669 38.541348 6.700000
v -13.298660 35.167542 6.700000
v -14.523140 38.123699 6.700000
v -13.785021 35.368999 6.700000
v -14.202669 35.689472 6.700000
v -14.724598 37.637344 6.700000
v -14.793310 37.115414 6.700000
v -14.523140 36.107124 6.700000
v -14.724598 36.593483 6.700000
v -8.879360 37.181404 6.700000
v -8.879357 -36.150803 6.700000
v -8.487570 -34.792496 6.700000
v -8.201180 -34.536331 6.700000
v -7.884674 -34.352726 6.700000
v 16.215324 -13.579698 5.774314
v 17.215324 -13.579698 5.774314
v 17.215324 5.060303 6.423334
v 16.215324 5.060303 6.423334
v 11.015323 35.215302 3.940000
v 11.015323 34.215302 3.940000
v 8.910293 35.215302 3.940000
v 9.232445 35.222126 -2.000000
v 8.910293 35.215302 -2.000000
v 9.579248 35.270245 -2.000000
v 9.784443 35.330143 -2.000000
v 10.016211 35.432743 -2.000000
v 10.260445 35.587997 -2.000000
v 10.481618 35.783707 -2.000000
v 10.662064 36.007912 -2.000000
v 10.779830 36.222134 -2.000000
v 10.846532 36.407913 -2.000000
v 10.882504 36.571098 -2.000000
v 10.910005 37.181404 -2.000000
v 10.982448 37.866364 -2.000000
v 11.174260 38.527901 -2.000000
v 11.479459 39.145374 -2.000000
v 11.888524 39.699528 -2.000000
v 12.388697 40.173073 -2.000000
v 12.964375 40.551247 -2.000000
v 13.597605 40.822247 -2.000000
v 14.268633 40.977623 -2.000000
v 14.956530 41.012527 -2.000001
v 15.639838 40.925873 -2.000001
v 16.297247 40.720360 -2.000001
v 16.908249 40.402401 -2.000001
v 17.453785 39.981915 -2.000001
v 17.916842 39.472012 -2.000001
v 18.282974 38.888603 -2.000001
v 18.540762 38.249882 -2.000001
v 18.682165 37.575768 -2.000001
v 18.702774 36.887295 -2.000001
v 18.601944 36.205933 -2.000001
v 18.382820 35.552937 -2.000001
v 18.256239 35.214916 0.899999
v 18.310726 35.385223 -2.000001
v 18.249365 35.185177 -2.000001
v 18.215872 34.854832 0.899999
v 18.215322 34.751724 -2.000001
v 18.215872 34.854832 3.799999
v 18.256239 35.214916 3.799999
v 16.215324 13.770303 6.423334
v 17.215324 13.770303 6.423334
v 17.215324 3.960303 5.967700
v 17.215324 6.623637 4.860000
v 17.215324 6.168002 3.759999
v 17.215324 12.662602 3.759999
v 17.215324 12.206968 4.860000
v 17.215324 14.870302 5.967700
v 17.215324 17.660303 6.423334
v 16.215324 17.660303 6.423334
v 16.215324 6.623637 4.860000
v 16.215324 -14.314012 5.039999
v 16.215324 -32.184700 -0.000001
v 16.215324 -24.855383 5.039999
v 16.215324 -25.589697 5.774314
v 16.215322 33.215302 -0.000001
v 16.215324 12.206968 4.860000
v 16.215322 19.223637 4.860000
v 16.215322 24.806969 4.860000
v 16.215322 26.370302 6.423334
v 17.215326 -25.589697 5.774314
v 18.215326 -26.689697 5.318679
v 17.215326 -26.689697 5.318679
v 18.215326 -33.721123 -2.000001
v 18.249369 -34.154575 -2.000001
v 18.310730 -34.354622 -2.000001
v 18.382824 -34.522335 -2.000001
v 18.601948 -35.175331 -2.000001
v 18.702778 -35.856693 -2.000001
v 18.682169 -36.545166 -2.000001
v 18.540766 -37.219280 -2.000001
v 18.282978 -37.858002 -2.000001
v 17.916845 -38.441410 -2.000001
v 17.453789 -38.951313 -2.000001
v 16.908253 -39.371799 -2.000001
v 16.297251 -39.689758 -2.000001
v 15.639842 -39.895271 -2.000001
v 14.956533 -39.981926 -2.000001
v 14.268637 -39.947021 -2.000000
v 13.597609 -39.791645 -2.000000
v 12.964379 -39.520645 -2.000000
v 12.388700 -39.142471 -2.000000
v 11.888528 -38.668926 -2.000000
v 11.479463 -38.114773 -2.000000
v 11.174264 -37.497299 -2.000000
v 10.982451 -36.835762 -2.000000
v 10.910008 -36.150803 -2.000000
v -16.184679 34.751724 -1.999999
v -16.218721 35.185177 -1.999999
v -16.280083 35.385223 -1.999999
v -16.352177 35.552937 -1.999999
v -16.571301 36.205933 -1.999999
v -16.672131 36.887295 -1.999999
v -16.651522 37.575768 -1.999999
v -16.510118 38.249882 -1.999999
v -16.252331 38.888603 -1.999999
v -15.886198 39.472012 -1.999999
v -15.423141 39.981915 -1.999999
v -14.877604 40.402401 -1.999999
v -14.266603 40.720360 -1.999999
v -13.609195 40.925873 -1.999999
v -12.925886 41.012527 -1.999999
v -12.237989 40.977623 -1.999999
v -11.566961 40.822247 -1.999999
v -10.933732 40.551247 -2.000000
v -10.358053 40.173073 -2.000000
v -9.857881 39.699528 -2.000000
v -9.448815 39.145374 -2.000000
v -9.143617 38.527901 -2.000000
v -8.951804 37.866364 -2.000000
v -8.879361 37.181404 -2.000000
v -8.875053 36.804367 -2.000000
v -8.811536 36.392696 -2.000000
v -8.722401 36.165051 -2.000000
v -8.592529 35.951954 -2.000000
v -8.452893 35.785530 -2.000000
v -8.325309 35.664799 -2.000000
v -8.050682 35.468849 -2.000000
v -7.668052 35.301975 -2.000000
v -7.256696 35.226135 -2.000000
v -6.879648 35.215302 3.940000
v -6.879648 35.215302 -2.000000
v -8.984677 35.215302 3.940001
v -8.984677 34.215302 3.940001
v -7.884677 33.215302 5.040000
v -7.884677 34.215302 5.040000
v 9.915322 34.215302 5.039999
v 9.915322 33.215302 5.039999
v 18.215326 -25.311018 3.939999
v 17.215326 -25.311018 3.939999
v 18.215324 -13.858377 3.939999
v 17.215324 -13.858377 3.939999
v 18.215324 -12.479697 5.318679
v 17.215324 -12.479697 5.318679
v 17.215324 -14.314012 5.039999
v 17.215326 -24.855383 5.039999
v 18.215324 3.960303 5.967699
v 18.215324 6.168003 3.759999
v 18.215324 12.662602 3.759999
v 18.215324 14.870302 5.967699
v 18.215324 16.560303 5.967699
v 18.215324 18.768003 3.759999
v 17.215324 16.560303 5.967700
v 17.215324 18.768003 3.759999
v 18.215324 25.262602 3.759999
v 17.215324 25.262602 3.759999
v 18.215324 27.470303 5.967699
v 17.215324 27.470303 5.967700
v 17.215324 26.370302 6.423334
v 17.215324 24.806969 4.860000
v 17.215324 19.223637 4.860000
v -16.184675 -33.712875 1.000001
v -16.191948 -33.533264 1.000001
v -16.184675 -33.712875 -1.999999
v -16.192562 -33.528294 -1.999999
v -16.209225 -33.443432 1.000001
v -16.211491 -33.435375 -1.999999
v -16.243954 -33.351234 1.000001
v -16.249407 -33.340466 -1.999999
v -16.307663 -33.251705 1.000001
v -16.312143 -33.246128 -1.999999
v -16.403933 -33.155228 1.000001
v -16.402426 -33.156448 -1.999999
v -16.516792 -33.076916 1.000001
v -16.519049 -33.075581 -1.999999
v -16.641697 -33.014683 1.000001
v -16.648144 -33.012012 -1.999999
v -16.777931 -32.968349 1.000001
v -16.780470 -32.967697 -1.999999
v -16.917580 -32.943066 1.000001
v -16.915649 -32.943264 -1.999999
v -17.044832 -32.942638 1.000001
v -17.051941 -32.943413 -1.999999
v -17.155899 -32.964985 1.000001
v -17.167370 -32.968742 -1.999999
v -17.249821 -33.005283 1.000001
v -17.257122 -33.009380 -1.999999
v -17.328909 -33.057602 1.000001
v -17.332857 -33.060684 -1.999999
v -17.465004 -33.182545 1.000001
v -17.465004 -33.182545 -1.999999
v -21.475328 -35.891438 1.000001
v -21.475328 -35.891438 -1.999999
v -17.465008 34.213146 1.000001
v -17.332861 34.091286 1.000001
v -17.465008 34.213146 -1.999999
v -17.328913 34.088203 -1.999999
v -17.257126 34.039982 1.000001
v -17.249825 34.035885 -1.999999
v -17.167374 33.999344 1.000001
v -17.155903 33.995586 -1.999999
v -17.051945 33.974014 1.000001
v -17.044836 33.973240 -1.999999
v -16.915653 33.973866 1.000001
v -16.917583 33.973667 -1.999999
v -16.780474 33.998299 1.000001
v -16.777935 33.998951 -1.999999
v -16.648148 34.042614 1.000001
v -16.641701 34.045284 -1.999999
v -16.519053 34.106182 1.000001
v -16.516796 34.107517 -1.999999
v -16.402430 34.187050 1.000001
v -16.403936 34.185829 -1.999999
v -16.312147 34.276730 1.000001
v -16.307667 34.282307 -1.999999
v -16.249411 34.371067 1.000001
v -16.243958 34.381836 -1.999999
v -16.211494 34.465977 1.000001
v -16.209229 34.474033 -1.999999
v -16.192566 34.558895 1.000001
v -16.191952 34.563866 -1.999999
v -16.184679 34.743477 1.000001
v -16.184679 34.743477 -1.999999
v -16.184677 -17.224543 1.000001
v -16.184675 -33.721123 -1.999999
v -16.184677 18.255148 1.000001
v -16.184677 -17.224543 -1.999999
v -16.184677 18.255148 -1.999999
v 18.215322 34.743477 0.999999
v 18.222595 34.563866 0.999999
v 18.215322 34.743477 -2.000001
v 18.223209 34.558895 -2.000001
v 18.239872 34.474033 0.999999
v 18.242138 34.465977 -2.000001
v 18.274601 34.381836 0.999999
v 18.280054 34.371067 -2.000001
v 18.338310 34.282307 0.999999
v 18.342791 34.276730 -2.000001
v 18.434580 34.185829 0.999999
v 18.433073 34.187050 -2.000001
v 18.547440 34.107517 0.999999
v 18.549696 34.106182 -2.000001
v 18.672344 34.045284 0.999999
v 18.678791 34.042614 -2.000001
v 18.808578 33.998951 0.999999
v 18.811117 33.998299 -2.000001
v 18.948227 33.973667 0.999999
v 18.946297 33.973866 -2.000001
v 19.075480 33.973240 0.999999
v 19.082588 33.974014 -2.000001
v 19.186546 33.995586 0.999999
v 19.198017 33.999344 -2.000001
v 19.280468 34.035885 0.999999
v 19.287769 34.039982 -2.000001
v 19.359556 34.088203 0.999999
v 19.363504 34.091286 -2.000001
v 19.495651 34.213146 0.999999
v 19.495651 34.213146 -2.000001
v 23.502131 36.916595 0.999999
v 23.502131 36.916595 -2.000001
v 19.495655 -33.182545 0.999999
v 19.363508 -33.060684 0.999999
v 19.495655 -33.182545 -2.000001
v 19.359560 -33.057602 -2.000001
v 19.287773 -33.009380 0.999999
v 19.280472 -33.005283 -2.000001
v 19.198021 -32.968742 0.999999
v 19.186550 -32.964985 -2.000001
v 19.082592 -32.943413 0.999999
v 19.075483 -32.942638 -2.000001
v 18.946301 -32.943264 0.999999
v 18.948231 -32.943066 -2.000001
v 18.811121 -32.967697 0.999999
v 18.808582 -32.968349 -2.000001
v 18.678795 -33.012012 0.999999
v 18.672348 -33.014683 -2.000001
v 18.549700 -33.075581 0.999999
v 18.547443 -33.076916 -2.000001
v 18.433077 -33.156448 0.999999
v 18.434584 -33.155228 -2.000001
v 18.342794 -33.246128 0.999999
v 18.338314 -33.251705 -2.000001
v 18.280058 -33.340466 0.999999
v 18.274605 -33.351234 -2.000001
v 18.242142 -33.435375 0.999999
v 18.239876 -33.443432 -2.000001
v 18.223213 -33.528294 0.999999
v 18.222599 -33.533264 -2.000001
v 18.215326 -33.712875 0.999999
v 18.215326 -33.712875 -2.000001
v 18.215324 -17.224543 0.999999
v 18.215324 -17.224543 -2.000001
v 18.215324 18.255148 -2.000001
v 18.215324 18.255148 0.999999
v -17.063356 -19.345863 1.000001
v -16.691353 -18.942158 1.000001
v -17.063356 -19.345863 -1.999999
v -16.691353 -18.942158 -1.999999
v -16.515348 -18.690859 1.000001
v -16.515348 -18.690859 -1.999999
v -16.364012 -18.392900 1.000001
v -16.364012 -18.392900 -1.999999
v -16.260334 -18.075199 1.000001
v -16.260334 -18.075199 -1.999999
v -16.207094 -17.773050 1.000001
v -16.207094 -17.773050 -1.999999
v -16.207094 18.803656 1.000001
v -16.207094 18.803656 -1.999999
v -16.260334 19.105804 1.000001
v -16.260334 19.105804 -1.999999
v -16.364012 19.423506 1.000001
v -16.364012 19.423506 -1.999999
v -16.515348 19.721464 1.000001
v -16.515348 19.721464 -1.999999
v -16.691353 19.972763 1.000001
v -16.691353 19.972763 -1.999999
v -17.063356 20.376469 1.000001
v -17.063358 20.376469 -1.999999
v -28.046381 29.485819 1.000001
v -28.046381 29.485819 -1.999999
v 19.094004 20.376469 0.999999
v 18.722000 19.972763 0.999999
v 19.094002 20.376469 -2.000001
v 18.722000 19.972763 -2.000001
v 18.545996 19.721464 0.999999
v 18.545996 19.721464 -2.000001
v 18.394659 19.423506 0.999999
v 18.394659 19.423506 -2.000001
v 18.290981 19.105804 0.999999
v 18.290981 19.105804 -2.000001
v 18.237741 18.803656 0.999999
v 18.237741 18.803656 -2.000001
v 18.237741 -17.773050 0.999999
v 18.237741 -17.773050 -2.000001
v 18.290981 -18.075199 0.999999
v 18.290981 -18.075199 -2.000001
v 18.394659 -18.392900 0.999999
v 18.394659 -18.392900 -2.000001
v 18.545996 -18.690859 0.999999
v 18.545996 -18.690859 -2.000001
v 18.722000 -18.942158 0.999999
v 18.722000 -18.942158 -2.000001
v 19.094004 -19.345863 0.999999
v 19.094004 -19.345863 -2.000001
v 29.987743 -28.409456 0.999999
v 29.987743 -28.409456 -2.000001
v -16.352173 -34.522335 -1.999999
v -16.280079 -34.354622 -1.999999
v -16.218718 -34.154575 -1.999999
v 10.905701 -35.773766 -2.000000
v 10.842183 -35.362095 -2.000000
v 10.753048 -35.134449 -2.000000
v 10.623177 -34.921352 -2.000000
v 10.483541 -34.754929 -2.000000
v 10.355956 -34.634197 -2.000000
v 10.081329 -34.438248 -2.000000
v 9.698699 -34.271374 -2.000000
v 9.287342 -34.195534 -2.000000
v 8.910295 -34.184700 -2.000000
v 6.115325 -34.184700 4.125000
v -6.879645 -34.184700 -2.000000
v -6.879645 -34.184700 4.125000
v -7.884674 -34.352726 4.125000
v -7.985563 -34.402142 -2.000000
v -7.753796 -34.299541 -2.000000
v -8.450971 -34.753105 -2.000000
v -8.229797 -34.557396 -2.000000
v -8.631416 -34.977310 -2.000000
v -8.749183 -35.191532 -2.000000
v -8.815885 -35.377312 -2.000000
v -8.851857 -35.540497 -2.000000
v -8.879357 -36.150803 -2.000000
v -7.624435 -34.258781 4.125000
v -7.548601 -34.239643 -2.000000
v -7.362363 -34.206650 4.125000
v -7.201798 -34.191525 -2.000000
v -8.951800 -36.835762 -2.000000
v -9.143613 -37.497299 -2.000000
v -9.448812 -38.114773 -2.000000
v -9.857877 -38.668926 -2.000000
v -10.358049 -39.142471 -2.000000
v -10.933728 -39.520645 -2.000000
v -11.566957 -39.791645 -1.999999
v -12.237986 -39.947021 -1.999999
v -12.925882 -39.981926 -1.999999
v -13.609191 -39.895271 -1.999999
v -14.266599 -39.689758 -1.999999
v -14.877601 -39.371799 -1.999999
v -15.423138 -38.951313 -1.999999
v -15.886194 -38.441410 -1.999999
v -16.252327 -37.858002 -1.999999
v -16.510115 -37.219280 -1.999999
v -16.651518 -36.545166 -1.999999
v -16.672127 -35.856693 -1.999999
v -16.571297 -35.175331 -1.999999
v 6.115325 -33.184700 4.125000
v -7.884674 -33.184700 4.125000
v 5.015326 -33.184700 5.225000
v -6.784675 -33.184700 5.225000
v 5.015325 -32.184700 5.225000
v -10.128801 28.187155 0.000000
v -10.128801 30.843451 0.000000
v -10.484677 28.140303 0.000001
v -10.484677 30.890303 0.000001
v -10.840553 28.187155 0.000001
v -10.840553 30.843451 0.000001
v -11.172177 28.324518 0.000001
v -11.172177 30.706087 0.000001
v -11.456949 28.543032 0.000001
v -11.456949 30.487574 0.000001
v -11.675462 28.827803 0.000001
v -11.675462 30.202803 0.000001
v -11.812825 29.159426 0.000001
v -11.812825 29.871180 0.000001
v -11.859677 29.515303 0.000001
v -9.797177 30.706087 0.000000
v -9.797177 28.324518 0.000000
v -9.512405 30.487574 0.000000
v -9.512405 28.543032 0.000000
v -9.293893 30.202803 0.000000
v -9.293893 28.827803 0.000000
v -9.156529 29.871180 0.000000
v -9.156529 29.159426 0.000000
v -9.109677 29.515303 0.000000
v -10.128799 -29.812845 0.000000
v -10.128799 -27.156549 0.000000
v -10.484675 -29.859697 0.000001
v -10.484675 -27.109697 0.000001
v -10.840551 -29.812845 0.000001
v -10.840551 -27.156549 0.000001
v -11.172175 -29.675482 0.000001
v -11.172175 -27.293913 0.000001
v -11.456947 -29.456968 0.000001
v -11.456947 -27.512426 0.000001
v -11.675460 -29.172197 0.000001
v -11.675460 -27.797197 0.000001
v -11.812823 -28.840574 0.000001
v -11.812823 -28.128820 0.000001
v -11.859675 -28.484697 0.000001
v -9.797175 -27.293913 0.000000
v -9.797175 -29.675482 0.000000
v -9.512403 -27.512426 0.000000
v -9.512403 -29.456968 0.000000
v -9.293891 -27.797197 0.000000
v -9.293891 -29.172197 0.000000
v -9.156528 -28.128820 0.000000
v -9.156528 -28.840574 0.000000
v -9.109675 -28.484697 0.000000
v -10.840553 28.187155 4.000000
v -11.088573 26.576714 4.000000
v -10.484677 28.140303 4.000000
v -10.484677 26.515303 4.000000
v -9.880782 26.576714 4.000000
v -11.667745 26.758429 4.000000
v -11.172177 28.324518 4.000000
v -12.198482 27.053013 4.000000
v -11.456949 28.543032 4.000000
v -12.659056 27.448402 4.000000
v -13.030610 27.928411 4.000000
v -11.675462 28.827803 4.000000
v -13.297934 28.473387 4.000000
v -11.812825 29.159426 4.000000
v -13.450082 29.061020 4.000000
v -11.859677 29.515303 4.000000
v -13.480826 29.667250 4.000000
v -11.812825 29.871180 4.000000
v -13.388908 30.267260 4.000000
v -13.178091 30.836485 4.000000
v -11.675462 30.202803 4.000000
v -12.857004 31.351620 4.000000
v -11.456949 30.487574 4.000000
v -12.438795 31.791576 4.000000
v -11.172177 30.706087 4.000000
v -11.940583 32.138340 4.000000
v -11.382767 32.377720 4.000000
v -10.840553 30.843451 4.000000
v -10.788182 32.499908 4.000000
v -10.484677 30.890303 4.000000
v -10.181172 32.499908 4.000000
v -10.128801 30.843451 4.000000
v -9.586588 32.377720 4.000000
v -9.797177 30.706087 4.000000
v -9.028771 32.138340 4.000000
v -8.530560 31.791576 4.000000
v -9.512405 30.487574 4.000000
v -8.112350 31.351620 4.000000
v -9.293893 30.202803 4.000000
v -7.791264 30.836485 4.000000
v -9.156529 29.871180 4.000000
v -7.580446 30.267260 4.000000
v -7.488528 29.667250 4.000000
v -9.109677 29.515303 4.000000
v -7.519273 29.061020 4.000000
v -9.156529 29.159426 4.000000
v -7.671421 28.473387 4.000000
v -9.293893 28.827803 4.000000
v -7.938745 27.928411 4.000000
v -9.512405 28.543032 4.000000
v -8.310299 27.448402 4.000000
v -8.770873 27.053013 4.000000
v -9.797177 28.324518 4.000000
v -9.301610 26.758429 4.000000
v -10.128801 28.187155 4.000000
v -11.088573 26.576714 0.000001
v -10.484677 26.515303 0.000001
v -9.880782 26.576714 0.000000
v -9.301610 26.758429 0.000000
v -8.770873 27.053013 0.000000
v -8.310299 27.448402 0.000000
v -7.938745 27.928411 0.000000
v -7.671421 28.473387 0.000000
v -7.519273 29.061020 0.000000
v -7.488528 29.667250 0.000000
v -7.580446 30.267260 0.000000
v -7.791264 30.836485 0.000000
v -8.112350 31.351620 0.000000
v -8.530560 31.791576 0.000000
v -9.028771 32.138340 0.000000
v -9.586588 32.377720 0.000000
v -10.181172 32.499908 0.000000
v -10.788182 32.499908 0.000001
v -11.382767 32.377720 0.000001
v -11.940583 32.138340 0.000001
v -12.438795 31.791576 0.000001
v -12.857004 31.351620 0.000001
v -13.178091 30.836485 0.000001
v -13.388908 30.267260 0.000001
v -13.480826 29.667250 0.000001
v -13.450082 29.061020 0.000001
v -13.297934 28.473387 0.000001
v -13.030610 27.928411 0.000001
v -12.659056 27.448402 0.000001
v -12.198482 27.053013 0.000001
v -11.667745 26.758429 0.000001
v 12.871199 28.187155 -0.000001
v 12.871199 30.843451 -0.000001
v 12.515323 28.140303 -0.000001
v 12.515323 30.890303 -0.000001
v 12.159447 28.187155 -0.000000
v 12.159447 30.843451 -0.000000
v 11.827823 28.324518 -0.000000
v 11.827823 30.706087 -0.000000
v 11.543051 28.543032 -0.000000
v 11.543051 30.487574 -0.000000
v 11.324538 28.827803 -0.000000
v 11.324538 30.202803 -0.000000
v 11.187175 29.159426 -0.000000
v 11.187175 29.871180 -0.000000
v 11.140323 29.515303 -0.000000
v 13.202823 30.706087 -0.000001
v 13.202823 28.324518 -0.000001
v 13.487595 30.487574 -0.000001
v 13.487595 28.543032 -0.000001
v 13.706107 30.202803 -0.000001
v 13.706107 28.827803 -0.000001
v 13.843471 29.871180 -0.000001
v 13.843471 29.159426 -0.000001
v 13.890323 29.515303 -0.000001
v -10.840550 -29.812845 4.000000
v -11.088570 -31.423286 4.000000
v -10.484674 -29.859697 4.000000
v -10.484674 -31.484697 4.000000
v -9.880779 -31.423286 4.000000
v -11.667742 -31.241571 4.000000
v -11.172174 -29.675482 4.000000
v -12.198479 -30.946987 4.000000
v -11.456946 -29.456968 4.000000
v -12.659053 -30.551598 4.000000
v -13.030607 -30.071589 4.000000
v -11.675459 -29.172197 4.000000
v -13.297931 -29.526613 4.000000
v -11.812822 -28.840574 4.000000
v -13.450079 -28.938980 4.000000
v -11.859674 -28.484697 4.000000
v -13.480824 -28.332750 4.000000
v -11.812823 -28.128820 4.000000
v -13.388906 -27.732740 4.000000
v -13.178089 -27.163515 4.000000
v -11.675460 -27.797197 4.000000
v -12.857002 -26.648380 4.000000
v -11.456947 -27.512426 4.000000
v -12.438793 -26.208424 4.000000
v -11.172175 -27.293913 4.000000
v -11.940581 -25.861658 4.000000
v -11.382765 -25.622280 4.000000
v -10.840551 -27.156549 4.000000
v -10.788180 -25.500090 4.000000
v -10.484675 -27.109697 4.000000
v -10.181170 -25.500090 4.000000
v -10.128799 -27.156549 4.000000
v -9.586586 -25.622280 4.000000
v -9.797175 -27.293913 4.000000
v -9.028769 -25.861658 4.000000
v -8.530558 -26.208424 4.000000
v -9.512403 -27.512426 4.000000
v -8.112349 -26.648380 4.000000
v -9.293891 -27.797197 4.000000
v -7.791262 -27.163515 4.000000
v -9.156528 -28.128820 4.000000
v -7.580444 -27.732740 4.000000
v -7.488525 -28.332750 4.000000
v -9.109674 -28.484697 4.000000
v -7.519270 -28.938980 4.000000
v -9.156527 -28.840574 4.000000
v -7.671418 -29.526613 4.000000
v -9.293890 -29.172197 4.000000
v -7.938742 -30.071589 4.000000
v -9.512403 -29.456968 4.000000
v -8.310296 -30.551598 4.000000
v -8.770870 -30.946987 4.000000
v -9.797174 -29.675482 4.000000
v -9.301607 -31.241571 4.000000
v -10.128798 -29.812845 4.000000
v -11.088571 -31.423286 0.000001
v -10.484675 -31.484697 0.000001
v -9.880780 -31.423286 0.000000
v -9.301608 -31.241571 0.000000
v -8.770871 -30.946987 0.000000
v -8.310297 -30.551598 0.000000
v -7.938743 -30.071589 0.000000
v -7.671419 -29.526613 0.000000
v -7.519271 -28.938980 0.000000
v -7.488526 -28.332750 0.000000
v -7.580444 -27.732740 0.000000
v -7.791262 -27.163515 0.000000
v -8.112349 -26.648380 0.000000
v -8.530558 -26.208424 0.000000
v -9.028769 -25.861658 0.000000
v -9.586586 -25.622280 0.000000
v -10.181170 -25.500090 0.000000
v -10.788180 -25.500090 0.000001
v -11.382765 -25.622280 0.000001
v -11.940581 -25.861658 0.000001
v -12.438793 -26.208424 0.000001
v -12.857002 -26.648380 0.000001
v -13.178089 -27.163515 0.000001
v -13.388906 -27.732740 0.000001
v -13.480824 -28.332750 0.000001
v -13.450080 -28.938980 0.000001
v -13.297932 -29.526613 0.000001
v -13.030608 -30.071589 0.000001
v -12.659054 -30.551598 0.000001
v -12.198480 -30.946987 0.000001
v -11.667743 -31.241571 0.000001
v 12.871201 -29.812845 -0.000001
v 12.871201 -27.156549 -0.000001
v 12.515325 -29.859697 -0.000001
v 12.515325 -27.109697 -0.000001
v 12.159449 -29.812845 -0.000000
v 12.159449 -27.156549 -0.000000
v 11.827825 -29.675482 -0.000000
v 11.827825 -27.293913 -0.000000
v 11.543053 -29.456968 -0.000000
v 11.543053 -27.512426 -0.000000
v 11.324540 -29.172197 -0.000000
v 11.324540 -27.797197 -0.000000
v 11.187177 -28.840574 -0.000000
v 11.187177 -28.128820 -0.000000
v 11.140325 -28.484697 -0.000000
v 13.202825 -27.293913 -0.000001
v 13.202825 -29.675482 -0.000001
v 13.487597 -27.512426 -0.000001
v 13.487597 -29.456968 -0.000001
v 13.706109 -27.797197 -0.000001
v 13.706109 -29.172197 -0.000001
v 13.843472 -28.128820 -0.000001
v 13.843472 -28.840574 -0.000001
v 13.890325 -28.484697 -0.000001
v 12.159447 28.187155 4.000000
v 11.911427 26.576714 4.000000
v 12.515323 28.140303 4.000000
v 12.515323 26.515303 4.000000
v 13.119218 26.576714 4.000000
v 11.332255 26.758429 4.000000
v 11.827823 28.324518 4.000000
v 10.801518 27.053013 4.000000
v 11.543051 28.543032 4.000000
v 10.340944 27.448402 4.000000
v 9.969390 27.928411 4.000000
v 11.324538 28.827803 4.000000
v 9.702066 28.473387 4.000000
v 11.187175 29.159426 4.000000
v 9.549918 29.061020 4.000000
v 11.140323 29.515303 4.000000
v 9.519174 29.667250 4.000000
v 11.187175 29.871180 4.000000
v 9.611092 30.267260 4.000000
v 9.821909 30.836485 4.000000
v 11.324538 30.202803 4.000000
v 10.142996 31.351620 4.000000
v 11.543051 30.487574 4.000000
v 10.561205 31.791576 4.000000
v 11.827823 30.706087 4.000000
v 11.059417 32.138340 4.000000
v 11.617233 32.377720 4.000000
v 12.159447 30.843451 4.000000
v 12.211818 32.499908 4.000000
v 12.515323 30.890303 4.000000
v 12.818828 32.499908 4.000000
v 12.871199 30.843451 4.000000
v 13.413412 32.377720 4.000000
v 13.202823 30.706087 4.000000
v 13.971229 32.138340 4.000000
v 14.469440 31.791576 4.000000
v 13.487595 30.487574 4.000000
v 14.887650 31.351620 3.999999
v 13.706107 30.202803 4.000000
v 15.208736 30.836485 3.999999
v 13.843471 29.871180 4.000000
v 15.419554 30.267260 3.999999
v 15.511472 29.667250 3.999999
v 13.890323 29.515303 4.000000
v 15.480727 29.061020 3.999999
v 13.843471 29.159426 4.000000
v 15.328579 28.473387 3.999999
v 13.706107 28.827803 4.000000
v 15.061255 27.928411 3.999999
v 13.487595 28.543032 4.000000
v 14.689701 27.448402 3.999999
v 14.229127 27.053013 4.000000
v 13.202823 28.324518 4.000000
v 13.698390 26.758429 4.000000
v 12.871199 28.187155 4.000000
v 11.911427 26.576714 -0.000000
v 12.515323 26.515303 -0.000001
v 13.119218 26.576714 -0.000001
v 13.698390 26.758429 -0.000001
v 14.229127 27.053013 -0.000001
v 14.689701 27.448402 -0.000001
v 15.061255 27.928411 -0.000001
v 15.328579 28.473387 -0.000001
v 15.480727 29.061020 -0.000001
v 15.511472 29.667250 -0.000001
v 15.419554 30.267260 -0.000001
v 15.208736 30.836485 -0.000001
v 14.887650 31.351620 -0.000001
v 14.469440 31.791576 -0.000001
v 13.971229 32.138340 -0.000001
v 13.413412 32.377720 -0.000001
v 12.818828 32.499908 -0.000001
v 12.211818 32.499908 -0.000000
v 11.617233 32.377720 -0.000000
v 11.059417 32.138340 -0.000000
v 10.561205 31.791576 -0.000000
v 10.142996 31.351620 -0.000000
v 9.821909 30.836485 -0.000000
v 9.611092 30.267260 -0.000000
v 9.519174 29.667250 -0.000000
v 9.549918 29.061020 -0.000000
v 9.702066 28.473387 -0.000000
v 9.969390 27.928411 -0.000000
v 10.340944 27.448402 -0.000000
v 10.801518 27.053013 -0.000000
v 11.332255 26.758429 -0.000000
v 12.159450 -29.812845 4.000000
v 11.911430 -31.423286 4.000000
v 12.515326 -29.859697 4.000000
v 12.515326 -31.484697 4.000000
v 13.119221 -31.423286 4.000000
v 11.332258 -31.241571 4.000000
v 11.827826 -29.675482 4.000000
v 10.801521 -30.946987 4.000000
v 11.543054 -29.456968 4.000000
v 10.340947 -30.551598 4.000000
v 9.969393 -30.071589 4.000000
v 11.324541 -29.172197 4.000000
v 9.702069 -29.526613 4.000000
v 11.187178 -28.840574 4.000000
v 9.549921 -28.938980 4.000000
v 11.140326 -28.484697 4.000000
v 9.519176 -28.332750 4.000000
v 11.187177 -28.128820 4.000000
v 9.611094 -27.732740 4.000000
v 9.821911 -27.163515 4.000000
v 11.324540 -27.797197 4.000000
v 10.142998 -26.648380 4.000000
v 11.543053 -27.512426 4.000000
v 10.561207 -26.208424 4.000000
v 11.827825 -27.293913 4.000000
v 11.059419 -25.861658 4.000000
v 11.617235 -25.622280 4.000000
v 12.159449 -27.156549 4.000000
v 12.211820 -25.500090 4.000000
v 12.515325 -27.109697 4.000000
v 12.818830 -25.500090 4.000000
v 12.871201 -27.156549 4.000000
v 13.413414 -25.622280 4.000000
v 13.202825 -27.293913 4.000000
v 13.971231 -25.861658 4.000000
v 14.469442 -26.208424 4.000000
v 13.487597 -27.512426 4.000000
v 14.887651 -26.648380 3.999999
v 13.706109 -27.797197 4.000000
v 15.208738 -27.163515 3.999999
v 13.843472 -28.128820 4.000000
v 15.419556 -27.732740 3.999999
v 15.511475 -28.332750 3.999999
v 13.890326 -28.484697 4.000000
v 15.480730 -28.938980 3.999999
v 13.843473 -28.840574 4.000000
v 15.328582 -29.526613 3.999999
v 13.706110 -29.172197 4.000000
v 15.061258 -30.071589 3.999999
v 13.487597 -29.456968 4.000000
v 14.689704 -30.551598 3.999999
v 14.229130 -30.946987 4.000000
v 13.202826 -29.675482 4.000000
v 13.698393 -31.241571 4.000000
v 12.871202 -29.812845 4.000000
v 11.911429 -31.423286 -0.000000
v 12.515325 -31.484697 -0.000001
v 13.119220 -31.423286 -0.000001
v 13.698392 -31.241571 -0.000001
v 14.229129 -30.946987 -0.000001
v 14.689703 -30.551598 -0.000001
v 15.061257 -30.071589 -0.000001
v 15.328581 -29.526613 -0.000001
v 15.480729 -28.938980 -0.000001
v 15.511474 -28.332750 -0.000001
v 15.419556 -27.732740 -0.000001
v 15.208738 -27.163515 -0.000001
v 14.887651 -26.648380 -0.000001
v 14.469442 -26.208424 -0.000001
v 13.971231 -25.861658 -0.000001
v 13.413414 -25.622280 -0.000001
v 12.818830 -25.500090 -0.000001
v 12.211820 -25.500090 -0.000000
v 11.617235 -25.622280 -0.000000
v 11.059419 -25.861658 -0.000000
v 10.561207 -26.208424 -0.000000
v 10.142998 -26.648380 -0.000000
v 9.821911 -27.163515 -0.000000
v 9.611094 -27.732740 -0.000000
v 9.519176 -28.332750 -0.000000
v 9.549920 -28.938980 -0.000000
v 9.702068 -29.526613 -0.000000
v 9.969392 -30.071589 -0.000000
v 10.340946 -30.551598 -0.000000
v 10.801520 -30.946987 -0.000000
v 11.332257 -31.241571 -0.000000
v -14.184675 -32.184700 0.000001
v -14.184677 33.215302 0.000001
v -24.346899 -34.252136 1.000001
v -24.902575 -34.245777 1.000001
v -25.224421 -36.825779 1.000001
v -25.442781 -34.115429 1.000001
v -26.008499 -36.669037 1.000001
v -25.936131 -33.868668 1.000001
v -26.758795 -36.400085 1.000001
v -26.353943 -33.519829 1.000001
v -27.456829 -36.025562 1.000001
v -26.671940 -33.089195 1.000001
v -28.085419 -35.554680 1.000001
v -28.629080 -34.999035 1.000001
v -26.871641 -32.601788 1.000001
v -29.074429 -34.372307 1.000001
v -26.941441 -32.085934 1.000001
v -29.410500 -33.689934 1.000001
v -29.629019 -32.968712 1.000001
v -29.724602 -32.226406 1.000001
v -29.694899 -31.481283 1.000001
v -26.877281 -31.571608 1.000001
v -29.540638 -30.751707 1.000001
v -29.265621 -30.055628 1.000001
v -28.876617 -29.410194 1.000001
v -28.383207 -28.831293 1.000001
v -26.682890 -31.088715 1.000001
v -27.797539 -28.333185 1.000001
v -26.369568 -30.665304 1.000001
v -25.955523 -30.325989 1.000001
v -25.464815 -30.090488 1.000001
v -24.925964 -29.972490 1.000001
v -24.370289 -29.978849 1.000001
v -23.830082 -30.109198 1.000001
v -23.336735 -30.355959 1.000001
v -22.918922 -30.704794 1.000001
v -22.600925 -31.135431 1.000001
v -22.401224 -31.622839 1.000001
v -22.331425 -32.138691 1.000001
v -22.395584 -32.653015 1.000001
v -22.589975 -33.135910 1.000001
v -22.903297 -33.559322 1.000001
v -23.317343 -33.898636 1.000001
v -22.863840 -36.598522 1.000001
v -22.138832 -36.296494 1.000001
v -23.632492 -36.790081 1.000001
v -23.808050 -34.134136 1.000001
v -24.425863 -36.866463 1.000001
v 27.430471 -34.105034 0.999999
v 26.886002 -34.216244 0.999999
v 27.116631 -36.805996 0.999999
v 26.330446 -34.202995 0.999999
v 26.317135 -36.818481 0.999999
v 25.796095 -34.066063 0.999999
v 25.526949 -36.714161 0.999999
v 25.314001 -33.813396 0.999999
v 24.765535 -36.495602 0.999999
v 24.051632 -36.168186 0.999999
v 24.912184 -33.459686 0.999999
v 23.402830 -35.739975 0.999999
v 24.613993 -33.025486 0.999999
v 24.436758 -32.536034 0.999999
v 24.390783 -32.019764 0.999999
v 24.478737 -31.506693 0.999999
v 24.695509 -31.026632 0.999999
v 25.028500 -30.607483 0.999999
v 25.458359 -30.273605 0.999999
v 25.960104 -30.044401 0.999999
v 26.504574 -29.933191 0.999999
v 27.060129 -29.946438 0.999999
v 27.594479 -30.083372 0.999999
v 28.076572 -30.336037 0.999999
v 28.478390 -30.689749 0.999999
v 28.776581 -31.123949 0.999999
v 30.555475 -28.927916 0.999999
v 28.953815 -31.613401 0.999999
v 31.028156 -29.523863 0.999999
v 31.394150 -30.182619 0.999999
v 31.644438 -30.887966 0.999999
v 31.772867 -31.622534 0.999999
v 28.999790 -32.129673 0.999999
v 31.776262 -32.368240 0.999999
v 31.654554 -33.106712 0.999999
v 31.410728 -33.819775 0.999999
v 31.050793 -34.489872 0.999999
v 28.911837 -32.642742 0.999999
v 30.583612 -35.100494 0.999999
v 28.695065 -33.122803 0.999999
v 30.020687 -35.636616 0.999999
v 28.362074 -33.541950 0.999999
v 29.375877 -36.085030 0.999999
v 28.665064 -36.434696 0.999999
v 27.932215 -33.875832 0.999999
v 27.905750 -36.677010 0.999999
v -25.088591 30.963898 1.000001
v -24.533413 30.939531 1.000001
v -23.986826 31.039824 1.000001
v -23.480593 31.258938 1.000001
v -23.044136 31.584146 1.000001
v -22.702824 31.996548 1.000001
v -22.476488 32.472172 1.000001
v -25.620092 31.111500 1.000001
v -26.097033 31.373762 1.000001
v -26.491690 31.735445 1.000001
v -26.781130 32.175526 1.000001
v -28.603622 30.015539 1.000001
v -26.948532 32.668430 1.000001
v -29.064280 30.620829 1.000001
v -29.417015 31.286776 1.000001
v -29.653135 31.996992 1.000001
v -29.766836 32.733982 1.000001
v -26.984167 33.185513 1.000001
v -29.755308 33.479603 1.000001
v -29.618841 34.215492 1.000001
v -29.360792 34.923534 1.000001
v -28.987518 35.586288 1.000001
v -26.885960 33.696720 1.000001
v -28.508207 36.187439 1.000001
v -26.659624 34.172344 1.000001
v -27.934666 36.712185 1.000001
v -26.318310 34.584743 1.000001
v -27.281010 37.147606 1.000001
v -26.563341 37.482975 1.000001
v -25.881855 34.909954 1.000001
v -25.799330 37.710041 1.000001
v -25.375624 35.129066 1.000001
v -25.007786 37.823208 1.000001
v -24.829037 35.229359 1.000001
v -24.273859 35.204994 1.000001
v -24.208200 37.819691 1.000001
v -23.742353 35.057392 1.000001
v -23.420261 37.699574 1.000001
v -23.265413 34.795128 1.000001
v -22.663374 37.465820 1.000001
v -21.956167 37.124180 1.000001
v -22.870756 34.433445 1.000001
v -21.316065 36.683071 1.000001
v -22.581316 33.993366 1.000001
v -22.413914 33.500462 1.000001
v -22.378281 32.983376 1.000001
v 25.864304 31.137384 0.999999
v 26.404678 31.007729 0.999999
v 29.834036 29.366465 0.999999
v 26.960361 31.002083 0.999999
v 27.499060 31.120771 0.999999
v 27.989466 31.356901 0.999999
v 28.403074 31.696749 0.999999
v 28.715853 32.120560 0.999999
v 30.419065 29.865324 0.999999
v 28.909624 32.603703 0.999999
v 30.911732 30.444859 0.999999
v 31.299908 31.090790 0.999999
v 25.370642 31.383512 0.999999
v 24.952381 31.731810 0.999999
v 24.633831 32.162037 0.999999
v 24.433506 32.649185 0.999999
v 24.363043 33.164948 0.999999
v 24.426542 33.679352 0.999999
v 24.620314 34.162498 0.999999
v 24.933092 34.586311 0.999999
v 24.165115 37.322502 0.999999
v 25.346703 34.926159 0.999999
v 24.889736 37.625458 0.999999
v 25.658140 37.818005 0.999999
v 25.837107 35.162289 0.999999
v 26.451414 37.895405 0.999999
v 26.375803 35.280975 0.999999
v 27.250023 37.855743 0.999999
v 26.931486 35.275333 0.999999
v 27.471863 35.145676 0.999999
v 28.034302 37.700008 0.999999
v 27.965527 34.899548 0.999999
v 28.784941 37.432022 0.999999
v 28.383787 34.551250 0.999999
v 29.483456 37.058392 0.999999
v 30.112650 36.588318 0.999999
v 28.702335 34.121021 0.999999
v 30.657022 36.033371 0.999999
v 28.902662 33.633873 0.999999
v 31.103176 35.407215 0.999999
v 28.973124 33.118107 0.999999
v 31.440123 34.725273 0.999999
v 31.659567 34.004333 0.999999
v 31.756102 33.262150 0.999999
v 31.727356 32.516994 0.999999
v 31.574030 31.787220 0.999999
v -23.986826 31.039824 -1.999999
v -24.533413 30.939531 -1.999999
v -25.088591 30.963898 -1.999999
v -25.620092 31.111500 -1.999999
v -26.097033 31.373762 -1.999999
v -26.491690 31.735445 -1.999999
v -26.781130 32.175526 -1.999999
v -26.948532 32.668430 -1.999999
v -26.984167 33.185513 -1.999999
v -26.885960 33.696720 -1.999999
v -26.659624 34.172344 -1.999999
v -26.318310 34.584743 -1.999999
v -25.881855 34.909954 -1.999999
v -25.375624 35.129066 -1.999999
v -24.829037 35.229359 -1.999999
v -24.273859 35.204994 -1.999999
v -23.742353 35.057392 -1.999999
v -23.265413 34.795128 -1.999999
v -22.870756 34.433445 -1.999999
v -22.581316 33.993366 -1.999999
v -22.413914 33.500462 -1.999999
v -22.378281 32.983376 -1.999999
v -22.476488 32.472172 -1.999999
v -22.702824 31.996548 -1.999999
v -23.044136 31.584146 -1.999999
v -23.480593 31.258938 -1.999999
v -21.316065 36.683071 -1.999999
v -21.956167 37.124180 -1.999999
v -22.663374 37.465820 -1.999999
v -23.420261 37.699574 -1.999999
v -24.208200 37.819691 -1.999999
v -25.007786 37.823208 -1.999999
v -25.799330 37.710041 -1.999999
v -26.563341 37.482975 -1.999999
v -27.281010 37.147606 -1.999999
v -27.934666 36.712185 -1.999999
v -28.508207 36.187439 -1.999999
v -28.987518 35.586288 -1.999999
v -29.360792 34.923534 -1.999999
v -29.618841 34.215492 -1.999999
v -29.755308 33.479603 -1.999999
v -29.766836 32.733982 -1.999999
v -29.653135 31.996992 -1.999999
v -29.417015 31.286776 -1.999999
v -29.064280 30.620829 -1.999999
v -28.603622 30.015539 -1.999999
v 26.960361 31.002083 -2.000001
v 26.404678 31.007729 -2.000001
v 25.864304 31.137384 -2.000001
v 25.370642 31.383512 -2.000001
v 24.952381 31.731810 -2.000001
v 24.633831 32.162037 -2.000001
v 24.433506 32.649185 -2.000001
v 24.363043 33.164948 -2.000001
v 24.426542 33.679352 -2.000001
v 24.620314 34.162498 -2.000001
v 24.933092 34.586311 -2.000001
v 25.346703 34.926159 -2.000001
v 25.837107 35.162289 -2.000001
v 26.375803 35.280975 -2.000001
v 26.931486 35.275333 -2.000001
v 27.471863 35.145676 -2.000001
v 27.965527 34.899548 -2.000001
v 28.383787 34.551250 -2.000001
v 28.702335 34.121021 -2.000001
v 28.902662 33.633873 -2.000001
v 28.973124 33.118107 -2.000001
v 28.909624 32.603703 -2.000001
v 28.715853 32.120560 -2.000001
v 28.403074 31.696749 -2.000001
v 27.989466 31.356901 -2.000001
v 27.499060 31.120771 -2.000001
v 29.834036 29.366465 -2.000001
v 30.419065 29.865324 -2.000001
v 30.911732 30.444859 -2.000001
v 31.299908 31.090790 -2.000001
v 31.574030 31.787220 -2.000001
v 31.727356 32.516994 -2.000001
v 31.756102 33.262150 -2.000001
v 31.659567 34.004333 -2.000001
v 31.440123 34.725273 -2.000001
v 31.103176 35.407215 -2.000001
v 30.657022 36.033371 -2.000001
v 30.112650 36.588318 -2.000001
v 29.483456 37.058392 -2.000001
v 28.784941 37.432022 -2.000001
v 28.034302 37.700008 -2.000001
v 27.250023 37.855743 -2.000001
v 26.451414 37.895405 -2.000001
v 25.658140 37.818005 -2.000001
v 24.889736 37.625458 -2.000001
v 24.165115 37.322502 -2.000001
v -24.346899 -34.252136 -1.999999
v -24.902575 -34.245777 -1.999999
v -25.442781 -34.115429 -1.999999
v -25.936131 -33.868668 -1.999999
v -26.353943 -33.519829 -1.999999
v -26.671940 -33.089195 -1.999999
v -26.871641 -32.601788 -1.999999
v -26.941441 -32.085934 -1.999999
v -26.877281 -31.571608 -1.999999
v -26.682890 -31.088715 -1.999999
v -26.369568 -30.665304 -1.999999
v -25.955523 -30.325989 -1.999999
v -25.464815 -30.090488 -1.999999
v -24.925964 -29.972490 -1.999999
v -24.370289 -29.978849 -1.999999
v -23.830082 -30.109198 -1.999999
v -23.336735 -30.355959 -1.999999
v -22.918922 -30.704794 -1.999999
v -22.600925 -31.135431 -1.999999
v -22.401224 -31.622839 -1.999999
v -22.331425 -32.138691 -1.999999
v -22.395584 -32.653015 -1.999999
v -22.589975 -33.135910 -1.999999
v -22.903297 -33.559322 -1.999999
v -23.317343 -33.898636 -1.999999
v -23.808050 -34.134136 -1.999999
v -27.797539 -28.333185 -1.999999
v -28.383207 -28.831293 -1.999999
v -28.876617 -29.410194 -1.999999
v -29.265621 -30.055628 -1.999999
v -29.540638 -30.751707 -1.999999
v -29.694899 -31.481283 -1.999999
v -29.724602 -32.226406 -1.999999
v -29.629019 -32.968712 -1.999999
v -29.410500 -33.689934 -1.999999
v -29.074429 -34.372307 -1.999999
v -28.629080 -34.999035 -1.999999
v -28.085419 -35.554680 -1.999999
v -27.456829 -36.025562 -1.999999
v -26.758795 -36.400085 -1.999999
v -26.008499 -36.669037 -1.999999
v -25.224421 -36.825779 -1.999999
v -24.425863 -36.866463 -1.999999
v -23.632492 -36.790081 -1.999999
v -22.863840 -36.598522 -1.999999
v -22.138832 -36.296494 -1.999999
v 27.430471 -34.105034 -2.000001
v 26.886002 -34.216244 -2.000001
v 26.330446 -34.202995 -2.000001
v 25.796095 -34.066063 -2.000001
v 25.314001 -33.813396 -2.000001
v 24.912184 -33.459686 -2.000001
v 24.613993 -33.025486 -2.000001
v 24.436758 -32.536034 -2.000001
v 24.390783 -32.019764 -2.000001
v 24.478737 -31.506693 -2.000001
v 24.695509 -31.026632 -2.000001
v 25.028500 -30.607483 -2.000001
v 25.458359 -30.273605 -2.000001
v 25.960104 -30.044401 -2.000001
v 26.504574 -29.933191 -2.000001
v 27.060129 -29.946438 -2.000001
v 27.594479 -30.083372 -2.000001
v 28.076572 -30.336037 -2.000001
v 28.478390 -30.689749 -2.000001
v 28.776581 -31.123949 -2.000001
v 28.953815 -31.613401 -2.000001
v 28.999790 -32.129673 -2.000001
v 28.911837 -32.642742 -2.000001
v 28.695065 -33.122803 -2.000001
v 28.362074 -33.541950 -2.000001
v 27.932215 -33.875832 -2.000001
v 23.402830 -35.739975 -2.000001
v 24.051632 -36.168186 -2.000001
v 24.765535 -36.495602 -2.000001
v 25.526949 -36.714161 -2.000001
v 26.317135 -36.818481 -2.000001
v 27.116631 -36.805996 -2.000001
v 27.905750 -36.677010 -2.000001
v 28.665064 -36.434696 -2.000001
v 29.375877 -36.085030 -2.000001
v 30.020687 -35.636616 -2.000001
v 30.583612 -35.100494 -2.000001
v 31.050793 -34.489872 -2.000001
v 31.410728 -33.819775 -2.000001
v 31.654554 -33.106712 -2.000001
v 31.776262 -32.368240 -2.000001
v 31.772867 -31.622534 -2.000001
v 31.644438 -30.887966 -2.000001
v 31.394150 -30.182619 -2.000001
v 31.028156 -29.523863 -2.000001
v 30.555475 -28.927916 -2.000001
v -6.784675 -32.184700 5.225000
v 3.730545 18.181921 0.069278
v -0.286232 18.923246 0.069278
v 3.730544 18.923246 0.069278
v -1.428479 18.181921 0.069278
v -1.428479 18.877859 0.069278
v -0.286232 18.938375 0.069278
v 0.689595 20.587450 0.069278
v -0.286232 22.236525 0.069278
v 1.710809 20.647966 0.069278
v 3.730544 22.992975 0.069278
v -0.286232 22.251650 0.069278
v -1.428479 22.992975 0.069278
v -1.428479 22.304602 0.069278
v 3.730544 22.251650 0.069278
v 1.710809 20.526934 0.069278
v 2.459420 12.083493 0.069278
v 2.161881 12.772706 0.069278
v 2.742193 12.267728 0.069278
v 1.933846 12.660035 0.069278
v 2.155109 11.937505 0.069278
v 1.688081 12.577149 0.069278
v 1.833068 11.831307 0.069278
v 1.426504 12.525994 0.069278
v 1.497107 11.766454 0.069278
v 1.151033 12.508508 0.069278
v 1.151033 11.744489 0.069278
v 0.798603 11.767037 0.069278
v 0.873972 12.525990 0.069278
v 0.458492 11.833474 0.069278
v 0.611358 12.577146 0.069278
v 0.134192 11.941995 0.069278
v 0.365029 12.660035 0.069278
v -0.170802 12.090779 0.069278
v 0.136823 12.772702 0.069278
v -0.452997 12.278012 0.069278
v 3.581736 13.356091 0.069278
v 3.423200 13.034387 0.069278
v 2.858380 13.482373 0.069278
v 2.720436 13.269998 0.069278
v -0.420668 13.269994 0.069278
v -1.127858 13.052316 0.069278
v -0.557995 13.482369 0.069278
v -1.283925 13.375241 0.069278
v 2.969007 13.714818 0.069278
v 3.050400 13.965386 0.069278
v 3.699691 13.708295 0.069278
v -0.748860 13.965383 0.069278
v -0.668004 13.714814 0.069278
v -1.399727 13.727555 0.069278
v 3.100643 14.232129 0.069278
v 3.117816 14.513112 0.069278
v 3.798625 14.497983 0.069278
v 3.773257 14.089440 0.069278
v -0.798721 14.232125 0.069278
v -1.471769 14.107453 0.069278
v 3.227892 12.744721 0.069278
v 2.557094 13.079633 0.069278
v 2.999620 12.488652 0.069278
v 2.370270 12.913220 0.069278
v -0.071421 12.913217 0.069278
v -0.708901 12.501889 0.069278
v -0.257864 13.079629 0.069278
v -0.935019 12.760594 0.069278
v -1.496560 14.513112 0.069278
v -0.798721 14.795835 0.069278
v -0.815750 14.513112 0.069278
v -1.471913 14.925282 0.069278
v 3.699166 15.311495 0.069278
v 3.050400 15.064035 0.069278
v 2.969007 15.315790 0.069278
v -1.400252 15.309740 0.069278
v -0.668005 15.315786 0.069278
v -0.748860 15.064032 0.069278
v 3.773113 14.919984 0.069278
v 3.100642 14.795838 0.069278
v 2.858380 15.549185 0.069278
v 3.421519 15.998293 0.069278
v 3.580672 15.671324 0.069278
v 2.720436 15.762300 0.069278
v -0.557995 15.549181 0.069278
v -1.129539 15.989325 0.069278
v -0.420669 15.762297 0.069278
v -1.284989 15.664938 0.069278
v 2.738976 16.770231 0.069278
v 2.161881 16.260809 0.069278
v 2.456058 16.953947 0.069278
v 1.933845 16.373640 0.069278
v 2.151917 17.098890 0.069278
v 1.688081 16.456610 0.069278
v 1.830441 17.203890 0.069278
v 1.426504 16.507799 0.069278
v 1.495518 17.267756 0.069278
v 1.151033 16.525286 0.069278
v 1.151033 17.289305 0.069278
v 0.797014 17.267187 0.069278
v 0.873972 16.507795 0.069278
v 0.455865 17.201860 0.069278
v 0.611358 16.456610 0.069278
v 0.131001 17.094873 0.069278
v 0.365028 16.373640 0.069278
v -0.174164 16.947783 0.069278
v 0.136823 16.260805 0.069278
v -0.456215 16.762129 0.069278
v 3.225593 16.291220 0.069278
v 2.557093 15.953222 0.069278
v 2.996783 16.548925 0.069278
v 2.370269 16.120031 0.069278
v -0.071422 16.120028 0.069278
v -0.711738 16.539469 0.069278
v -0.257865 15.953218 0.069278
v -0.937318 16.281351 0.069278
v 2.374249 6.702857 0.069278
v 2.180933 7.441096 0.069278
v 2.654247 6.870257 0.069278
v 1.952994 7.327260 0.069278
v 2.084901 6.574119 0.069278
v 1.705592 7.243999 0.069278
v 1.792794 6.483205 0.069278
v 1.440277 7.192885 0.069278
v 1.504523 6.429273 0.069278
v 1.226679 6.411483 0.069278
v 1.158598 7.175500 0.069278
v 0.842568 6.435800 0.069278
v 0.881389 7.193450 0.069278
v 0.478629 6.507054 0.069278
v 0.618363 7.245963 0.069278
v 0.137384 6.622699 0.069278
v 0.371412 7.331046 0.069278
v -0.178647 6.780185 0.069278
v 0.142426 7.446702 0.069278
v -0.466940 6.976964 0.069278
v 3.548878 7.943303 0.069278
v 3.372210 7.612844 0.069278
v 2.867065 8.170655 0.069278
v 2.732475 7.950286 0.069278
v -0.417824 7.957154 0.069278
v -1.140185 7.777585 0.069278
v -0.556035 8.175143 0.069278
v -1.292317 8.106061 0.069278
v 2.974444 8.413720 0.069278
v 3.053062 8.677901 0.069278
v 3.683232 8.316627 0.069278
v -0.748300 8.670901 0.069278
v -0.666824 8.413724 0.069278
v -1.404104 8.461093 0.069278
v 3.798626 9.195237 0.069278
v 3.768679 8.733657 0.069278
v 3.101370 8.961625 0.069278
v -0.815750 9.233060 0.069278
v -0.798573 8.944676 0.069278
v -1.496560 9.240624 0.069278
v -1.473025 8.840129 0.069278
v 3.159820 7.324410 0.069278
v 2.572223 7.754184 0.069278
v 2.918302 7.077161 0.069278
v 2.387859 7.583930 0.069278
v -0.066702 7.590936 0.069278
v -0.724976 7.210488 0.069278
v -0.254083 7.761752 0.069278
v -0.950231 7.478211 0.069278
v 3.794752 9.392352 0.069278
v 3.117816 9.263316 0.069278
v 3.113579 9.409980 0.069278
v -1.493859 9.373248 0.069278
v -1.485668 9.506745 0.069278
v -0.812261 9.381440 0.069278
v -0.783956 9.673581 0.069278
v -0.801707 9.528115 0.069278
v -1.471857 9.641660 0.069278
v 3.783392 9.579488 0.069278
v 3.100936 9.558480 0.069278
v 3.050856 9.859521 0.069278
v 3.708337 10.088361 0.069278
v 3.739790 9.926755 0.069278
v 3.013628 10.011327 0.069278
v -0.726337 9.962880 0.069278
v -0.758876 9.818334 0.069278
v -1.395383 10.060430 0.069278
v -1.426846 9.917951 0.069278
v 3.764940 9.757375 0.069278
v 3.079993 9.708447 0.069278
v -1.452293 9.778546 0.069278
v -0.582650 10.400243 0.069278
v -0.638356 10.253335 0.069278
v -1.263595 10.511819 0.069278
v -1.313890 10.356816 0.069278
v 3.344753 11.063680 0.069278
v 2.626261 10.917020 0.069278
v 2.535346 11.063680 0.069278
v -0.278667 11.010728 0.069278
v -0.367100 10.853684 0.069278
v -1.072945 11.010728 0.069278
v 2.709821 10.768521 0.069278
v -0.447154 10.699918 0.069278
v -1.143254 10.838227 0.069278
v 2.915324 10.315675 0.069278
v 3.527366 10.671739 0.069278
v 3.580094 10.533879 0.069278
v 2.854458 10.467484 0.069278
v 3.470303 10.805505 0.069278
v 2.785921 10.618554 0.069278
v 3.409301 10.935906 0.069278
v -0.518960 10.548936 0.069278
v -1.206761 10.672109 0.069278
v 3.670974 10.242925 0.069278
v 2.968416 10.163503 0.069278
v 3.628095 10.391187 0.069278
v -0.686207 10.107717 0.069278
v -1.357775 10.206532 0.069278
v 3.465050 4.778693 0.069278
v 3.406123 4.766572 0.069278
v 3.520983 4.798223 0.069278
v 3.344753 4.762408 0.069278
v 3.067846 4.857295 0.069278
v 3.665301 4.895734 0.069278
v 3.621660 4.857293 0.069278
v 3.116135 4.824607 0.069278
v 3.573370 4.824605 0.069278
v 3.168523 4.798223 0.069278
v 3.283383 4.766574 0.069278
v 3.224456 4.778695 0.069278
v 2.907165 5.095984 0.069278
v 2.895043 5.154912 0.069278
v 2.926693 5.040051 0.069278
v 3.782341 5.095983 0.069278
v 3.762813 5.040050 0.069278
v 3.794463 5.154910 0.069278
v 3.798626 5.216281 0.069278
v 3.736428 4.987662 0.069278
v 3.024205 4.895736 0.069278
v 3.782341 5.336579 0.069278
v 3.794463 5.277652 0.069278
v 3.762813 5.392512 0.069278
v 2.953078 5.444901 0.069278
v 2.890880 5.216281 0.069278
v 2.926693 5.392514 0.069278
v 2.895043 5.277654 0.069278
v 2.907165 5.336581 0.069278
v 3.024205 5.536830 0.069278
v 3.067846 5.575271 0.069278
v 3.621660 5.575269 0.069278
v 3.573370 5.607955 0.069278
v 3.116135 5.607957 0.069278
v 3.344753 5.670154 0.069278
v 3.168523 5.634341 0.069278
v 3.283383 5.665992 0.069278
v 3.224456 5.653871 0.069278
v 3.465050 5.653869 0.069278
v 3.520983 5.634339 0.069278
v 3.406123 5.665990 0.069278
v 3.665301 5.536828 0.069278
v 3.736428 5.444900 0.069278
v 3.703741 5.493188 0.069278
v 3.703741 4.939374 0.069278
v 2.985765 5.493190 0.069278
v 2.985765 4.939374 0.069278
v 2.953077 4.987664 0.069278
v -1.428478 -0.706761 0.069278
v 3.064865 0.034564 0.069278
v 3.730545 -0.706761 0.069278
v -0.762798 0.034564 0.069278
v 3.705072 1.716832 0.069278
v 3.730545 1.305410 0.069278
v 3.039343 1.608043 0.069278
v -0.693001 1.834264 0.069278
v -0.744933 1.521705 0.069278
v -1.400982 1.752322 0.069278
v -1.428478 1.297845 0.069278
v 3.064865 1.214635 0.069278
v -0.762798 1.176812 0.069278
v 2.967226 1.950708 0.069278
v 3.513655 2.451320 0.069278
v 3.631401 2.099231 0.069278
v 2.855185 2.245776 0.069278
v 3.355960 2.771810 0.069278
v 2.709891 2.496406 0.069278
v -0.357757 2.582406 0.069278
v -0.496918 2.364167 0.069278
v -1.030358 2.856982 0.069278
v -1.196695 2.531102 0.069278
v -0.609497 2.114936 0.069278
v -1.321979 2.163144 0.069278
v 1.151033 4.043777 0.069278
v 1.151033 3.279757 0.069278
v 0.844437 4.026153 0.069278
v 2.937213 3.312852 0.069278
v 2.346232 2.876945 0.069278
v 2.684409 3.530828 0.069278
v 2.141210 3.013160 0.069278
v 2.408150 3.712056 0.069278
v 1.929622 3.117541 0.069278
v 2.112559 3.855254 0.069278
v 1.718138 3.193240 0.069278
v 1.801760 3.959130 0.069278
v 1.513431 3.243405 0.069278
v 1.479877 4.022399 0.069278
v 1.322173 3.271195 0.069278
v 0.895673 3.265973 0.069278
v 0.537079 3.972753 0.069278
v 0.649427 3.224320 0.069278
v 0.234186 3.882792 0.069278
v 0.414790 3.154353 0.069278
v -0.059014 3.755483 0.069278
v 0.194258 3.055625 0.069278
v -0.337296 3.590034 0.069278
v -0.009674 2.927688 0.069278
v -0.595432 3.385659 0.069278
v 3.162438 3.059417 0.069278
v 2.538017 2.705745 0.069278
v -0.194511 2.770097 0.069278
v -0.828195 3.141572 0.069278
v 3.730546 -5.933867 0.069278
v 3.730546 -6.629807 0.069278
v -0.240844 -5.933867 0.069278
v -1.428478 -6.629807 0.069278
v -1.428478 -6.039771 0.069278
v 3.730545 -2.484431 0.069278
v 2.565604 -2.544947 0.069278
v 3.730545 -1.849009 0.069278
v -1.428478 -1.849009 0.069278
v -1.428478 -2.544947 0.069278
v 3.730546 -10.434773 0.069278
v 3.730546 -11.176100 0.069278
v 1.491439 -10.434773 0.069278
v 0.825759 -10.434773 0.069278
v -1.428478 -11.176100 0.069278
v 1.505307 -9.939157 0.069278
v 1.494433 -10.031236 0.069278
v 0.825759 -9.958207 0.069278
v 1.491439 -10.124627 0.069278
v -0.793056 -10.434773 0.069278
v 1.562041 -9.752845 0.069278
v 1.526898 -9.846867 0.069278
v 0.817472 -9.771264 0.069278
v 0.793504 -9.606805 0.069278
v 1.613575 -9.655564 0.069278
v -0.768961 -9.634122 0.069278
v -0.786971 -9.787444 0.069278
v -1.417096 -9.622364 0.069278
v -1.428478 -9.874997 0.069278
v -0.793056 -9.958207 0.069278
v 0.640913 -9.236772 0.069278
v 1.279631 -9.042896 0.069278
v 0.703885 -9.340714 0.069278
v -0.698639 -9.377698 0.069278
v -1.252252 -8.971734 0.069278
v -0.647062 -9.273544 0.069278
v -1.328248 -9.169839 0.069278
v 1.777158 -9.445141 0.069278
v 1.684335 -9.553505 0.069278
v 0.755195 -9.463674 0.069278
v -0.739394 -9.497714 0.069278
v -1.383441 -9.387013 0.069278
v 1.992275 -8.350417 0.069278
v 2.425818 -8.918180 0.069278
v 1.869666 -8.439625 0.069278
v 3.730546 -7.189582 0.069278
v 3.730546 -8.074635 0.069278
v 3.613952 -7.273922 0.069278
v 3.508862 -7.349910 0.069278
v 3.413544 -7.418647 0.069278
v 3.326262 -7.481238 0.069278
v 3.245285 -7.538787 0.069278
v 3.168878 -7.592395 0.069278
v 3.095307 -7.643167 0.069278
v 3.022840 -7.692204 0.069278
v 2.949742 -7.740612 0.069278
v 2.874280 -7.789494 0.069278
v 2.794721 -7.839950 0.069278
v 2.671509 -8.755444 0.069278
v 2.709331 -7.893085 0.069278
v 2.552052 -7.989384 0.069278
v 2.401706 -8.082269 0.069278
v 2.258295 -8.172737 0.069278
v 2.121818 -8.261787 0.069278
v 0.016351 -8.180537 0.069278
v -0.013907 -8.944557 0.069278
v -0.199589 -8.193942 0.069278
v 2.216375 -9.066992 0.069278
v 1.753991 -8.530408 0.069278
v 1.645251 -8.623765 0.069278
v 2.040342 -9.203407 0.069278
v 1.543445 -8.720695 0.069278
v 1.448573 -8.822194 0.069278
v 1.894882 -9.328949 0.069278
v 1.360635 -8.929263 0.069278
v 1.220105 -8.909925 0.069278
v 1.151384 -8.787277 0.069278
v 0.567618 -9.150690 0.069278
v 1.073734 -8.675188 0.069278
v 0.987415 -8.573894 0.069278
v 0.485340 -9.081314 0.069278
v 0.892692 -8.483631 0.069278
v 0.395419 -9.027487 0.069278
v 0.789826 -8.404636 0.069278
v 0.679081 -8.337147 0.069278
v 0.299195 -8.988053 0.069278
v 0.560719 -8.281398 0.069278
v 0.435002 -8.237626 0.069278
v 0.198006 -8.961858 0.069278
v 0.302193 -8.206068 0.069278
v 0.093192 -8.947744 0.069278
v 0.162555 -8.186960 0.069278
v -0.130938 -8.952367 0.069278
v -0.400610 -8.233560 0.069278
v -0.239722 -8.972363 0.069278
v -0.585976 -8.298497 0.069278
v -0.339892 -9.005074 0.069278
v -0.754953 -8.387862 0.069278
v -0.431078 -9.051021 0.069278
v -0.906804 -8.500761 0.069278
v -0.512913 -9.110732 0.069278
v -1.040795 -8.636302 0.069278
v -0.585030 -9.184731 0.069278
v -1.156189 -8.793591 0.069278
v -1.428478 -16.652834 0.069278
v 1.620036 -15.911510 0.069278
v 1.778892 -16.652834 0.069278
v 2.688056 -16.470339 0.069278
v 2.429724 -15.785993 0.069278
v 2.927863 -16.337923 0.069278
v 2.357930 -15.817771 0.069278
v 2.280043 -15.844373 0.069278
v 2.417046 -16.569344 0.069278
v 2.194907 -15.866092 0.069278
v 2.101366 -15.883212 0.069278
v 2.114201 -16.631365 0.069278
v 1.998264 -15.896026 0.069278
v 1.884446 -15.904819 0.069278
v 1.758755 -15.909884 0.069278
v -1.428478 -15.911510 0.069278
v 3.042413 -15.007859 0.069278
v 3.069628 -14.910465 0.069278
v 3.746726 -15.041865 0.069278
v 3.798627 -14.504502 0.069278
v 3.785757 -14.775599 0.069278
v 3.114819 -14.599374 0.069278
v 3.105805 -14.706223 0.069278
v 3.090750 -14.809920 0.069278
v 3.680904 -15.299725 0.069278
v 3.009077 -15.102101 0.069278
v 2.969595 -15.193191 0.069278
v 3.587660 -15.545608 0.069278
v 2.923941 -15.281129 0.069278
v 3.466365 -15.775941 0.069278
v 2.872087 -15.365914 0.069278
v 2.814009 -15.447549 0.069278
v 3.316387 -15.987153 0.069278
v 2.749680 -15.526031 0.069278
v 2.679073 -15.601361 0.069278
v 3.137097 -16.175671 0.069278
v 2.620098 -15.656726 0.069278
v 2.559652 -15.705760 0.069278
v 2.496579 -15.748752 0.069278
v 3.781523 -14.136820 0.069278
v 3.114109 -14.350855 0.069278
v 3.103284 -14.219009 0.069278
v 3.062064 -13.975543 0.069278
v 3.731141 -13.801524 0.069278
v 3.085786 -14.093888 0.069278
v 3.032563 -13.864027 0.069278
v 2.958012 -13.661693 0.069278
v 3.536109 -13.227774 0.069278
v 3.648872 -13.498535 0.069278
v 2.913855 -13.570980 0.069278
v 2.865705 -13.487307 0.069278
v 2.997730 -13.759393 0.069278
v 1.703246 -12.212443 0.069278
v 1.574649 -12.953769 0.069278
v -1.428478 -12.212443 0.069278
v -1.428478 -12.953769 0.069278
v 2.399465 -13.077042 0.069278
v 2.807951 -12.465436 0.069278
v 2.482040 -13.116524 0.069278
v 2.563596 -12.354633 0.069278
v 2.312267 -13.044074 0.069278
v 2.220472 -13.017121 0.069278
v 2.297098 -12.275586 0.069278
v 2.124108 -12.995684 0.069278
v 2.023199 -12.979263 0.069278
v 2.009851 -12.228215 0.069278
v 1.917772 -12.967361 0.069278
v 1.807854 -12.959477 0.069278
v 1.693471 -12.955112 0.069278
v 3.394243 -12.989162 0.069278
v 2.814009 -13.410724 0.069278
v 2.759215 -13.341286 0.069278
v 3.224666 -12.782621 0.069278
v 2.701767 -13.279044 0.069278
v 2.633218 -13.217026 0.069278
v 3.028772 -12.608072 0.069278
v 2.559966 -13.163019 0.069278
v 3.117817 -14.489372 0.069278
v -1.428477 -22.008535 0.069278
v 1.620037 -21.267210 0.069278
v 1.778892 -22.008535 0.069278
v 2.688057 -21.826040 0.069278
v 2.429724 -21.141693 0.069278
v 2.927863 -21.693626 0.069278
v 2.357930 -21.173471 0.069278
v 2.280044 -21.200073 0.069278
v 2.417046 -21.925045 0.069278
v 2.194907 -21.221792 0.069278
v 2.101366 -21.238913 0.069278
v 2.114201 -21.987066 0.069278
v 1.998264 -21.251726 0.069278
v 1.884446 -21.260521 0.069278
v 1.758755 -21.265585 0.069278
v -1.428477 -21.267210 0.069278
v 3.042413 -20.363560 0.069278
v 3.069628 -20.266167 0.069278
v 3.746726 -20.397566 0.069278
v 3.798627 -19.860203 0.069278
v 3.785757 -20.131300 0.069278
v 3.114819 -19.955074 0.069278
v 3.105805 -20.061924 0.069278
v 3.090751 -20.165621 0.069278
v 3.680904 -20.655426 0.069278
v 3.009077 -20.457802 0.069278
v 2.969595 -20.548891 0.069278
v 3.587660 -20.901308 0.069278
v 2.923941 -20.636829 0.069278
v 3.466365 -21.131643 0.069278
v 2.872088 -20.721615 0.069278
v 2.814010 -20.803249 0.069278
v 3.316387 -21.342855 0.069278
v 2.749680 -20.881731 0.069278
v 2.679074 -20.957062 0.069278
v 3.137097 -21.531372 0.069278
v 2.620098 -21.012426 0.069278
v 2.559652 -21.061460 0.069278
v 2.496579 -21.104452 0.069278
v 3.781524 -19.492521 0.069278
v 3.114110 -19.706556 0.069278
v 3.103284 -19.574711 0.069278
v 3.062064 -19.331244 0.069278
v 3.731142 -19.157225 0.069278
v 3.085786 -19.449589 0.069278
v 3.032563 -19.219728 0.069278
v 2.958012 -19.017395 0.069278
v 3.536109 -18.583475 0.069278
v 3.648873 -18.854235 0.069278
v 2.913855 -18.926682 0.069278
v 2.865705 -18.843008 0.069278
v 2.997730 -19.115095 0.069278
v 1.703246 -17.568144 0.069278
v 1.574649 -18.309469 0.069278
v -1.428477 -17.568144 0.069278
v -1.428477 -18.309469 0.069278
v 2.399465 -18.432745 0.069278
v 2.807951 -17.821136 0.069278
v 2.482041 -18.472227 0.069278
v 2.563596 -17.710335 0.069278
v 2.312267 -18.399776 0.069278
v 2.220473 -18.372824 0.069278
v 2.297099 -17.631289 0.069278
v 2.124108 -18.351385 0.069278
v 2.023199 -18.334965 0.069278
v 2.009851 -17.583918 0.069278
v 1.917772 -18.323063 0.069278
v 1.807854 -18.315178 0.069278
v 1.693471 -18.310814 0.069278
v 3.394243 -18.344862 0.069278
v 2.814010 -18.766424 0.069278
v 2.759215 -18.696987 0.069278
v 3.224667 -18.138323 0.069278
v 2.701767 -18.634745 0.069278
v 2.633218 -18.572727 0.069278
v 3.028772 -17.963774 0.069278
v 2.559967 -18.518721 0.069278
v 3.117818 -19.845074 0.069278
v 3.730545 18.181921 -0.207656
v 3.730544 18.923246 -0.207656
v -0.286232 18.923246 -0.207656
v -1.428479 18.181921 -0.207656
v -1.428479 18.877859 -0.207656
v -0.286232 18.938375 -0.207656
v 0.689595 20.587450 -0.207656
v 1.710809 20.647966 -0.207656
v -0.286232 22.236525 -0.207656
v 3.730544 22.992975 -0.207656
v -1.428479 22.992975 -0.207656
v -0.286232 22.251650 -0.207656
v -1.428479 22.304602 -0.207656
v 3.730544 22.251650 -0.207656
v 1.710809 20.526934 -0.207656
v 2.459420 12.083493 -0.207656
v 2.742193 12.267728 -0.207656
v 2.161881 12.772706 -0.207656
v 1.933846 12.660035 -0.207656
v 2.155109 11.937505 -0.207656
v 1.688081 12.577149 -0.207656
v 1.833068 11.831307 -0.207656
v 1.426504 12.525994 -0.207656
v 1.497107 11.766454 -0.207656
v 1.151033 12.508508 -0.207656
v 1.151033 11.744489 -0.207656
v 0.798603 11.767037 -0.207656
v 0.873972 12.525990 -0.207656
v 0.458492 11.833474 -0.207656
v 0.611358 12.577146 -0.207656
v 0.134192 11.941995 -0.207656
v 0.365029 12.660035 -0.207656
v -0.170802 12.090779 -0.207656
v 0.136823 12.772702 -0.207656
v -0.452997 12.278012 -0.207656
v 3.581736 13.356091 -0.207656
v 2.858380 13.482373 -0.207656
v 3.423200 13.034387 -0.207656
v 2.720436 13.269998 -0.207656
v -0.420668 13.269994 -0.207656
v -0.557995 13.482369 -0.207656
v -1.127858 13.052316 -0.207656
v -1.283925 13.375241 -0.207656
v 2.969007 13.714818 -0.207656
v 3.699691 13.708295 -0.207656
v 3.050400 13.965386 -0.207656
v -0.748860 13.965383 -0.207656
v -1.399727 13.727555 -0.207656
v -0.668004 13.714814 -0.207656
v 3.100643 14.232129 -0.207656
v 3.798625 14.497983 -0.207656
v 3.117816 14.513112 -0.207656
v 3.773257 14.089440 -0.207656
v -0.798721 14.232125 -0.207656
v -1.471769 14.107453 -0.207656
v 3.227892 12.744721 -0.207656
v 2.557094 13.079633 -0.207656
v 2.999620 12.488652 -0.207656
v 2.370270 12.913220 -0.207656
v -0.071421 12.913217 -0.207656
v -0.708901 12.501889 -0.207656
v -0.257864 13.079629 -0.207656
v -0.935019 12.760594 -0.207656
v -1.496560 14.513112 -0.207656
v -0.815750 14.513112 -0.207656
v -0.798721 14.795835 -0.207656
v -1.471913 14.925282 -0.207656
v 3.699166 15.311495 -0.207656
v 2.969007 15.315790 -0.207656
v 3.050400 15.064035 -0.207656
v -1.400252 15.309740 -0.207656
v -0.748860 15.064032 -0.207656
v -0.668005 15.315786 -0.207656
v 3.773113 14.919984 -0.207656
v 3.100642 14.795838 -0.207656
v 2.858380 15.549185 -0.207656
v 3.580672 15.671324 -0.207656
v 3.421519 15.998293 -0.207656
v 2.720436 15.762300 -0.207656
v -0.557995 15.549181 -0.207656
v -0.420669 15.762297 -0.207656
v -1.129539 15.989325 -0.207656
v -1.284989 15.664938 -0.207656
v 2.738976 16.770231 -0.207656
v 2.456058 16.953947 -0.207656
v 2.161881 16.260809 -0.207656
v 1.933845 16.373640 -0.207656
v 2.151917 17.098890 -0.207656
v 1.688081 16.456610 -0.207656
v 1.830441 17.203890 -0.207656
v 1.426504 16.507799 -0.207656
v 1.495518 17.267756 -0.207656
v 1.151033 16.525286 -0.207656
v 1.151033 17.289305 -0.207656
v 0.797014 17.267187 -0.207656
v 0.873972 16.507795 -0.207656
v 0.455865 17.201860 -0.207656
v 0.611358 16.456610 -0.207656
v 0.131001 17.094873 -0.207656
v 0.365028 16.373640 -0.207656
v -0.174164 16.947783 -0.207656
v 0.136823 16.260805 -0.207656
v -0.456215 16.762129 -0.207656
v 3.225593 16.291220 -0.207656
v 2.557093 15.953222 -0.207656
v 2.996783 16.548925 -0.207656
v 2.370269 16.120031 -0.207656
v -0.071422 16.120028 -0.207656
v -0.711738 16.539469 -0.207656
v -0.257865 15.953218 -0.207656
v -0.937318 16.281351 -0.207656
v 2.374249 6.702857 -0.207656
v 2.654247 6.870257 -0.207656
v 2.180933 7.441096 -0.207656
v 1.952994 7.327260 -0.207656
v 2.084901 6.574119 -0.207656
v 1.705592 7.243999 -0.207656
v 1.792794 6.483205 -0.207656
v 1.440277 7.192885 -0.207656
v 1.504523 6.429273 -0.207656
v 1.226679 6.411483 -0.207656
v 1.158598 7.175500 -0.207656
v 0.842568 6.435800 -0.207656
v 0.881389 7.193450 -0.207656
v 0.478629 6.507054 -0.207656
v 0.618363 7.245963 -0.207656
v 0.137384 6.622699 -0.207656
v 0.371412 7.331046 -0.207656
v -0.178647 6.780185 -0.207656
v 0.142426 7.446702 -0.207656
v -0.466940 6.976964 -0.207656
v 3.548878 7.943303 -0.207656
v 2.867065 8.170655 -0.207656
v 3.372210 7.612844 -0.207656
v 2.732475 7.950286 -0.207656
v -0.417824 7.957154 -0.207656
v -0.556035 8.175143 -0.207656
v -1.140185 7.777585 -0.207656
v -1.292317 8.106061 -0.207656
v 2.974444 8.413720 -0.207656
v 3.683232 8.316627 -0.207656
v 3.053062 8.677901 -0.207656
v -0.748300 8.670901 -0.207656
v -1.404104 8.461093 -0.207656
v -0.666824 8.413724 -0.207656
v 3.798626 9.195237 -0.207656
v 3.101370 8.961625 -0.207656
v 3.768679 8.733657 -0.207656
v -0.815750 9.233060 -0.207656
v -1.496560 9.240624 -0.207656
v -0.798573 8.944676 -0.207656
v -1.473025 8.840129 -0.207656
v 3.159820 7.324410 -0.207656
v 2.572223 7.754184 -0.207656
v 2.918302 7.077161 -0.207656
v 2.387859 7.583930 -0.207656
v -0.066702 7.590936 -0.207656
v -0.724976 7.210488 -0.207656
v -0.254083 7.761752 -0.207656
v -0.950231 7.478211 -0.207656
v 3.794752 9.392352 -0.207656
v 3.113579 9.409980 -0.207656
v 3.117816 9.263316 -0.207656
v -1.493859 9.373248 -0.207656
v -0.812261 9.381440 -0.207656
v -1.485668 9.506745 -0.207656
v -0.783956 9.673581 -0.207656
v -1.471857 9.641660 -0.207656
v -0.801707 9.528115 -0.207656
v 3.783392 9.579488 -0.207656
v 3.100936 9.558480 -0.207656
v 3.050856 9.859521 -0.207656
v 3.739790 9.926755 -0.207656
v 3.708337 10.088361 -0.207656
v 3.013628 10.011327 -0.207656
v -0.726337 9.962880 -0.207656
v -1.395383 10.060430 -0.207656
v -0.758876 9.818334 -0.207656
v -1.426846 9.917951 -0.207656
v 3.764940 9.757375 -0.207656
v 3.079993 9.708447 -0.207656
v -1.452293 9.778546 -0.207656
v -0.582650 10.400243 -0.207656
v -1.263595 10.511819 -0.207656
v -0.638356 10.253335 -0.207656
v -1.313890 10.356816 -0.207656
v 3.344753 11.063680 -0.207656
v 2.535346 11.063680 -0.207656
v 2.626261 10.917020 -0.207656
v -0.278667 11.010728 -0.207656
v -1.072945 11.010728 -0.207656
v -0.367100 10.853684 -0.207656
v 2.709821 10.768521 -0.207656
v -0.447154 10.699918 -0.207656
v -1.143254 10.838227 -0.207656
v 2.915324 10.315675 -0.207656
v 3.580094 10.533879 -0.207656
v 3.527366 10.671739 -0.207656
v 2.854458 10.467484 -0.207656
v 3.470303 10.805505 -0.207656
v 2.785921 10.618554 -0.207656
v 3.409301 10.935906 -0.207656
v -0.518960 10.548936 -0.207656
v -1.206761 10.672109 -0.207656
v 3.670974 10.242925 -0.207656
v 2.968416 10.163503 -0.207656
v 3.628095 10.391187 -0.207656
v -0.686207 10.107717 -0.207656
v -1.357775 10.206532 -0.207656
v 3.465050 4.778693 -0.207656
v 3.520983 4.798223 -0.207656
v 3.406123 4.766572 -0.207656
v 3.344753 4.762408 -0.207656
v 3.067846 4.857295 -0.207656
v 3.621660 4.857293 -0.207656
v 3.665301 4.895734 -0.207656
v 3.116135 4.824607 -0.207656
v 3.573370 4.824605 -0.207656
v 3.168523 4.798223 -0.207656
v 3.283383 4.766574 -0.207656
v 3.224456 4.778695 -0.207656
v 2.907165 5.095984 -0.207656
v 2.926693 5.040051 -0.207656
v 2.895043 5.154912 -0.207656
v 3.782341 5.095983 -0.207656
v 3.794463 5.154910 -0.207656
v 3.762813 5.040050 -0.207656
v 3.798626 5.216281 -0.207656
v 3.736428 4.987662 -0.207656
v 3.024205 4.895736 -0.207656
v 3.782341 5.336579 -0.207656
v 3.762813 5.392512 -0.207656
v 3.794463 5.277652 -0.207656
v 2.953078 5.444901 -0.207656
v 2.926693 5.392514 -0.207656
v 2.890880 5.216281 -0.207656
v 2.895043 5.277654 -0.207656
v 2.907165 5.336581 -0.207656
v 3.024205 5.536830 -0.207656
v 3.621660 5.575269 -0.207656
v 3.067846 5.575271 -0.207656
v 3.573370 5.607955 -0.207656
v 3.116135 5.607957 -0.207656
v 3.344753 5.670154 -0.207656
v 3.283383 5.665992 -0.207656
v 3.168523 5.634341 -0.207656
v 3.224456 5.653871 -0.207656
v 3.465050 5.653869 -0.207656
v 3.406123 5.665990 -0.207656
v 3.520983 5.634339 -0.207656
v 3.665301 5.536828 -0.207656
v 3.736428 5.444900 -0.207656
v 3.703741 5.493188 -0.207656
v 3.703741 4.939374 -0.207656
v 2.985765 5.493190 -0.207656
v 2.985765 4.939374 -0.207656
v 2.953077 4.987664 -0.207656
v -1.428478 -0.706761 -0.207656
v 3.730545 -0.706761 -0.207656
v 3.064865 0.034564 -0.207656
v -0.762798 0.034564 -0.207656
v 3.705072 1.716832 -0.207656
v 3.039343 1.608043 -0.207656
v 3.730545 1.305410 -0.207656
v -0.693001 1.834264 -0.207656
v -1.400982 1.752322 -0.207656
v -0.744933 1.521705 -0.207656
v -1.428478 1.297845 -0.207656
v 3.064865 1.214635 -0.207656
v -0.762798 1.176812 -0.207656
v 2.967226 1.950708 -0.207656
v 3.631401 2.099231 -0.207656
v 3.513655 2.451320 -0.207656
v 2.855185 2.245776 -0.207656
v 3.355960 2.771810 -0.207656
v 2.709891 2.496406 -0.207656
v -0.357757 2.582406 -0.207656
v -1.030358 2.856982 -0.207656
v -0.496918 2.364167 -0.207656
v -1.196695 2.531102 -0.207656
v -0.609497 2.114936 -0.207656
v -1.321979 2.163144 -0.207656
v 1.151033 4.043777 -0.207656
v 0.844437 4.026153 -0.207656
v 1.151033 3.279757 -0.207656
v 2.937213 3.312852 -0.207656
v 2.684409 3.530828 -0.207656
v 2.346232 2.876945 -0.207656
v 2.141210 3.013160 -0.207656
v 2.408150 3.712056 -0.207656
v 1.929622 3.117541 -0.207656
v 2.112559 3.855254 -0.207656
v 1.718138 3.193240 -0.207656
v 1.801760 3.959130 -0.207656
v 1.513431 3.243405 -0.207656
v 1.479877 4.022399 -0.207656
v 1.322173 3.271195 -0.207656
v 0.895673 3.265973 -0.207656
v 0.537079 3.972753 -0.207656
v 0.649427 3.224320 -0.207656
v 0.234186 3.882792 -0.207656
v 0.414790 3.154353 -0.207656
v -0.059014 3.755483 -0.207656
v 0.194258 3.055625 -0.207656
v -0.337296 3.590034 -0.207656
v -0.009674 2.927688 -0.207656
v -0.595432 3.385659 -0.207656
v 3.162438 3.059417 -0.207656
v 2.538017 2.705745 -0.207656
v -0.194511 2.770097 -0.207656
v -0.828195 3.141572 -0.207656
v 3.730546 -5.933867 -0.207656
v -0.240844 -5.933867 -0.207656
v 3.730546 -6.629807 -0.207656
v -1.428478 -6.629807 -0.207656
v -1.428478 -6.039771 -0.207656
v 3.730545 -2.484431 -0.207656
v 3.730545 -1.849009 -0.207656
v 2.565604 -2.544947 -0.207656
v -1.428478 -1.849009 -0.207656
v -1.428478 -2.544947 -0.207656
v 3.730546 -10.434773 -0.207656
v 1.491439 -10.434773 -0.207656
v 3.730546 -11.176100 -0.207656
v 0.825759 -10.434773 -0.207656
v -1.428478 -11.176100 -0.207656
v 1.505307 -9.939157 -0.207656
v 0.825759 -9.958207 -0.207656
v 1.494433 -10.031236 -0.207656
v 1.491439 -10.124627 -0.207656
v -0.793056 -10.434773 -0.207656
v 1.562041 -9.752845 -0.207656
v 0.817472 -9.771264 -0.207656
v 1.526898 -9.846867 -0.207656
v 1.613575 -9.655564 -0.207656
v 0.793504 -9.606805 -0.207656
v -0.768961 -9.634122 -0.207656
v -1.417096 -9.622364 -0.207656
v -0.786971 -9.787444 -0.207656
v -1.428478 -9.874997 -0.207656
v -0.793056 -9.958207 -0.207656
v 0.640913 -9.236772 -0.207656
v 0.703885 -9.340714 -0.207656
v 1.279631 -9.042896 -0.207656
v -0.698639 -9.377698 -0.207656
v -0.647062 -9.273544 -0.207656
v -1.252252 -8.971734 -0.207656
v -1.328248 -9.169839 -0.207656
v 1.777158 -9.445141 -0.207656
v 1.684335 -9.553505 -0.207656
v 0.755195 -9.463674 -0.207656
v -0.739394 -9.497714 -0.207656
v -1.383441 -9.387013 -0.207656
v 1.992275 -8.350417 -0.207656
v 1.869666 -8.439625 -0.207656
v 2.425818 -8.918180 -0.207656
v 3.730546 -7.189582 -0.207656
v 3.613952 -7.273922 -0.207656
v 3.730546 -8.074635 -0.207656
v 3.508862 -7.349910 -0.207656
v 3.413544 -7.418647 -0.207656
v 3.326262 -7.481238 -0.207656
v 3.245285 -7.538787 -0.207656
v 3.168878 -7.592395 -0.207656
v 3.095307 -7.643167 -0.207656
v 3.022840 -7.692204 -0.207656
v 2.949742 -7.740612 -0.207656
v 2.874280 -7.789494 -0.207656
v 2.794721 -7.839950 -0.207656
v 2.671509 -8.755444 -0.207656
v 2.709331 -7.893085 -0.207656
v 2.552052 -7.989384 -0.207656
v 2.401706 -8.082269 -0.207656
v 2.258295 -8.172737 -0.207656
v 2.121818 -8.261787 -0.207656
v 0.016351 -8.180537 -0.207656
v -0.199589 -8.193942 -0.207656
v -0.013907 -8.944557 -0.207656
v 2.216375 -9.066992 -0.207656
v 1.753991 -8.530408 -0.207656
v 1.645251 -8.623765 -0.207656
v 2.040342 -9.203407 -0.207656
v 1.543445 -8.720695 -0.207656
v 1.448573 -8.822194 -0.207656
v 1.894882 -9.328949 -0.207656
v 1.360635 -8.929263 -0.207656
v 1.220105 -8.909925 -0.207656
v 1.151384 -8.787277 -0.207656
v 0.567618 -9.150690 -0.207656
v 1.073734 -8.675188 -0.207656
v 0.987415 -8.573894 -0.207656
v 0.485340 -9.081314 -0.207656
v 0.892692 -8.483631 -0.207656
v 0.395419 -9.027487 -0.207656
v 0.789826 -8.404636 -0.207656
v 0.679081 -8.337147 -0.207656
v 0.299195 -8.988053 -0.207656
v 0.560719 -8.281398 -0.207656
v 0.435002 -8.237626 -0.207656
v 0.198006 -8.961858 -0.207656
v 0.302193 -8.206068 -0.207656
v 0.093192 -8.947744 -0.207656
v 0.162555 -8.186960 -0.207656
v -0.130938 -8.952367 -0.207656
v -0.400610 -8.233560 -0.207656
v -0.239722 -8.972363 -0.207656
v -0.585976 -8.298497 -0.207656
v -0.339892 -9.005074 -0.207656
v -0.754953 -8.387862 -0.207656
v -0.431078 -9.051021 -0.207656
v -0.906804 -8.500761 -0.207656
v -0.512913 -9.110732 -0.207656
v -1.040795 -8.636302 -0.207656
v -0.585030 -9.184731 -0.207656
v -1.156189 -8.793591 -0.207656
v -1.428478 -16.652834 -0.207656
v 1.778892 -16.652834 -0.207656
v 1.620036 -15.911510 -0.207656
v 2.688056 -16.470339 -0.207656
v 2.927863 -16.337923 -0.207656
v 2.429724 -15.785993 -0.207656
v 2.357930 -15.817771 -0.207656
v 2.280043 -15.844373 -0.207656
v 2.417046 -16.569344 -0.207656
v 2.194907 -15.866092 -0.207656
v 2.101366 -15.883212 -0.207656
v 2.114201 -16.631365 -0.207656
v 1.998264 -15.896026 -0.207656
v 1.884446 -15.904819 -0.207656
v 1.758755 -15.909884 -0.207656
v -1.428478 -15.911510 -0.207656
v 3.042413 -15.007859 -0.207656
v 3.746726 -15.041865 -0.207656
v 3.069628 -14.910465 -0.207656
v 3.798627 -14.504502 -0.207656
v 3.114819 -14.599374 -0.207656
v 3.785757 -14.775599 -0.207656
v 3.105805 -14.706223 -0.207656
v 3.090750 -14.809920 -0.207656
v 3.680904 -15.299725 -0.207656
v 3.009077 -15.102101 -0.207656
v 2.969595 -15.193191 -0.207656
v 3.587660 -15.545608 -0.207656
v 2.923941 -15.281129 -0.207656
v 3.466365 -15.775941 -0.207656
v 2.872087 -15.365914 -0.207656
v 2.814009 -15.447549 -0.207656
v 3.316387 -15.987153 -0.207656
v 2.749680 -15.526031 -0.207656
v 2.679073 -15.601361 -0.207656
v 3.137097 -16.175671 -0.207656
v 2.620098 -15.656726 -0.207656
v 2.559652 -15.705760 -0.207656
v 2.496579 -15.748752 -0.207656
v 3.781523 -14.136820 -0.207656
v 3.103284 -14.219009 -0.207656
v 3.114109 -14.350855 -0.207656
v 3.062064 -13.975543 -0.207656
v 3.085786 -14.093888 -0.207656
v 3.731141 -13.801524 -0.207656
v 3.032563 -13.864027 -0.207656
v 2.958012 -13.661693 -0.207656
v 3.648872 -13.498535 -0.207656
v 3.536109 -13.227774 -0.207656
v 2.913855 -13.570980 -0.207656
v 2.865705 -13.487307 -0.207656
v 2.997730 -13.759393 -0.207656
v 1.703246 -12.212443 -0.207656
v -1.428478 -12.212443 -0.207656
v 1.574649 -12.953769 -0.207656
v -1.428478 -12.953769 -0.207656
v 2.399465 -13.077042 -0.207656
v 2.482040 -13.116524 -0.207656
v 2.807951 -12.465436 -0.207656
v 2.563596 -12.354633 -0.207656
v 2.312267 -13.044074 -0.207656
v 2.220472 -13.017121 -0.207656
v 2.297098 -12.275586 -0.207656
v 2.124108 -12.995684 -0.207656
v 2.023199 -12.979263 -0.207656
v 2.009851 -12.228215 -0.207656
v 1.917772 -12.967361 -0.207656
v 1.807854 -12.959477 -0.207656
v 1.693471 -12.955112 -0.207656
v 3.394243 -12.989162 -0.207656
v 2.814009 -13.410724 -0.207656
v 2.759215 -13.341286 -0.207656
v 3.224666 -12.782621 -0.207656
v 2.701767 -13.279044 -0.207656
v 2.633218 -13.217026 -0.207656
v 3.028772 -12.608072 -0.207656
v 2.559966 -13.163019 -0.207656
v 3.117817 -14.489372 -0.207656
v -1.428477 -22.008535 -0.207656
v 1.778892 -22.008535 -0.207656
v 1.620037 -21.267210 -0.207656
v 2.688057 -21.826040 -0.207656
v 2.927863 -21.693626 -0.207656
v 2.429724 -21.141693 -0.207656
v 2.357930 -21.173471 -0.207656
v 2.280044 -21.200073 -0.207656
v 2.417046 -21.925045 -0.207656
v 2.194907 -21.221792 -0.207656
v 2.101366 -21.238913 -0.207656
v 2.114201 -21.987066 -0.207656
v 1.998264 -21.251726 -0.207656
v 1.884446 -21.260521 -0.207656
v 1.758755 -21.265585 -0.207656
v -1.428477 -21.267210 -0.207656
v 3.042413 -20.363560 -0.207656
v 3.746726 -20.397566 -0.207656
v 3.069628 -20.266167 -0.207656
v 3.798627 -19.860203 -0.207656
v 3.114819 -19.955074 -0.207656
v 3.785757 -20.131300 -0.207656
v 3.105805 -20.061924 -0.207656
v 3.090751 -20.165621 -0.207656
v 3.680904 -20.655426 -0.207656
v 3.009077 -20.457802 -0.207656
v 2.969595 -20.548891 -0.207656
v 3.587660 -20.901308 -0.207656
v 2.923941 -20.636829 -0.207656
v 3.466365 -21.131643 -0.207656
v 2.872088 -20.721615 -0.207656
v 2.814010 -20.803249 -0.207656
v 3.316387 -21.342855 -0.207656
v 2.749680 -20.881731 -0.207656
v 2.679074 -20.957062 -0.207656
v 3.137097 -21.531372 -0.207656
v 2.620098 -21.012426 -0.207656
v 2.559652 -21.061460 -0.207656
v 2.496579 -21.104452 -0.207656
v 3.781524 -19.492521 -0.207656
v 3.103284 -19.574711 -0.207656
v 3.114110 -19.706556 -0.207656
v 3.062064 -19.331244 -0.207656
v 3.085786 -19.449589 -0.207656
v 3.731142 -19.157225 -0.207656
v 3.032563 -19.219728 -0.207656
v 2.958012 -19.017395 -0.207656
v 3.648873 -18.854235 -0.207656
v 3.536109 -18.583475 -0.207656
v 2.913855 -18.926682 -0.207656
v 2.865705 -18.843008 -0.207656
v 2.997730 -19.115095 -0.207656
v 1.703246 -17.568144 -0.207656
v -1.428477 -17.568144 -0.207656
v 1.574649 -18.309469 -0.207656
v -1.428477 -18.309469 -0.207656
v 2.399465 -18.432745 -0.207656
v 2.482041 -18.472227 -0.207656
v 2.807951 -17.821136 -0.207656
v 2.563596 -17.710335 -0.207656
v 2.312267 -18.399776 -0.207656
v 2.220473 -18.372824 -0.207656
v 2.297099 -17.631289 -0.207656
v 2.124108 -18.351385 -0.207656
v 2.023199 -18.334965 -0.207656
v 2.009851 -17.583918 -0.207656
v 1.917772 -18.323063 -0.207656
v 1.807854 -18.315178 -0.207656
v 1.693471 -18.310814 -0.207656
v 3.394243 -18.344862 -0.207656
v 2.814010 -18.766424 -0.207656
v 2.759215 -18.696987 -0.207656
v 3.224667 -18.138323 -0.207656
v 2.701767 -18.634745 -0.207656
v 2.633218 -18.572727 -0.207656
v 3.028772 -17.963774 -0.207656
v 2.559967 -18.518721 -0.207656
v 3.117818 -19.845074 -0.207656
f 1 2 3
f 3 2 4
f 3 4 5
f 5 4 6
f 5 6 7
f 7 6 8
f 7 8 9
f 9 8 10
f 9 10 11
f 11 10 12
f 11 12 13
f 13 12 14
f 13 14 15
f 2 1 16
f 16 1 17
f 16 17 18
f 18 17 19
f 18 19 20
f 20 19 21
f 20 21 22
f 22 21 23
f 22 23 24
f 25 26 27
f 27 26 28
f 27 28 29
f 29 28 30
f 29 30 31
f 31 30 32
f 31 32 33
f 33 32 34
f 33 34 35
f 35 34 36
f 35 36 37
f 37 36 38
f 37 38 39
f 26 25 40
f 40 25 41
f 40 41 42
f 42 41 43
f 42 43 44
f 44 43 45
f 44 45 46
f 46 45 47
f 46 47 48
f 49 50 51
f 51 50 52
f 51 52 53
f 53 52 54
f 53 54 55
f 55 54 56
f 55 56 57
f 57 56 58
f 57 58 59
f 59 58 60
f 59 60 61
f 61 60 62
f 61 62 63
f 50 49 64
f 64 49 65
f 64 65 66
f 66 65 67
f 66 67 68
f 68 67 69
f 68 69 70
f 70 69 71
f 70 71 72
f 73 74 75
f 75 74 76
f 75 76 77
f 77 76 78
f 77 78 79
f 79 78 80
f 79 80 81
f 81 80 82
f 81 82 83
f 83 82 84
f 83 84 85
f 85 84 86
f 85 86 87
f 74 73 88
f 88 73 89
f 88 89 90
f 90 89 91
f 90 91 92
f 92 91 93
f 92 93 94
f 94 93 95
f 94 95 96
f 97 98 99
f 99 98 100
f 100 98 101
f 100 101 102
f 103 104 98
f 98 104 101
f 105 106 107
f 107 106 108
f 107 108 109
f 105 110 106
f 106 110 111
f 106 111 112
f 110 113 111
f 111 113 114
f 114 113 115
f 114 115 116
f 114 116 117
f 117 116 118
f 117 118 119
f 119 120 117
f 117 120 121
f 117 121 122
f 122 121 123
f 122 123 124
f 124 125 122
f 122 125 126
f 126 125 127
f 126 127 128
f 128 127 129
f 128 129 130
f 130 129 131
f 130 131 132
f 132 131 133
f 132 133 134
f 134 133 135
f 134 135 136
f 136 135 137
f 136 137 138
f 138 137 139
f 139 137 140
f 139 140 141
f 139 141 142
f 142 141 143
f 142 143 144
f 144 143 145
f 144 145 146
f 144 146 147
f 147 146 148
f 147 148 149
f 149 150 147
f 147 150 151
f 151 150 152
f 151 152 153
f 153 152 154
f 153 154 155
f 155 154 156
f 156 154 106
f 156 106 157
f 157 106 158
f 158 106 159
f 159 106 160
f 160 106 112
f 150 161 152
f 152 161 162
f 152 162 163
f 163 164 152
f 152 164 165
f 152 165 166
f 166 167 152
f 152 167 168
f 152 168 169
f 169 170 152
f 171 172 154
f 154 172 106
f 173 174 175
f 175 174 176
f 176 174 177
f 176 177 178
f 179 180 174
f 174 180 177
f 181 182 183
f 183 182 184
f 183 184 185
f 185 184 186
f 186 184 187
f 186 187 188
f 188 189 186
f 186 189 190
f 186 190 191
f 189 192 190
f 190 192 193
f 193 192 194
f 193 194 195
f 193 195 196
f 196 195 197
f 196 197 198
f 198 197 199
f 198 199 200
f 200 199 201
f 200 201 202
f 200 202 203
f 203 202 204
f 203 204 205
f 205 204 206
f 205 206 207
f 205 207 208
f 208 207 209
f 208 209 210
f 210 209 211
f 210 211 212
f 210 212 213
f 213 212 214
f 213 214 215
f 215 214 216
f 215 216 217
f 217 216 218
f 217 218 219
f 217 219 220
f 220 219 221
f 220 221 222
f 222 221 223
f 222 223 224
f 222 224 225
f 225 224 226
f 225 226 227
f 227 226 228
f 227 228 229
f 227 229 230
f 230 229 231
f 230 231 232
f 232 231 233
f 232 233 234
f 232 234 235
f 235 234 236
f 235 236 237
f 235 237 238
f 238 237 239
f 238 239 186
f 186 239 240
f 186 240 241
f 242 243 241
f 241 243 186
f 185 244 183
f 191 245 186
f 186 245 246
f 186 246 247
f 247 238 186
f 248 249 250
f 250 251 252
f 252 253 254
f 254 255 256
f 252 254 256
f 248 250 252
f 257 248 252
f 252 256 258
f 257 252 258
f 259 257 258
f 259 258 260
f 261 259 260
f 262 263 264
f 261 260 262
f 265 261 262
f 264 266 267
f 265 262 264
f 268 265 264
f 264 267 269
f 270 271 272
f 264 269 270
f 273 268 264
f 274 273 264
f 264 270 272
f 272 275 276
f 276 277 278
f 278 279 280
f 280 281 282
f 282 283 284
f 284 285 286
f 284 286 287
f 280 282 284
f 276 278 280
f 264 272 276
f 288 274 264
f 289 288 264
f 264 276 280
f 280 284 287
f 280 287 290
f 291 289 264
f 292 291 264
f 280 290 293
f 280 293 294
f 292 264 280
f 295 292 280
f 280 294 296
f 297 295 280
f 296 297 280
f 263 262 298
f 250 249 299
f 250 299 300
f 285 301 250
f 302 286 285
f 250 300 302
f 302 285 250
f 303 304 305
f 305 306 307
f 307 308 309
f 309 310 311
f 309 311 312
f 305 307 309
f 313 303 305
f 314 313 305
f 305 309 312
f 315 314 305
f 312 315 305
f 316 317 318
f 319 320 321
f 321 322 323
f 323 305 304
f 323 304 324
f 319 321 323
f 325 319 323
f 325 323 324
f 326 325 324
f 326 324 327
f 328 326 327
f 328 327 329
f 330 328 329
f 330 329 331
f 332 330 331
f 332 331 333
f 334 332 333
f 334 333 335
f 336 334 335
f 337 338 339
f 266 316 318
f 337 339 336
f 266 318 337
f 340 267 266
f 341 340 266
f 337 336 335
f 342 341 266
f 343 344 342
f 345 346 343
f 347 348 345
f 349 350 347
f 351 352 349
f 309 353 351
f 354 310 309
f 355 354 309
f 309 351 349
f 349 347 345
f 345 343 342
f 266 337 335
f 266 335 356
f 345 342 266
f 309 349 345
f 357 355 309
f 357 309 345
f 266 356 358
f 266 358 359
f 360 357 345
f 361 360 345
f 345 266 359
f 345 359 362
f 363 361 345
f 362 363 345
f 364 320 319
f 256 255 365
f 260 366 262
f 262 366 367
f 262 367 368
f 101 369 102
f 102 369 370
f 103 371 104
f 104 371 372
f 152 373 154
f 154 373 374
f 152 170 373
f 373 170 375
f 170 169 375
f 375 169 376
f 375 376 377
f 169 168 376
f 376 168 378
f 378 168 167
f 378 167 379
f 379 167 166
f 379 166 380
f 380 166 165
f 380 165 381
f 381 165 164
f 381 164 382
f 382 164 163
f 382 163 383
f 383 163 162
f 383 162 384
f 384 162 161
f 384 161 385
f 385 161 150
f 385 150 386
f 386 150 149
f 386 149 387
f 149 148 387
f 387 148 388
f 388 148 146
f 388 146 389
f 389 146 145
f 389 145 390
f 390 145 143
f 390 143 391
f 391 143 141
f 391 141 392
f 392 141 140
f 392 140 393
f 393 140 137
f 393 137 394
f 394 137 135
f 394 135 395
f 395 135 133
f 395 133 396
f 396 133 131
f 396 131 397
f 397 131 129
f 397 129 398
f 398 129 127
f 398 127 399
f 399 127 125
f 399 125 400
f 400 125 124
f 400 124 401
f 401 124 123
f 401 123 402
f 402 123 121
f 402 121 403
f 403 121 120
f 403 120 404
f 404 120 119
f 404 119 405
f 405 119 118
f 405 118 406
f 406 118 116
f 406 116 407
f 116 115 407
f 407 115 408
f 407 408 409
f 409 408 410
f 410 408 411
f 410 411 412
f 412 411 413
f 412 413 110
f 110 413 113
f 113 413 414
f 113 414 115
f 115 414 408
f 408 414 413
f 411 408 413
f 177 415 178
f 178 415 416
f 103 98 371
f 371 98 417
f 371 417 418
f 418 417 419
f 418 419 420
f 418 420 421
f 421 420 422
f 421 422 416
f 416 422 176
f 416 176 178
f 179 423 180
f 180 423 424
f 104 372 101
f 101 372 369
f 369 372 425
f 369 425 426
f 426 425 427
f 426 427 428
f 428 427 186
f 428 186 429
f 429 186 243
f 427 425 430
f 430 425 431
f 430 431 432
f 432 431 424
f 424 431 415
f 424 415 180
f 180 415 177
f 432 433 430
f 430 433 106
f 106 433 434
f 106 434 108
f 242 435 243
f 243 435 429
f 240 436 241
f 241 436 437
f 239 237 438
f 438 237 439
f 439 237 236
f 439 236 440
f 440 236 234
f 440 234 441
f 234 233 441
f 441 233 442
f 442 233 231
f 442 231 443
f 443 231 229
f 443 229 444
f 444 229 228
f 444 228 445
f 445 228 226
f 445 226 446
f 446 226 224
f 446 224 447
f 447 224 223
f 447 223 448
f 448 223 221
f 448 221 449
f 449 221 219
f 449 219 450
f 450 219 218
f 450 218 451
f 451 218 216
f 451 216 452
f 452 216 214
f 452 214 453
f 453 214 212
f 453 212 454
f 454 212 211
f 454 211 455
f 455 211 209
f 455 209 456
f 456 209 207
f 456 207 457
f 457 207 206
f 457 206 458
f 458 206 204
f 458 204 459
f 459 204 202
f 459 202 460
f 460 202 201
f 460 201 461
f 340 341 462
f 462 341 463
f 463 341 342
f 463 342 464
f 464 342 344
f 464 344 465
f 344 343 465
f 465 343 466
f 466 343 346
f 466 346 467
f 467 346 345
f 467 345 468
f 468 345 348
f 468 348 469
f 469 348 347
f 469 347 470
f 470 347 350
f 470 350 471
f 471 350 349
f 471 349 472
f 472 349 352
f 472 352 473
f 473 352 351
f 473 351 474
f 474 351 353
f 474 353 475
f 475 353 309
f 475 309 476
f 476 309 308
f 476 308 477
f 477 308 307
f 477 307 478
f 478 307 306
f 478 306 479
f 479 306 305
f 479 305 480
f 480 305 323
f 480 323 481
f 481 323 322
f 481 322 482
f 482 322 321
f 482 321 483
f 483 321 320
f 483 320 484
f 484 320 364
f 484 364 485
f 364 319 485
f 485 319 486
f 486 319 325
f 486 325 487
f 487 325 326
f 487 326 488
f 488 326 328
f 488 328 489
f 489 328 330
f 489 330 490
f 490 330 332
f 490 332 491
f 491 332 334
f 491 334 492
f 492 334 336
f 492 336 493
f 493 336 339
f 493 339 494
f 494 339 495
f 494 495 496
f 339 338 495
f 338 337 495
f 495 337 497
f 318 498 337
f 337 498 497
f 316 499 317
f 317 499 500
f 373 375 374
f 374 375 495
f 374 495 498
f 498 495 497
f 171 154 501
f 501 154 374
f 501 374 498
f 501 498 500
f 500 498 318
f 500 318 317
f 171 501 172
f 172 501 502
f 501 500 502
f 502 500 499
f 495 375 496
f 496 375 377
f 436 503 437
f 437 503 504
f 503 505 504
f 504 505 506
f 505 507 506
f 506 507 508
f 100 508 99
f 99 508 507
f 102 370 100
f 100 370 508
f 508 370 509
f 508 509 506
f 506 509 510
f 506 510 504
f 504 510 437
f 437 510 435
f 437 435 241
f 241 435 242
f 511 512 417
f 417 512 419
f 512 513 419
f 419 513 420
f 513 514 420
f 420 514 422
f 176 422 175
f 175 422 514
f 97 511 98
f 98 511 417
f 515 516 517
f 517 516 518
f 516 519 518
f 518 519 520
f 519 521 520
f 520 521 522
f 107 522 105
f 105 522 521
f 173 515 174
f 174 515 517
f 109 523 107
f 107 523 522
f 522 523 524
f 522 524 520
f 520 524 525
f 520 525 518
f 518 525 517
f 517 525 423
f 517 423 174
f 174 423 179
f 509 370 426
f 426 370 369
f 418 421 425
f 425 421 431
f 421 416 431
f 431 416 415
f 108 434 109
f 109 434 523
f 526 527 528
f 528 527 529
f 529 527 530
f 529 530 531
f 531 530 532
f 531 532 533
f 533 532 534
f 533 534 535
f 535 534 536
f 535 536 537
f 537 536 538
f 537 538 539
f 539 538 540
f 539 540 541
f 541 540 542
f 541 542 543
f 543 542 544
f 543 544 545
f 545 544 546
f 545 546 547
f 547 546 548
f 547 548 549
f 549 548 550
f 549 550 551
f 551 550 552
f 551 552 553
f 553 552 554
f 553 554 555
f 554 556 555
f 555 556 557
f 558 559 560
f 560 559 561
f 561 559 562
f 561 562 563
f 563 562 564
f 563 564 565
f 565 564 566
f 565 566 567
f 567 566 568
f 567 568 569
f 569 568 570
f 569 570 571
f 571 570 572
f 571 572 573
f 573 572 574
f 573 574 575
f 575 574 576
f 575 576 577
f 577 576 578
f 577 578 579
f 579 578 580
f 579 580 581
f 581 580 582
f 581 582 583
f 583 582 584
f 583 584 585
f 585 584 586
f 585 586 587
f 340 588 267
f 267 588 526
f 267 526 589
f 589 526 528
f 462 586 340
f 340 586 590
f 340 590 588
f 588 590 591
f 591 590 592
f 462 587 586
f 593 594 595
f 595 594 596
f 596 594 597
f 596 597 598
f 598 597 599
f 598 599 600
f 600 599 601
f 600 601 602
f 602 601 603
f 602 603 604
f 604 603 605
f 604 605 606
f 606 605 607
f 606 607 608
f 608 607 609
f 608 609 610
f 610 609 611
f 610 611 612
f 612 611 613
f 612 613 614
f 614 613 615
f 614 615 616
f 616 615 617
f 616 617 618
f 618 617 619
f 618 619 620
f 620 619 621
f 620 621 622
f 621 623 622
f 622 623 624
f 625 626 627
f 627 626 628
f 628 626 629
f 628 629 630
f 630 629 631
f 630 631 632
f 632 631 633
f 632 633 634
f 634 633 635
f 634 635 636
f 636 635 637
f 636 637 638
f 638 637 639
f 638 639 640
f 640 639 641
f 640 641 642
f 642 641 643
f 642 643 644
f 644 643 645
f 644 645 646
f 646 645 647
f 646 647 648
f 648 647 649
f 648 649 650
f 650 649 651
f 650 651 652
f 652 651 653
f 652 653 654
f 97 99 511
f 511 99 507
f 511 507 512
f 512 507 505
f 512 505 655
f 655 505 503
f 655 503 653
f 653 503 239
f 653 239 438
f 503 436 239
f 239 436 240
f 438 654 653
f 656 657 655
f 655 657 658
f 655 658 512
f 512 658 513
f 513 658 516
f 513 516 514
f 514 516 515
f 514 515 175
f 175 515 173
f 516 658 519
f 519 658 593
f 519 593 110
f 110 593 412
f 412 593 595
f 105 521 110
f 110 521 519
f 659 660 661
f 661 660 662
f 662 660 663
f 662 663 664
f 664 663 665
f 664 665 666
f 666 665 667
f 666 667 668
f 668 667 669
f 668 669 670
f 670 669 588
f 670 588 591
f 590 671 592
f 592 671 672
f 672 671 673
f 672 673 674
f 674 673 675
f 674 675 676
f 676 675 677
f 676 677 678
f 678 677 679
f 678 679 680
f 680 679 681
f 680 681 682
f 681 683 682
f 682 683 684
f 685 686 687
f 687 686 688
f 688 686 689
f 688 689 690
f 690 689 691
f 690 691 692
f 692 691 693
f 692 693 694
f 694 693 695
f 694 695 696
f 696 695 658
f 696 658 657
f 655 697 656
f 656 697 698
f 698 697 699
f 698 699 700
f 700 699 701
f 700 701 702
f 702 701 703
f 702 703 704
f 704 703 705
f 704 705 706
f 706 705 707
f 706 707 708
f 707 709 708
f 708 709 710
f 271 270 711
f 711 270 712
f 712 270 269
f 712 269 713
f 713 269 267
f 713 267 589
f 201 199 461
f 461 199 714
f 714 199 197
f 714 197 715
f 715 197 195
f 715 195 716
f 716 195 194
f 716 194 717
f 717 194 192
f 717 192 718
f 718 192 189
f 718 189 719
f 719 189 188
f 719 188 720
f 720 188 187
f 720 187 721
f 721 187 184
f 721 184 722
f 722 184 182
f 722 182 723
f 181 724 182
f 182 724 723
f 723 724 725
f 725 724 726
f 368 367 727
f 727 367 728
f 727 728 729
f 366 730 367
f 367 730 731
f 367 731 728
f 730 366 732
f 732 366 260
f 732 260 733
f 733 260 258
f 733 258 734
f 734 258 735
f 735 258 256
f 735 256 736
f 736 256 365
f 727 729 737
f 737 729 738
f 737 738 739
f 739 738 740
f 739 740 726
f 726 740 725
f 365 255 736
f 736 255 741
f 741 255 254
f 741 254 742
f 742 254 253
f 742 253 743
f 743 253 252
f 743 252 744
f 744 252 251
f 744 251 745
f 745 251 250
f 745 250 746
f 746 250 301
f 746 301 747
f 747 301 285
f 747 285 748
f 748 285 284
f 748 284 749
f 749 284 283
f 749 283 750
f 750 283 282
f 750 282 751
f 751 282 281
f 751 281 752
f 752 281 280
f 752 280 753
f 753 280 279
f 753 279 754
f 754 279 278
f 754 278 755
f 755 278 277
f 755 277 756
f 756 277 276
f 756 276 757
f 757 276 275
f 757 275 758
f 758 275 272
f 758 272 759
f 759 272 271
f 759 271 711
f 435 510 429
f 429 510 428
f 510 509 428
f 428 509 426
f 371 418 372
f 372 418 425
f 525 524 432
f 432 524 433
f 524 523 433
f 433 523 434
f 423 525 424
f 424 525 432
f 724 760 726
f 726 760 761
f 726 761 739
f 739 761 737
f 737 761 727
f 183 760 181
f 181 760 724
f 368 727 262
f 262 727 761
f 244 762 183
f 183 762 760
f 760 762 763
f 760 763 761
f 761 763 262
f 262 763 298
f 185 764 244
f 244 764 762
f 765 766 767
f 767 766 768
f 767 768 769
f 769 768 770
f 769 770 771
f 771 770 772
f 771 772 773
f 773 772 774
f 773 774 775
f 775 774 776
f 775 776 777
f 777 776 778
f 777 778 779
f 766 765 780
f 780 765 781
f 780 781 782
f 782 781 783
f 782 783 784
f 784 783 785
f 784 785 786
f 786 785 787
f 786 787 788
f 789 790 791
f 791 790 792
f 791 792 793
f 793 792 794
f 793 794 795
f 795 794 796
f 795 796 797
f 797 796 798
f 797 798 799
f 799 798 800
f 799 800 801
f 801 800 802
f 801 802 803
f 790 789 804
f 804 789 805
f 804 805 806
f 806 805 807
f 806 807 808
f 808 807 809
f 808 809 810
f 810 809 811
f 810 811 812
f 813 814 815
f 815 814 816
f 815 816 817
f 814 813 818
f 818 813 819
f 818 819 820
f 820 819 821
f 820 821 822
f 822 821 823
f 823 821 824
f 823 824 825
f 825 824 826
f 825 826 827
f 827 826 828
f 827 828 829
f 829 828 830
f 829 830 831
f 831 830 832
f 832 830 833
f 832 833 834
f 834 833 835
f 834 835 836
f 836 835 837
f 836 837 838
f 838 837 839
f 839 837 840
f 839 840 841
f 841 840 842
f 841 842 843
f 843 842 844
f 843 844 845
f 845 844 846
f 845 846 847
f 847 846 848
f 848 846 849
f 848 849 850
f 850 849 851
f 850 851 852
f 852 851 853
f 852 853 854
f 854 853 855
f 855 853 856
f 855 856 857
f 857 856 858
f 857 858 859
f 859 858 860
f 859 860 861
f 861 860 862
f 861 862 863
f 863 862 864
f 864 862 865
f 864 865 866
f 866 865 867
f 866 867 817
f 817 867 815
f 814 868 816
f 816 868 869
f 816 869 817
f 817 869 870
f 817 870 866
f 866 870 871
f 866 871 864
f 864 871 872
f 864 872 863
f 863 872 873
f 863 873 861
f 861 873 874
f 861 874 859
f 859 874 875
f 859 875 857
f 857 875 876
f 857 876 855
f 855 876 877
f 855 877 854
f 854 877 878
f 854 878 852
f 852 878 879
f 852 879 850
f 850 879 880
f 850 880 848
f 848 880 881
f 848 881 847
f 847 881 882
f 847 882 845
f 845 882 883
f 845 883 843
f 843 883 884
f 843 884 841
f 841 884 885
f 841 885 839
f 839 885 886
f 839 886 838
f 838 886 887
f 838 887 836
f 836 887 888
f 836 888 834
f 834 888 889
f 834 889 832
f 832 889 890
f 832 890 831
f 831 890 891
f 831 891 829
f 829 891 892
f 829 892 827
f 827 892 893
f 827 893 825
f 825 893 894
f 825 894 823
f 823 894 895
f 823 895 822
f 822 895 896
f 822 896 820
f 820 896 897
f 820 897 818
f 818 897 898
f 818 898 814
f 814 898 868
f 867 765 815
f 815 765 767
f 815 767 813
f 813 767 769
f 813 769 819
f 819 769 771
f 819 771 821
f 821 771 773
f 821 773 824
f 824 773 775
f 824 775 826
f 826 775 777
f 826 777 828
f 828 777 779
f 828 779 830
f 830 779 778
f 830 778 833
f 833 778 776
f 833 776 835
f 835 776 774
f 835 774 837
f 837 774 772
f 837 772 840
f 840 772 770
f 840 770 842
f 842 770 768
f 842 768 844
f 844 768 766
f 844 766 846
f 846 766 780
f 846 780 849
f 849 780 782
f 849 782 851
f 851 782 784
f 851 784 853
f 853 784 786
f 853 786 856
f 856 786 788
f 856 788 858
f 858 788 787
f 858 787 860
f 860 787 785
f 860 785 862
f 862 785 783
f 862 783 865
f 865 783 781
f 865 781 867
f 867 781 765
f 899 900 901
f 901 900 902
f 901 902 903
f 903 902 904
f 903 904 905
f 905 904 906
f 905 906 907
f 907 906 908
f 907 908 909
f 909 908 910
f 909 910 911
f 911 910 912
f 911 912 913
f 900 899 914
f 914 899 915
f 914 915 916
f 916 915 917
f 916 917 918
f 918 917 919
f 918 919 920
f 920 919 921
f 920 921 922
f 923 924 925
f 925 924 926
f 925 926 927
f 924 923 928
f 928 923 929
f 928 929 930
f 930 929 931
f 930 931 932
f 932 931 933
f 933 931 934
f 933 934 935
f 935 934 936
f 935 936 937
f 937 936 938
f 937 938 939
f 939 938 940
f 939 940 941
f 941 940 942
f 942 940 943
f 942 943 944
f 944 943 945
f 944 945 946
f 946 945 947
f 946 947 948
f 948 947 949
f 949 947 950
f 949 950 951
f 951 950 952
f 951 952 953
f 953 952 954
f 953 954 955
f 955 954 956
f 955 956 957
f 957 956 958
f 958 956 959
f 958 959 960
f 960 959 961
f 960 961 962
f 962 961 963
f 962 963 964
f 964 963 965
f 965 963 966
f 965 966 967
f 967 966 968
f 967 968 969
f 969 968 970
f 969 970 971
f 971 970 972
f 971 972 973
f 973 972 974
f 974 972 975
f 974 975 976
f 976 975 977
f 976 977 927
f 927 977 925
f 924 978 926
f 926 978 979
f 926 979 927
f 927 979 980
f 927 980 976
f 976 980 981
f 976 981 974
f 974 981 982
f 974 982 973
f 973 982 983
f 973 983 971
f 971 983 984
f 971 984 969
f 969 984 985
f 969 985 967
f 967 985 986
f 967 986 965
f 965 986 987
f 965 987 964
f 964 987 988
f 964 988 962
f 962 988 989
f 962 989 960
f 960 989 990
f 960 990 958
f 958 990 991
f 958 991 957
f 957 991 992
f 957 992 955
f 955 992 993
f 955 993 953
f 953 993 994
f 953 994 951
f 951 994 995
f 951 995 949
f 949 995 996
f 949 996 948
f 948 996 997
f 948 997 946
f 946 997 998
f 946 998 944
f 944 998 999
f 944 999 942
f 942 999 1000
f 942 1000 941
f 941 1000 1001
f 941 1001 939
f 939 1001 1002
f 939 1002 937
f 937 1002 1003
f 937 1003 935
f 935 1003 1004
f 935 1004 933
f 933 1004 1005
f 933 1005 932
f 932 1005 1006
f 932 1006 930
f 930 1006 1007
f 930 1007 928
f 928 1007 1008
f 928 1008 924
f 924 1008 978
f 977 789 925
f 925 789 791
f 925 791 923
f 923 791 793
f 923 793 929
f 929 793 795
f 929 795 931
f 931 795 797
f 931 797 934
f 934 797 799
f 934 799 936
f 936 799 801
f 936 801 938
f 938 801 803
f 938 803 940
f 940 803 802
f 940 802 943
f 943 802 800
f 943 800 945
f 945 800 798
f 945 798 947
f 947 798 796
f 947 796 950
f 950 796 794
f 950 794 952
f 952 794 792
f 952 792 954
f 954 792 790
f 954 790 956
f 956 790 804
f 956 804 959
f 959 804 806
f 959 806 961
f 961 806 808
f 961 808 963
f 963 808 810
f 963 810 966
f 966 810 812
f 966 812 968
f 968 812 811
f 968 811 970
f 970 811 809
f 970 809 972
f 972 809 807
f 972 807 975
f 975 807 805
f 975 805 977
f 977 805 789
f 1009 1010 1011
f 1011 1010 1012
f 1011 1012 1013
f 1013 1012 1014
f 1013 1014 1015
f 1015 1014 1016
f 1015 1016 1017
f 1017 1016 1018
f 1017 1018 1019
f 1019 1018 1020
f 1019 1020 1021
f 1021 1020 1022
f 1021 1022 1023
f 1010 1009 1024
f 1024 1009 1025
f 1024 1025 1026
f 1026 1025 1027
f 1026 1027 1028
f 1028 1027 1029
f 1028 1029 1030
f 1030 1029 1031
f 1030 1031 1032
f 1033 1034 1035
f 1035 1034 1036
f 1035 1036 1037
f 1034 1033 1038
f 1038 1033 1039
f 1038 1039 1040
f 1040 1039 1041
f 1040 1041 1042
f 1042 1041 1043
f 1043 1041 1044
f 1043 1044 1045
f 1045 1044 1046
f 1045 1046 1047
f 1047 1046 1048
f 1047 1048 1049
f 1049 1048 1050
f 1049 1050 1051
f 1051 1050 1052
f 1052 1050 1053
f 1052 1053 1054
f 1054 1053 1055
f 1054 1055 1056
f 1056 1055 1057
f 1056 1057 1058
f 1058 1057 1059
f 1059 1057 1060
f 1059 1060 1061
f 1061 1060 1062
f 1061 1062 1063
f 1063 1062 1064
f 1063 1064 1065
f 1065 1064 1066
f 1065 1066 1067
f 1067 1066 1068
f 1068 1066 1069
f 1068 1069 1070
f 1070 1069 1071
f 1070 1071 1072
f 1072 1071 1073
f 1072 1073 1074
f 1074 1073 1075
f 1075 1073 1076
f 1075 1076 1077
f 1077 1076 1078
f 1077 1078 1079
f 1079 1078 1080
f 1079 1080 1081
f 1081 1080 1082
f 1081 1082 1083
f 1083 1082 1084
f 1084 1082 1085
f 1084 1085 1086
f 1086 1085 1087
f 1086 1087 1037
f 1037 1087 1035
f 1034 1088 1036
f 1036 1088 1089
f 1036 1089 1037
f 1037 1089 1090
f 1037 1090 1086
f 1086 1090 1091
f 1086 1091 1084
f 1084 1091 1092
f 1084 1092 1083
f 1083 1092 1093
f 1083 1093 1081
f 1081 1093 1094
f 1081 1094 1079
f 1079 1094 1095
f 1079 1095 1077
f 1077 1095 1096
f 1077 1096 1075
f 1075 1096 1097
f 1075 1097 1074
f 1074 1097 1098
f 1074 1098 1072
f 1072 1098 1099
f 1072 1099 1070
f 1070 1099 1100
f 1070 1100 1068
f 1068 1100 1101
f 1068 1101 1067
f 1067 1101 1102
f 1067 1102 1065
f 1065 1102 1103
f 1065 1103 1063
f 1063 1103 1104
f 1063 1104 1061
f 1061 1104 1105
f 1061 1105 1059
f 1059 1105 1106
f 1059 1106 1058
f 1058 1106 1107
f 1058 1107 1056
f 1056 1107 1108
f 1056 1108 1054
f 1054 1108 1109
f 1054 1109 1052
f 1052 1109 1110
f 1052 1110 1051
f 1051 1110 1111
f 1051 1111 1049
f 1049 1111 1112
f 1049 1112 1047
f 1047 1112 1113
f 1047 1113 1045
f 1045 1113 1114
f 1045 1114 1043
f 1043 1114 1115
f 1043 1115 1042
f 1042 1115 1116
f 1042 1116 1040
f 1040 1116 1117
f 1040 1117 1038
f 1038 1117 1118
f 1038 1118 1034
f 1034 1118 1088
f 1087 899 1035
f 1035 899 901
f 1035 901 1033
f 1033 901 903
f 1033 903 1039
f 1039 903 905
f 1039 905 1041
f 1041 905 907
f 1041 907 1044
f 1044 907 909
f 1044 909 1046
f 1046 909 911
f 1046 911 1048
f 1048 911 913
f 1048 913 1050
f 1050 913 912
f 1050 912 1053
f 1053 912 910
f 1053 910 1055
f 1055 910 908
f 1055 908 1057
f 1057 908 906
f 1057 906 1060
f 1060 906 904
f 1060 904 1062
f 1062 904 902
f 1062 902 1064
f 1064 902 900
f 1064 900 1066
f 1066 900 914
f 1066 914 1069
f 1069 914 916
f 1069 916 1071
f 1071 916 918
f 1071 918 1073
f 1073 918 920
f 1073 920 1076
f 1076 920 922
f 1076 922 1078
f 1078 922 921
f 1078 921 1080
f 1080 921 919
f 1080 919 1082
f 1082 919 917
f 1082 917 1085
f 1085 917 915
f 1085 915 1087
f 1087 915 899
f 1119 1120 1121
f 1121 1120 1122
f 1121 1122 1123
f 1120 1119 1124
f 1124 1119 1125
f 1124 1125 1126
f 1126 1125 1127
f 1126 1127 1128
f 1128 1127 1129
f 1129 1127 1130
f 1129 1130 1131
f 1131 1130 1132
f 1131 1132 1133
f 1133 1132 1134
f 1133 1134 1135
f 1135 1134 1136
f 1135 1136 1137
f 1137 1136 1138
f 1138 1136 1139
f 1138 1139 1140
f 1140 1139 1141
f 1140 1141 1142
f 1142 1141 1143
f 1142 1143 1144
f 1144 1143 1145
f 1145 1143 1146
f 1145 1146 1147
f 1147 1146 1148
f 1147 1148 1149
f 1149 1148 1150
f 1149 1150 1151
f 1151 1150 1152
f 1151 1152 1153
f 1153 1152 1154
f 1154 1152 1155
f 1154 1155 1156
f 1156 1155 1157
f 1156 1157 1158
f 1158 1157 1159
f 1158 1159 1160
f 1160 1159 1161
f 1161 1159 1162
f 1161 1162 1163
f 1163 1162 1164
f 1163 1164 1165
f 1165 1164 1166
f 1165 1166 1167
f 1167 1166 1168
f 1167 1168 1169
f 1169 1168 1170
f 1170 1168 1171
f 1170 1171 1172
f 1172 1171 1173
f 1172 1173 1123
f 1123 1173 1121
f 1120 1174 1122
f 1122 1174 1175
f 1122 1175 1123
f 1123 1175 1176
f 1123 1176 1172
f 1172 1176 1177
f 1172 1177 1170
f 1170 1177 1178
f 1170 1178 1169
f 1169 1178 1179
f 1169 1179 1167
f 1167 1179 1180
f 1167 1180 1165
f 1165 1180 1181
f 1165 1181 1163
f 1163 1181 1182
f 1163 1182 1161
f 1161 1182 1183
f 1161 1183 1160
f 1160 1183 1184
f 1160 1184 1158
f 1158 1184 1185
f 1158 1185 1156
f 1156 1185 1186
f 1156 1186 1154
f 1154 1186 1187
f 1154 1187 1153
f 1153 1187 1188
f 1153 1188 1151
f 1151 1188 1189
f 1151 1189 1149
f 1149 1189 1190
f 1149 1190 1147
f 1147 1190 1191
f 1147 1191 1145
f 1145 1191 1192
f 1145 1192 1144
f 1144 1192 1193
f 1144 1193 1142
f 1142 1193 1194
f 1142 1194 1140
f 1140 1194 1195
f 1140 1195 1138
f 1138 1195 1196
f 1138 1196 1137
f 1137 1196 1197
f 1137 1197 1135
f 1135 1197 1198
f 1135 1198 1133
f 1133 1198 1199
f 1133 1199 1131
f 1131 1199 1200
f 1131 1200 1129
f 1129 1200 1201
f 1129 1201 1128
f 1128 1201 1202
f 1128 1202 1126
f 1126 1202 1203
f 1126 1203 1124
f 1124 1203 1204
f 1124 1204 1120
f 1120 1204 1174
f 1173 1009 1121
f 1121 1009 1011
f 1121 1011 1119
f 1119 1011 1013
f 1119 1013 1125
f 1125 1013 1015
f 1125 1015 1127
f 1127 1015 1017
f 1127 1017 1130
f 1130 1017 1019
f 1130 1019 1132
f 1132 1019 1021
f 1132 1021 1134
f 1134 1021 1023
f 1134 1023 1136
f 1136 1023 1022
f 1136 1022 1139
f 1139 1022 1020
f 1139 1020 1141
f 1141 1020 1018
f 1141 1018 1143
f 1143 1018 1016
f 1143 1016 1146
f 1146 1016 1014
f 1146 1014 1148
f 1148 1014 1012
f 1148 1012 1150
f 1150 1012 1010
f 1150 1010 1152
f 1152 1010 1024
f 1152 1024 1155
f 1155 1024 1026
f 1155 1026 1157
f 1157 1026 1028
f 1157 1028 1159
f 1159 1028 1030
f 1159 1030 1162
f 1162 1030 1032
f 1162 1032 1164
f 1164 1032 1031
f 1164 1031 1166
f 1166 1031 1029
f 1166 1029 1168
f 1168 1029 1027
f 1168 1027 1171
f 1171 1027 1025
f 1171 1025 1173
f 1173 1025 1009
f 427 980 1205
f 1205 980 979
f 1205 979 978
f 430 1096 427
f 427 1096 1184
f 427 1184 1183
f 1206 884 430
f 430 884 1105
f 430 1105 1104
f 1205 893 1206
f 1206 893 892
f 1206 892 891
f 1176 1175 427
f 427 1175 1174
f 427 1174 980
f 980 1174 981
f 981 1174 1204
f 981 1204 982
f 982 1204 1203
f 982 1203 983
f 983 1203 1202
f 983 1202 984
f 984 1202 1201
f 984 1201 985
f 985 1201 1200
f 985 1200 986
f 986 1200 1199
f 986 1199 987
f 987 1199 1198
f 987 1198 1197
f 987 1197 988
f 988 1197 1196
f 988 1196 989
f 989 1196 1195
f 989 1195 990
f 874 1115 875
f 875 1115 1114
f 875 1114 876
f 876 1114 1113
f 876 1113 877
f 877 1113 1112
f 877 1112 1111
f 1115 1195 1116
f 1116 1195 1194
f 1116 1194 1117
f 1117 1194 1193
f 1117 1193 1118
f 1118 1193 1192
f 1118 1192 1088
f 1088 1192 1191
f 1088 1191 1089
f 1089 1191 1190
f 1089 1190 1090
f 1090 1190 1189
f 1090 1189 1091
f 1091 1189 1188
f 1091 1188 1092
f 1092 1188 1187
f 1092 1187 1093
f 1093 1187 1186
f 1093 1186 1094
f 1094 1186 1185
f 1094 1185 1095
f 1095 1185 1184
f 1095 1184 1096
f 1183 1182 427
f 427 1182 1181
f 427 1181 1180
f 1180 1179 427
f 427 1179 1178
f 427 1178 1177
f 1177 1176 427
f 978 1008 1205
f 1205 1008 1007
f 1205 1007 1006
f 1006 1005 1205
f 1205 1005 1004
f 1205 1004 1003
f 1003 1002 1205
f 1205 1002 1001
f 1205 1001 893
f 893 1001 894
f 894 1001 1000
f 894 1000 895
f 895 1000 999
f 895 999 896
f 896 999 998
f 896 998 897
f 897 998 997
f 897 997 898
f 898 997 996
f 898 996 868
f 868 996 995
f 868 995 869
f 869 995 994
f 869 994 870
f 870 994 993
f 870 993 871
f 871 993 992
f 871 992 872
f 872 992 991
f 872 991 873
f 873 991 990
f 873 990 874
f 891 890 1206
f 1206 890 889
f 1206 889 888
f 888 887 1206
f 1206 887 886
f 1206 886 885
f 885 884 1206
f 884 883 1105
f 1105 883 1106
f 1106 883 882
f 1106 882 1107
f 1107 882 881
f 1107 881 1108
f 1108 881 880
f 1108 880 1109
f 1109 880 879
f 1109 879 1110
f 1110 879 878
f 1110 878 1111
f 1111 878 877
f 1104 1103 430
f 430 1103 1102
f 430 1102 1101
f 1101 1100 430
f 430 1100 1099
f 430 1099 1098
f 1098 1097 430
f 430 1097 1096
f 266 264 1206
f 1206 264 1205
f 172 502 106
f 106 502 430
f 430 502 499
f 430 499 1206
f 1206 499 266
f 266 499 316
f 1207 1208 1209
f 1209 1208 1210
f 1209 1210 1211
f 1211 1210 1212
f 1211 1212 1213
f 1213 1212 1214
f 1213 1214 1215
f 1215 1214 1216
f 1215 1216 1217
f 1217 1216 1218
f 1218 1216 1219
f 1218 1219 1220
f 1220 1219 1221
f 1220 1221 1222
f 1222 1221 1223
f 1223 1221 1224
f 1224 1221 1225
f 1225 1221 1226
f 1225 1226 1227
f 1227 1226 1228
f 1228 1226 1229
f 1229 1226 1230
f 1230 1226 1231
f 1230 1231 1232
f 1232 1231 1233
f 1232 1233 1234
f 1234 1235 1232
f 1232 1235 1236
f 1232 1236 1237
f 1232 1237 659
f 659 1237 1238
f 659 1238 1239
f 1239 1240 659
f 659 1240 1241
f 659 1241 548
f 548 1241 550
f 550 1241 1242
f 550 1242 552
f 552 1242 554
f 554 1242 1243
f 554 1243 1244
f 554 1244 556
f 556 1244 1245
f 556 1245 1246
f 1247 1248 1246
f 1246 1248 1249
f 1246 1249 556
f 1248 1247 1250
f 1250 1247 1251
f 1250 1251 1252
f 1252 1251 1207
f 1252 1207 1209
f 548 546 659
f 659 546 544
f 659 544 542
f 542 540 659
f 659 540 538
f 659 538 536
f 659 536 660
f 660 536 534
f 660 534 663
f 663 534 532
f 663 532 665
f 665 532 530
f 665 530 667
f 667 530 527
f 667 527 669
f 669 527 588
f 588 527 526
f 1253 1254 1255
f 1255 1254 1256
f 1255 1256 1257
f 1257 1256 1258
f 1257 1258 1259
f 1259 1258 1260
f 1259 1260 1261
f 1261 1260 1262
f 1262 1260 1263
f 1262 1263 1264
f 1264 1263 1265
f 1264 1265 1266
f 1264 1266 625
f 625 1266 1267
f 625 1267 1268
f 1269 631 1268
f 1268 631 629
f 1268 629 626
f 631 1269 707
f 707 1269 1270
f 707 1270 1271
f 1271 1272 707
f 707 1272 1273
f 707 1273 709
f 709 1273 1274
f 709 1274 1275
f 1275 1276 709
f 709 1276 1277
f 709 1277 1278
f 709 1278 1279
f 1279 1278 1280
f 1279 1280 1281
f 1281 1280 1282
f 1282 1280 1283
f 1283 1280 1284
f 1284 1280 1285
f 1284 1285 1286
f 1286 1285 1287
f 1287 1285 1288
f 1288 1285 1289
f 1289 1285 1290
f 1289 1290 1291
f 1291 1290 1292
f 1291 1292 1293
f 1293 1292 1294
f 1293 1294 1295
f 1295 1294 1296
f 1296 1294 1297
f 1296 1297 1298
f 1298 1297 1253
f 1298 1253 1255
f 705 643 707
f 707 643 641
f 707 641 639
f 643 705 645
f 645 705 703
f 645 703 647
f 647 703 701
f 647 701 649
f 649 701 699
f 649 699 651
f 651 699 697
f 651 697 653
f 653 697 655
f 639 637 707
f 707 637 635
f 707 635 633
f 633 631 707
f 626 625 1268
f 1299 683 1300
f 1300 683 681
f 1300 681 1301
f 1301 681 1302
f 1302 681 1303
f 1303 681 1304
f 1304 681 564
f 1304 564 1305
f 1305 564 562
f 1305 562 559
f 1299 1306 683
f 683 1306 1307
f 683 1307 1308
f 1308 1309 683
f 683 1309 1310
f 1310 1309 1311
f 1310 1311 1312
f 1312 1311 1313
f 1313 1311 1314
f 1314 1311 1315
f 1315 1311 1316
f 1315 1316 1317
f 1317 1316 1318
f 1318 1316 1319
f 1319 1316 1320
f 1320 1316 1321
f 1320 1321 1322
f 1322 1321 1323
f 1322 1323 1324
f 1324 1323 1325
f 1324 1325 1326
f 1326 1325 1327
f 1327 1325 1328
f 1327 1328 1329
f 1329 1328 1330
f 1329 1330 1331
f 1331 1330 1332
f 1331 1332 1333
f 1331 1333 1334
f 1334 1333 1335
f 1334 1335 1336
f 1336 1335 1337
f 1336 1337 1338
f 1338 1337 1339
f 1339 1337 1340
f 1339 1340 1341
f 1341 1340 1342
f 1341 1342 1343
f 1341 1343 558
f 558 1343 1344
f 558 1344 1305
f 679 576 681
f 681 576 574
f 681 574 572
f 576 679 578
f 578 679 677
f 578 677 580
f 580 677 675
f 580 675 582
f 582 675 673
f 582 673 584
f 584 673 671
f 584 671 586
f 586 671 590
f 572 570 681
f 681 570 568
f 681 568 566
f 566 564 681
f 559 558 1305
f 1345 685 1346
f 1346 685 1347
f 1346 1347 1348
f 1348 1347 1349
f 1349 1347 1350
f 1350 1347 1351
f 1351 1347 1352
f 1352 1347 1353
f 1352 1353 1354
f 1354 1353 1355
f 1354 1355 1356
f 1345 1357 685
f 685 1357 1358
f 685 1358 1359
f 685 1359 615
f 615 1359 1360
f 615 1360 617
f 617 1360 619
f 619 1360 621
f 621 1360 1361
f 621 1361 1362
f 621 1362 623
f 623 1362 1363
f 623 1363 1364
f 623 1364 1365
f 1365 1364 1366
f 1365 1366 1367
f 1367 1366 1368
f 1368 1366 1369
f 1368 1369 1370
f 1370 1369 1371
f 1370 1371 1372
f 1372 1371 1373
f 1372 1373 1374
f 1372 1374 1375
f 1375 1374 1376
f 1375 1376 1377
f 1377 1376 1378
f 1377 1378 1379
f 1379 1378 1380
f 1380 1378 1381
f 1380 1381 1382
f 1382 1381 1383
f 1382 1383 1384
f 1384 1383 1385
f 1384 1385 1386
f 1386 1385 1387
f 1387 1385 1388
f 1388 1385 1389
f 1389 1385 1354
f 1389 1354 1390
f 1390 1354 1356
f 593 658 594
f 594 658 695
f 594 695 693
f 594 693 597
f 597 693 691
f 597 691 599
f 599 691 689
f 599 689 601
f 601 689 686
f 601 686 603
f 603 686 685
f 603 685 605
f 605 685 607
f 607 685 609
f 609 685 611
f 611 685 613
f 613 685 615
f 1301 1391 1300
f 1300 1391 1392
f 1300 1392 1299
f 1299 1392 1393
f 1299 1393 1306
f 1306 1393 1394
f 1306 1394 1307
f 1307 1394 1395
f 1307 1395 1308
f 1308 1395 1396
f 1308 1396 1309
f 1309 1396 1397
f 1309 1397 1311
f 1311 1397 1398
f 1311 1398 1316
f 1316 1398 1399
f 1316 1399 1321
f 1321 1399 1400
f 1321 1400 1323
f 1323 1400 1401
f 1323 1401 1325
f 1325 1401 1402
f 1325 1402 1328
f 1328 1402 1403
f 1328 1403 1330
f 1330 1403 1404
f 1330 1404 1332
f 1332 1404 1405
f 1332 1405 1333
f 1333 1405 1406
f 1333 1406 1335
f 1335 1406 1407
f 1335 1407 1337
f 1337 1407 1408
f 1337 1408 1340
f 1340 1408 1409
f 1340 1409 1342
f 1342 1409 1410
f 1342 1410 1343
f 1343 1410 1411
f 1343 1411 1344
f 1344 1411 1412
f 1344 1412 1305
f 1305 1412 1413
f 1305 1413 1304
f 1304 1413 1414
f 1304 1414 1303
f 1303 1414 1415
f 1303 1415 1302
f 1302 1415 1416
f 1302 1416 1301
f 1301 1416 1391
f 1417 1418 1341
f 1341 1418 1339
f 1339 1418 1419
f 1339 1419 1338
f 1338 1419 1420
f 1338 1420 1336
f 1336 1420 1421
f 1336 1421 1334
f 1334 1421 1422
f 1334 1422 1331
f 1331 1422 1423
f 1331 1423 1329
f 1329 1423 1424
f 1329 1424 1327
f 1327 1424 1425
f 1327 1425 1326
f 1326 1425 1426
f 1326 1426 1324
f 1324 1426 1427
f 1324 1427 1322
f 1322 1427 1428
f 1322 1428 1320
f 1320 1428 1429
f 1320 1429 1319
f 1319 1429 1430
f 1319 1430 1318
f 1318 1430 1431
f 1318 1431 1317
f 1317 1431 1432
f 1317 1432 1315
f 1315 1432 1433
f 1315 1433 1314
f 1314 1433 1434
f 1314 1434 1313
f 1313 1434 1435
f 1313 1435 1312
f 1312 1435 1436
f 1312 1436 1310
f 1310 1436 684
f 1310 684 683
f 560 1417 558
f 558 1417 1341
f 1348 1437 1346
f 1346 1437 1438
f 1346 1438 1345
f 1345 1438 1439
f 1345 1439 1357
f 1357 1439 1440
f 1357 1440 1358
f 1358 1440 1441
f 1358 1441 1359
f 1359 1441 1442
f 1359 1442 1360
f 1360 1442 1443
f 1360 1443 1361
f 1361 1443 1444
f 1361 1444 1362
f 1362 1444 1445
f 1362 1445 1363
f 1363 1445 1446
f 1363 1446 1364
f 1364 1446 1447
f 1364 1447 1366
f 1366 1447 1448
f 1366 1448 1369
f 1369 1448 1449
f 1369 1449 1371
f 1371 1449 1450
f 1371 1450 1373
f 1373 1450 1451
f 1373 1451 1374
f 1374 1451 1452
f 1374 1452 1376
f 1376 1452 1453
f 1376 1453 1378
f 1378 1453 1454
f 1378 1454 1381
f 1381 1454 1455
f 1381 1455 1383
f 1383 1455 1456
f 1383 1456 1385
f 1385 1456 1457
f 1385 1457 1354
f 1354 1457 1458
f 1354 1458 1352
f 1352 1458 1459
f 1352 1459 1351
f 1351 1459 1460
f 1351 1460 1350
f 1350 1460 1461
f 1350 1461 1349
f 1349 1461 1462
f 1349 1462 1348
f 1348 1462 1437
f 687 1463 685
f 685 1463 1347
f 1463 1464 1347
f 1347 1464 1353
f 1353 1464 1465
f 1353 1465 1355
f 1355 1465 1466
f 1355 1466 1356
f 1356 1466 1467
f 1356 1467 1390
f 1390 1467 1468
f 1390 1468 1389
f 1389 1468 1469
f 1389 1469 1388
f 1388 1469 1470
f 1388 1470 1387
f 1387 1470 1471
f 1387 1471 1386
f 1386 1471 1472
f 1386 1472 1384
f 1384 1472 1473
f 1384 1473 1382
f 1382 1473 1474
f 1382 1474 1380
f 1380 1474 1475
f 1380 1475 1379
f 1379 1475 1476
f 1379 1476 1377
f 1377 1476 1477
f 1377 1477 1375
f 1375 1477 1478
f 1375 1478 1372
f 1372 1478 1479
f 1372 1479 1370
f 1370 1479 1480
f 1370 1480 1368
f 1368 1480 1481
f 1368 1481 1367
f 1367 1481 1482
f 1367 1482 1365
f 1365 1482 624
f 1365 624 623
f 1207 1483 1208
f 1208 1483 1484
f 1208 1484 1210
f 1210 1484 1485
f 1210 1485 1212
f 1212 1485 1486
f 1212 1486 1214
f 1214 1486 1487
f 1214 1487 1216
f 1216 1487 1488
f 1216 1488 1219
f 1219 1488 1489
f 1219 1489 1221
f 1221 1489 1490
f 1221 1490 1226
f 1226 1490 1491
f 1226 1491 1231
f 1231 1491 1492
f 1231 1492 1233
f 1233 1492 1493
f 1233 1493 1234
f 1234 1493 1494
f 1234 1494 1235
f 1235 1494 1495
f 1235 1495 1236
f 1236 1495 1496
f 1236 1496 1237
f 1237 1496 1497
f 1237 1497 1238
f 1238 1497 1498
f 1238 1498 1239
f 1239 1498 1499
f 1239 1499 1240
f 1240 1499 1500
f 1240 1500 1241
f 1241 1500 1501
f 1241 1501 1242
f 1242 1501 1502
f 1242 1502 1243
f 1243 1502 1503
f 1243 1503 1244
f 1244 1503 1504
f 1244 1504 1245
f 1245 1504 1505
f 1245 1505 1246
f 1246 1505 1506
f 1246 1506 1247
f 1247 1506 1507
f 1247 1507 1251
f 1251 1507 1508
f 1251 1508 1207
f 1207 1508 1483
f 1509 1510 1232
f 1232 1510 1230
f 1230 1510 1511
f 1230 1511 1229
f 1229 1511 1512
f 1229 1512 1228
f 1228 1512 1513
f 1228 1513 1227
f 1227 1513 1514
f 1227 1514 1225
f 1225 1514 1515
f 1225 1515 1224
f 1224 1515 1516
f 1224 1516 1223
f 1223 1516 1517
f 1223 1517 1222
f 1222 1517 1518
f 1222 1518 1220
f 1220 1518 1519
f 1220 1519 1218
f 1218 1519 1520
f 1218 1520 1217
f 1217 1520 1521
f 1217 1521 1215
f 1215 1521 1522
f 1215 1522 1213
f 1213 1522 1523
f 1213 1523 1211
f 1211 1523 1209
f 1209 1523 1524
f 1209 1524 1252
f 1252 1524 1525
f 1252 1525 1526
f 1252 1526 1250
f 1250 1526 1527
f 1250 1527 1248
f 1248 1527 1528
f 1248 1528 1249
f 1249 1528 557
f 1249 557 556
f 661 1509 659
f 659 1509 1232
f 1253 1529 1254
f 1254 1529 1530
f 1254 1530 1256
f 1256 1530 1531
f 1256 1531 1258
f 1258 1531 1532
f 1258 1532 1260
f 1260 1532 1533
f 1260 1533 1263
f 1263 1533 1534
f 1263 1534 1265
f 1265 1534 1535
f 1265 1535 1266
f 1266 1535 1536
f 1266 1536 1267
f 1267 1536 1537
f 1267 1537 1268
f 1268 1537 1538
f 1268 1538 1269
f 1269 1538 1539
f 1269 1539 1270
f 1270 1539 1540
f 1270 1540 1271
f 1271 1540 1541
f 1271 1541 1272
f 1272 1541 1542
f 1272 1542 1273
f 1273 1542 1543
f 1273 1543 1274
f 1274 1543 1544
f 1274 1544 1275
f 1275 1544 1545
f 1275 1545 1276
f 1276 1545 1546
f 1276 1546 1277
f 1277 1546 1547
f 1277 1547 1278
f 1278 1547 1548
f 1278 1548 1280
f 1280 1548 1549
f 1280 1549 1285
f 1285 1549 1550
f 1285 1550 1290
f 1290 1550 1551
f 1290 1551 1292
f 1292 1551 1552
f 1292 1552 1294
f 1294 1552 1553
f 1294 1553 1297
f 1297 1553 1554
f 1297 1554 1253
f 1253 1554 1529
f 1555 1556 1264
f 1264 1556 1262
f 1262 1556 1557
f 1262 1557 1261
f 1261 1557 1558
f 1261 1558 1259
f 1259 1558 1559
f 1259 1559 1257
f 1257 1559 1255
f 1255 1559 1560
f 1255 1560 1298
f 1298 1560 1561
f 1298 1561 1562
f 1298 1562 1296
f 1296 1562 1563
f 1296 1563 1295
f 1295 1563 1564
f 1295 1564 1293
f 1293 1564 1565
f 1293 1565 1291
f 1291 1565 1566
f 1291 1566 1289
f 1289 1566 1567
f 1289 1567 1288
f 1288 1567 1568
f 1288 1568 1287
f 1287 1568 1569
f 1287 1569 1286
f 1286 1569 1570
f 1286 1570 1284
f 1284 1570 1571
f 1284 1571 1283
f 1283 1571 1572
f 1283 1572 1282
f 1282 1572 1573
f 1282 1573 1281
f 1281 1573 1574
f 1281 1574 1279
f 1279 1574 710
f 1279 710 709
f 627 1555 625
f 625 1555 1264
f 1391 682 1392
f 1392 682 684
f 1392 684 1393
f 1393 684 1394
f 1394 684 1395
f 1395 684 1396
f 1396 684 1436
f 1396 1436 1397
f 1397 1436 1435
f 1397 1435 1398
f 1398 1435 1434
f 1398 1434 1433
f 1391 1416 682
f 682 1416 1415
f 682 1415 1414
f 1413 565 1414
f 1414 565 567
f 1414 567 682
f 682 567 569
f 682 569 571
f 1412 561 1413
f 1413 561 563
f 1413 563 565
f 561 1412 560
f 560 1412 1411
f 560 1411 1417
f 1417 1411 1410
f 1417 1410 1409
f 1417 1409 1418
f 1418 1409 1408
f 1418 1408 1419
f 1419 1408 1407
f 1419 1407 1420
f 1420 1407 1406
f 1420 1406 1421
f 1421 1406 1405
f 1421 1405 1422
f 1422 1405 1423
f 1423 1405 1404
f 1423 1404 1424
f 1424 1404 1403
f 1424 1403 1425
f 1425 1403 1402
f 1425 1402 1426
f 1426 1402 1401
f 1426 1401 1427
f 1427 1401 1428
f 1428 1401 1400
f 1428 1400 1429
f 1429 1400 1399
f 1429 1399 1430
f 1430 1399 1431
f 1431 1399 1432
f 1432 1399 1398
f 1432 1398 1433
f 1437 1463 1438
f 1438 1463 687
f 1438 687 1439
f 1439 687 1440
f 1440 687 1441
f 1441 687 1442
f 1442 687 614
f 1442 614 616
f 1437 1462 1463
f 1463 1462 1461
f 1463 1461 1460
f 1463 1460 1464
f 1464 1460 1459
f 1464 1459 1465
f 1465 1459 1458
f 1465 1458 1466
f 1466 1458 1467
f 1467 1458 1468
f 1468 1458 1457
f 1468 1457 1469
f 1469 1457 1470
f 1470 1457 1471
f 1471 1457 1456
f 1471 1456 1472
f 1472 1456 1455
f 1472 1455 1473
f 1473 1455 1474
f 1474 1455 1454
f 1474 1454 1475
f 1475 1454 1453
f 1475 1453 1476
f 1476 1453 1452
f 1476 1452 1477
f 1477 1452 1451
f 1477 1451 1478
f 1478 1451 1479
f 1479 1451 1450
f 1479 1450 1480
f 1480 1450 1449
f 1480 1449 1481
f 1481 1449 1448
f 1481 1448 1482
f 1482 1448 1447
f 1482 1447 624
f 624 1447 1446
f 624 1446 1445
f 624 1445 622
f 622 1445 1444
f 622 1444 620
f 620 1444 1443
f 620 1443 618
f 618 1443 616
f 616 1443 1442
f 1483 1525 1484
f 1484 1525 1524
f 1484 1524 1523
f 1525 1483 1526
f 1526 1483 1508
f 1526 1508 1527
f 1527 1508 1507
f 1527 1507 1528
f 1528 1507 1506
f 1528 1506 557
f 557 1506 1505
f 557 1505 1504
f 557 1504 555
f 555 1504 1503
f 555 1503 553
f 553 1503 1502
f 553 1502 551
f 551 1502 549
f 549 1502 1501
f 549 1501 547
f 547 1501 661
f 547 661 545
f 545 661 543
f 543 661 541
f 541 661 539
f 539 661 537
f 537 661 662
f 537 662 535
f 535 662 731
f 535 731 730
f 1501 1500 661
f 661 1500 1499
f 661 1499 1498
f 1498 1497 661
f 661 1497 1509
f 1509 1497 1496
f 1509 1496 1495
f 1495 1494 1509
f 1509 1494 1493
f 1509 1493 1510
f 1510 1493 1492
f 1510 1492 1511
f 1511 1492 1491
f 1511 1491 1512
f 1512 1491 1513
f 1513 1491 1514
f 1514 1491 1490
f 1514 1490 1515
f 1515 1490 1516
f 1516 1490 1517
f 1517 1490 1489
f 1517 1489 1518
f 1518 1489 1488
f 1518 1488 1519
f 1519 1488 1520
f 1520 1488 1487
f 1520 1487 1521
f 1521 1487 1486
f 1521 1486 1522
f 1522 1486 1485
f 1522 1485 1523
f 1523 1485 1484
f 1529 1561 1530
f 1530 1561 1560
f 1530 1560 1559
f 1561 1529 1562
f 1562 1529 1554
f 1562 1554 1563
f 1563 1554 1553
f 1563 1553 1564
f 1564 1553 1552
f 1564 1552 1565
f 1565 1552 1566
f 1566 1552 1551
f 1566 1551 1567
f 1567 1551 1550
f 1567 1550 1568
f 1568 1550 1569
f 1569 1550 1570
f 1570 1550 1549
f 1570 1549 1571
f 1571 1549 1572
f 1572 1549 1573
f 1573 1549 1548
f 1573 1548 1574
f 1574 1548 1547
f 1574 1547 710
f 710 1547 1546
f 710 1546 1545
f 1545 1544 710
f 710 1544 1543
f 710 1543 708
f 708 1543 1542
f 708 1542 1541
f 1541 1540 708
f 708 1540 1539
f 708 1539 634
f 634 1539 632
f 632 1539 1538
f 632 1538 630
f 630 1538 628
f 628 1538 1537
f 628 1537 627
f 627 1537 1536
f 627 1536 1555
f 1555 1536 1535
f 1555 1535 1534
f 1555 1534 1556
f 1556 1534 1533
f 1556 1533 1557
f 1557 1533 1532
f 1557 1532 1558
f 1558 1532 1531
f 1558 1531 1559
f 1559 1531 1530
f 725 656 723
f 723 656 698
f 723 698 700
f 740 668 725
f 725 668 670
f 725 670 591
f 740 738 668
f 668 738 666
f 666 738 729
f 666 729 664
f 664 729 728
f 664 728 662
f 662 728 731
f 535 730 533
f 533 730 732
f 533 732 531
f 531 732 733
f 531 733 529
f 529 733 734
f 529 734 528
f 528 734 589
f 589 734 735
f 589 735 713
f 713 735 747
f 713 747 748
f 736 745 735
f 735 745 746
f 735 746 747
f 741 742 736
f 736 742 743
f 736 743 744
f 744 745 736
f 748 749 713
f 713 749 750
f 713 750 751
f 713 751 712
f 712 751 752
f 712 752 753
f 753 754 712
f 712 754 711
f 711 754 755
f 711 755 756
f 711 756 759
f 759 756 757
f 759 757 758
f 592 657 591
f 591 657 656
f 591 656 725
f 672 496 592
f 592 496 377
f 592 377 657
f 657 377 696
f 696 377 694
f 694 377 376
f 694 376 378
f 672 674 496
f 496 674 494
f 494 674 676
f 494 676 493
f 493 676 678
f 493 678 492
f 492 678 680
f 492 680 579
f 579 680 577
f 577 680 682
f 577 682 575
f 575 682 573
f 573 682 571
f 492 579 491
f 491 579 581
f 491 581 490
f 490 581 489
f 489 581 583
f 489 583 488
f 488 583 585
f 488 585 487
f 487 585 587
f 487 587 462
f 462 463 487
f 487 463 486
f 486 463 478
f 486 478 479
f 464 474 463
f 463 474 475
f 463 475 476
f 465 471 464
f 464 471 472
f 464 472 473
f 466 469 465
f 465 469 470
f 465 470 471
f 467 468 466
f 466 468 469
f 473 474 464
f 476 477 463
f 463 477 478
f 479 480 486
f 486 480 481
f 486 481 485
f 485 481 482
f 485 482 483
f 483 484 485
f 694 378 692
f 692 378 379
f 692 379 690
f 690 379 380
f 690 380 688
f 688 380 381
f 688 381 602
f 602 381 382
f 602 382 600
f 600 382 383
f 600 383 598
f 598 383 384
f 598 384 596
f 596 384 385
f 596 385 595
f 595 385 412
f 412 385 386
f 412 386 410
f 410 386 394
f 410 394 395
f 387 392 386
f 386 392 393
f 386 393 394
f 388 389 387
f 387 389 390
f 387 390 391
f 391 392 387
f 395 396 410
f 410 396 397
f 410 397 398
f 410 398 409
f 409 398 399
f 409 399 400
f 400 401 409
f 409 401 407
f 407 401 402
f 407 402 403
f 407 403 406
f 406 403 404
f 406 404 405
f 602 604 688
f 688 604 687
f 687 604 606
f 687 606 608
f 608 610 687
f 687 610 612
f 687 612 614
f 723 700 722
f 722 700 702
f 722 702 721
f 721 702 704
f 721 704 720
f 720 704 706
f 720 706 646
f 646 706 644
f 644 706 708
f 644 708 642
f 642 708 640
f 640 708 638
f 638 708 636
f 636 708 634
f 720 646 719
f 719 646 648
f 719 648 718
f 718 648 717
f 717 648 650
f 717 650 716
f 716 650 652
f 716 652 715
f 715 652 654
f 715 654 438
f 438 439 715
f 715 439 714
f 714 439 454
f 714 454 455
f 440 450 439
f 439 450 451
f 439 451 452
f 441 447 440
f 440 447 448
f 440 448 449
f 442 445 441
f 441 445 446
f 441 446 447
f 443 444 442
f 442 444 445
f 449 450 440
f 452 453 439
f 439 453 454
f 455 456 714
f 714 456 457
f 714 457 461
f 461 457 458
f 461 458 459
f 459 460 461
f 53 356 51
f 51 356 335
f 51 335 49
f 49 335 333
f 49 333 65
f 65 333 331
f 65 331 67
f 67 331 329
f 67 329 69
f 69 329 327
f 69 327 71
f 71 327 324
f 71 324 72
f 72 324 304
f 72 304 70
f 70 304 303
f 70 303 68
f 68 303 313
f 68 313 66
f 66 313 314
f 66 314 64
f 64 314 315
f 64 315 50
f 50 315 312
f 50 312 52
f 52 312 311
f 52 311 54
f 54 311 310
f 54 310 56
f 56 310 354
f 56 354 58
f 58 354 355
f 58 355 60
f 60 355 357
f 60 357 62
f 62 357 360
f 62 360 63
f 63 360 361
f 63 361 61
f 61 361 363
f 61 363 59
f 59 363 362
f 59 362 57
f 57 362 359
f 57 359 55
f 55 359 358
f 55 358 53
f 53 358 356
f 29 213 27
f 27 213 215
f 27 215 25
f 25 215 217
f 25 217 41
f 41 217 220
f 41 220 43
f 43 220 222
f 43 222 45
f 45 222 225
f 45 225 47
f 47 225 227
f 47 227 48
f 48 227 230
f 48 230 46
f 46 230 232
f 46 232 44
f 44 232 235
f 44 235 42
f 42 235 238
f 42 238 40
f 40 238 247
f 40 247 26
f 26 247 246
f 26 246 28
f 28 246 245
f 28 245 30
f 30 245 191
f 30 191 32
f 32 191 190
f 32 190 34
f 34 190 193
f 34 193 36
f 36 193 196
f 36 196 38
f 38 196 198
f 38 198 39
f 39 198 200
f 39 200 37
f 37 200 203
f 37 203 35
f 35 203 205
f 35 205 33
f 33 205 208
f 33 208 31
f 31 208 210
f 31 210 29
f 29 210 213
f 5 157 3
f 3 157 158
f 3 158 1
f 1 158 159
f 1 159 17
f 17 159 160
f 17 160 19
f 19 160 112
f 19 112 21
f 21 112 111
f 21 111 23
f 23 111 114
f 23 114 24
f 24 114 117
f 24 117 22
f 22 117 122
f 22 122 20
f 20 122 126
f 20 126 18
f 18 126 128
f 18 128 16
f 16 128 130
f 16 130 2
f 2 130 132
f 2 132 4
f 4 132 134
f 4 134 6
f 6 134 136
f 6 136 8
f 8 136 138
f 8 138 10
f 10 138 139
f 10 139 12
f 12 139 142
f 12 142 14
f 14 142 144
f 14 144 15
f 15 144 147
f 15 147 13
f 13 147 151
f 13 151 11
f 11 151 153
f 11 153 9
f 9 153 155
f 9 155 7
f 7 155 156
f 7 156 5
f 5 156 157
f 77 290 75
f 75 290 287
f 75 287 73
f 73 287 286
f 73 286 89
f 89 286 302
f 89 302 91
f 91 302 300
f 91 300 93
f 93 300 299
f 93 299 95
f 95 299 249
f 95 249 96
f 96 249 248
f 96 248 94
f 94 248 257
f 94 257 92
f 92 257 259
f 92 259 90
f 90 259 261
f 90 261 88
f 88 261 265
f 88 265 74
f 74 265 268
f 74 268 76
f 76 268 273
f 76 273 78
f 78 273 274
f 78 274 80
f 80 274 288
f 80 288 82
f 82 288 289
f 82 289 84
f 84 289 291
f 84 291 86
f 86 291 292
f 86 292 87
f 87 292 295
f 87 295 85
f 85 295 297
f 85 297 83
f 83 297 296
f 83 296 81
f 81 296 294
f 81 294 79
f 79 294 293
f 79 293 77
f 77 293 290
f 185 186 764
f 764 186 427
f 764 427 1205
f 764 1205 1575
f 1575 1205 264
f 1575 264 263
f 298 763 263
f 263 763 1575
f 763 762 1575
f 1575 762 764
f 1115 874 990
f 1115 990 1195
f 1576 1577 1578
f 1579 1577 1576
f 1580 1577 1579
f 1577 1580 1581
f 1582 1583 1584
f 1585 1586 1587
f 1588 1587 1586
f 1585 1589 1586
f 1586 1583 1588
f 1582 1588 1583
f 1584 1590 1582
f 1581 1582 1590
f 1580 1582 1581
f 1591 1592 1593
f 1592 1591 1594
f 1595 1594 1591
f 1594 1595 1596
f 1597 1596 1595
f 1596 1597 1598
f 1599 1598 1597
f 1598 1599 1600
f 1601 1600 1599
f 1602 1600 1601
f 1600 1602 1603
f 1604 1603 1602
f 1603 1604 1605
f 1606 1605 1604
f 1605 1606 1607
f 1608 1607 1606
f 1607 1608 1609
f 1610 1609 1608
f 1611 1612 1613
f 1613 1612 1614
f 1615 1616 1617
f 1617 1616 1618
f 1619 1620 1621
f 1622 1623 1624
f 1625 1626 1627
f 1627 1628 1625
f 1620 1628 1621
f 1628 1620 1625
f 1629 1622 1630
f 1624 1630 1622
f 1621 1611 1619
f 1613 1619 1611
f 1618 1623 1617
f 1623 1618 1624
f 1612 1631 1614
f 1614 1631 1632
f 1633 1632 1631
f 1632 1633 1634
f 1593 1634 1633
f 1592 1634 1593
f 1610 1635 1609
f 1636 1635 1610
f 1635 1636 1637
f 1638 1637 1636
f 1637 1638 1615
f 1615 1638 1616
f 1639 1640 1641
f 1639 1642 1640
f 1643 1644 1645
f 1646 1647 1648
f 1643 1649 1644
f 1650 1644 1649
f 1642 1648 1640
f 1648 1642 1646
f 1651 1652 1653
f 1654 1652 1651
f 1655 1656 1657
f 1658 1656 1655
f 1645 1653 1643
f 1653 1645 1651
f 1655 1647 1658
f 1646 1658 1647
f 1659 1660 1661
f 1662 1661 1660
f 1661 1662 1663
f 1664 1663 1662
f 1663 1664 1665
f 1666 1665 1664
f 1665 1666 1667
f 1668 1667 1666
f 1667 1668 1669
f 1669 1668 1670
f 1671 1670 1668
f 1670 1671 1672
f 1673 1672 1671
f 1672 1673 1674
f 1675 1674 1673
f 1674 1675 1676
f 1677 1676 1675
f 1676 1677 1678
f 1654 1679 1652
f 1680 1679 1654
f 1679 1680 1681
f 1682 1681 1680
f 1681 1682 1659
f 1659 1682 1660
f 1677 1683 1678
f 1678 1683 1684
f 1685 1684 1683
f 1684 1685 1686
f 1657 1686 1685
f 1656 1686 1657
f 1649 1627 1650
f 1626 1650 1627
f 1641 1629 1639
f 1630 1639 1629
f 1687 1688 1689
f 1688 1687 1690
f 1691 1690 1687
f 1690 1691 1692
f 1693 1692 1691
f 1692 1693 1694
f 1695 1694 1693
f 1696 1694 1695
f 1694 1696 1697
f 1698 1697 1696
f 1697 1698 1699
f 1700 1699 1698
f 1699 1700 1701
f 1702 1701 1700
f 1701 1702 1703
f 1704 1703 1702
f 1703 1704 1705
f 1706 1705 1704
f 1707 1708 1709
f 1709 1708 1710
f 1711 1712 1713
f 1713 1712 1714
f 1715 1716 1717
f 1718 1719 1720
f 1721 1722 1723
f 1724 1725 1726
f 1727 1726 1725
f 1716 1722 1717
f 1722 1716 1723
f 1725 1718 1727
f 1720 1727 1718
f 1717 1707 1715
f 1709 1715 1707
f 1714 1719 1713
f 1719 1714 1720
f 1708 1728 1710
f 1710 1728 1729
f 1730 1729 1728
f 1729 1730 1731
f 1689 1731 1730
f 1688 1731 1689
f 1706 1732 1705
f 1733 1732 1706
f 1732 1733 1734
f 1735 1734 1733
f 1734 1735 1711
f 1711 1735 1712
f 1736 1737 1738
f 1739 1740 1741
f 1742 1743 1744
f 1738 1745 1736
f 1745 1738 1746
f 1740 1743 1741
f 1743 1740 1744
f 1747 1748 1749
f 1748 1747 1750
f 1751 1752 1753
f 1754 1753 1752
f 1746 1755 1745
f 1756 1755 1746
f 1755 1756 1749
f 1749 1756 1747
f 1752 1742 1754
f 1754 1742 1757
f 1744 1757 1742
f 1758 1759 1760
f 1761 1760 1759
f 1762 1763 1764
f 1765 1766 1767
f 1762 1768 1763
f 1766 1769 1767
f 1770 1767 1769
f 1771 1772 1773
f 1774 1772 1771
f 1772 1774 1775
f 1776 1775 1774
f 1775 1776 1777
f 1777 1776 1762
f 1762 1776 1768
f 1769 1778 1770
f 1770 1778 1779
f 1758 1779 1778
f 1760 1779 1758
f 1750 1780 1748
f 1781 1780 1750
f 1780 1781 1782
f 1782 1781 1773
f 1773 1781 1771
f 1759 1783 1761
f 1761 1783 1784
f 1751 1784 1783
f 1753 1784 1751
f 1736 1721 1737
f 1723 1737 1721
f 1741 1724 1739
f 1726 1739 1724
f 1785 1786 1787
f 1788 1787 1786
f 1789 1790 1791
f 1792 1791 1793
f 1791 1792 1789
f 1788 1793 1787
f 1793 1788 1792
f 1792 1788 1794
f 1795 1794 1788
f 1796 1794 1795
f 1797 1798 1799
f 1800 1801 1802
f 1802 1801 1803
f 1804 1803 1801
f 1789 1805 1790
f 1806 1807 1808
f 1809 1810 1811
f 1812 1811 1810
f 1813 1811 1812
f 1814 1815 1816
f 1815 1817 1816
f 1817 1815 1818
f 1819 1820 1821
f 1822 1821 1820
f 1823 1824 1825
f 1825 1824 1819
f 1817 1819 1824
f 1818 1819 1817
f 1819 1818 1820
f 1816 1826 1814
f 1807 1803 1808
f 1808 1803 1827
f 1804 1827 1803
f 1827 1804 1828
f 1829 1828 1804
f 1828 1829 1826
f 1790 1826 1829
f 1805 1826 1790
f 1826 1805 1814
f 1814 1805 1830
f 1831 1830 1805
f 1830 1831 1809
f 1832 1809 1831
f 1809 1832 1810
f 1799 1810 1832
f 1798 1810 1799
f 1833 1834 1835
f 1833 1836 1834
f 1837 1838 1839
f 1840 1841 1842
f 1843 1842 1841
f 1834 1838 1835
f 1844 1838 1834
f 1838 1844 1839
f 1841 1845 1843
f 1836 1843 1845
f 1833 1843 1836
f 1846 1847 1848
f 1847 1846 1849
f 1849 1850 1847
f 1850 1849 1851
f 1852 1853 1854
f 1854 1853 1855
f 1856 1855 1853
f 1857 1855 1856
f 1839 1848 1837
f 1848 1839 1846
f 1856 1840 1857
f 1842 1857 1840
f 1858 1859 1860
f 1861 1862 1863
f 1864 1863 1862
f 1863 1864 1865
f 1866 1865 1864
f 1865 1866 1867
f 1868 1867 1866
f 1867 1868 1869
f 1870 1869 1868
f 1869 1870 1871
f 1872 1871 1870
f 1871 1872 1858
f 1858 1872 1859
f 1859 1873 1860
f 1860 1873 1874
f 1875 1874 1873
f 1874 1875 1876
f 1877 1876 1875
f 1876 1877 1878
f 1879 1878 1877
f 1878 1879 1880
f 1881 1880 1879
f 1880 1881 1882
f 1851 1883 1850
f 1884 1883 1851
f 1883 1884 1861
f 1861 1884 1862
f 1881 1885 1882
f 1882 1885 1886
f 1852 1886 1885
f 1854 1886 1852
f 1887 1888 1889
f 1890 1889 1888
f 1889 1890 1891
f 1892 1893 1894
f 1894 1893 1895
f 1896 1895 1893
f 1892 1889 1893
f 1891 1893 1889
f 1897 1898 1899
f 1899 1898 1900
f 1901 1900 1898
f 1902 1903 1904
f 1905 1904 1903
f 1900 1905 1899
f 1905 1900 1904
f 1901 1906 1900
f 1907 1908 1909
f 1907 1910 1911
f 1909 1910 1907
f 1912 1913 1914
f 1915 1914 1913
f 1908 1902 1909
f 1904 1909 1902
f 1913 1916 1915
f 1906 1915 1916
f 1901 1915 1906
f 1917 1918 1919
f 1920 1921 1922
f 1923 1921 1920
f 1924 1925 1918
f 1911 1918 1925
f 1910 1918 1911
f 1926 1918 1910
f 1918 1926 1919
f 1920 1927 1923
f 1923 1927 1928
f 1912 1928 1927
f 1914 1928 1912
f 1929 1930 1931
f 1932 1933 1934
f 1934 1933 1935
f 1935 1933 1936
f 1936 1933 1937
f 1937 1933 1938
f 1938 1933 1939
f 1939 1933 1940
f 1940 1933 1941
f 1941 1933 1942
f 1942 1933 1943
f 1943 1933 1944
f 1933 1945 1944
f 1944 1945 1946
f 1946 1945 1947
f 1947 1945 1948
f 1948 1945 1949
f 1949 1945 1950
f 1930 1950 1945
f 1929 1950 1930
f 1951 1952 1953
f 1930 1954 1931
f 1931 1954 1955
f 1955 1954 1956
f 1957 1956 1954
f 1956 1957 1958
f 1958 1957 1959
f 1960 1959 1957
f 1959 1960 1961
f 1924 1961 1960
f 1918 1961 1924
f 1917 1962 1918
f 1962 1917 1963
f 1964 1963 1917
f 1963 1964 1965
f 1965 1964 1966
f 1967 1966 1964
f 1966 1967 1968
f 1969 1968 1967
f 1968 1969 1970
f 1970 1969 1971
f 1972 1971 1969
f 1971 1972 1973
f 1973 1972 1974
f 1975 1974 1972
f 1974 1975 1976
f 1977 1976 1975
f 1976 1977 1978
f 1978 1977 1951
f 1951 1977 1952
f 1952 1979 1953
f 1953 1979 1980
f 1981 1980 1979
f 1980 1981 1982
f 1983 1982 1981
f 1982 1983 1984
f 1985 1984 1983
f 1984 1985 1986
f 1987 1986 1985
f 1986 1987 1988
f 1989 1988 1987
f 1988 1989 1990
f 1922 1990 1989
f 1921 1990 1922
f 1991 1992 1993
f 1994 1995 1996
f 1995 1994 1997
f 1997 1994 1998
f 1999 1998 1994
f 1998 1999 2000
f 2000 1999 2001
f 2002 2001 1999
f 2001 2002 2003
f 2003 2002 2004
f 1993 2004 2002
f 2004 1993 2005
f 1992 2005 1993
f 1991 2006 1992
f 2007 2008 2009
f 2010 2011 2012
f 2012 2011 2013
f 2014 2013 2011
f 2011 2009 2014
f 2008 2014 2009
f 2009 2015 2007
f 2007 2015 2016
f 2016 2015 2017
f 2018 2017 2015
f 2019 2017 2018
f 2018 2020 2019
f 2019 2020 2021
f 2021 2020 2022
f 2023 2022 2020
f 2022 2023 2024
f 2024 2023 2025
f 2026 2025 2023
f 2025 2026 2027
f 2027 2026 2028
f 1996 2028 2026
f 2028 1996 2029
f 1995 2029 1996
f 2030 2031 2032
f 2033 2034 2035
f 2034 2033 2036
f 2034 2030 2035
f 2032 2035 2030
f 2037 2038 2039
f 2040 2038 2037
f 2041 2038 2040
f 2036 2039 2034
f 2042 2039 2036
f 2039 2042 2037
f 2043 2044 2045
f 2046 2045 2044
f 2047 2048 2049
f 2048 2047 2050
f 2051 2050 2047
f 2052 2050 2051
f 2050 2052 2053
f 2054 2053 2052
f 2055 2053 2054
f 2053 2055 2056
f 2057 2056 2055
f 2058 2056 2057
f 2056 2058 2043
f 2059 2043 2058
f 2043 2059 2044
f 2041 2060 2038
f 2061 2060 2041
f 2062 2060 2061
f 2060 2062 2063
f 2064 2063 2062
f 2065 2063 2064
f 2063 2065 2066
f 2067 2066 2065
f 2066 2067 2048
f 2048 2067 2049
f 2030 2010 2031
f 2031 2010 2068
f 2012 2068 2010
f 2069 2070 2071
f 2072 2073 2074
f 2073 2072 2075
f 2075 2072 2076
f 2077 2076 2072
f 2076 2077 2078
f 2078 2077 2079
f 2080 2079 2077
f 2079 2080 2081
f 2081 2080 2082
f 2071 2082 2080
f 2082 2071 2083
f 2070 2083 2071
f 2069 2084 2070
f 2085 2086 2087
f 2088 2089 2090
f 2090 2089 2091
f 2092 2091 2089
f 2089 2087 2092
f 2086 2092 2087
f 2087 2093 2085
f 2085 2093 2094
f 2094 2093 2095
f 2096 2095 2093
f 2097 2095 2096
f 2096 2098 2097
f 2097 2098 2099
f 2099 2098 2100
f 2101 2100 2098
f 2100 2101 2102
f 2102 2101 2103
f 2104 2103 2101
f 2103 2104 2105
f 2105 2104 2106
f 2074 2106 2104
f 2106 2074 2107
f 2073 2107 2074
f 2108 2109 2110
f 2111 2112 2113
f 2112 2111 2114
f 2112 2108 2113
f 2110 2113 2108
f 2115 2116 2117
f 2118 2116 2115
f 2119 2116 2118
f 2114 2117 2112
f 2120 2117 2114
f 2117 2120 2115
f 2121 2122 2123
f 2124 2123 2122
f 2125 2126 2127
f 2126 2125 2128
f 2129 2128 2125
f 2130 2128 2129
f 2128 2130 2131
f 2132 2131 2130
f 2133 2131 2132
f 2131 2133 2134
f 2135 2134 2133
f 2136 2134 2135
f 2134 2136 2121
f 2137 2121 2136
f 2121 2137 2122
f 2119 2138 2116
f 2139 2138 2119
f 2140 2138 2139
f 2138 2140 2141
f 2142 2141 2140
f 2143 2141 2142
f 2141 2143 2144
f 2145 2144 2143
f 2144 2145 2126
f 2126 2145 2127
f 2108 2088 2109
f 2109 2088 2146
f 2090 2146 2088
f 2147 2148 2149
f 2150 2147 2149
f 2151 2150 2149
f 2149 2152 2151
f 2153 2154 2155
f 2156 2157 2158
f 2159 2158 2157
f 2156 2158 2160
f 2158 2159 2155
f 2153 2155 2159
f 2154 2153 2161
f 2152 2161 2153
f 2151 2152 2153
f 2162 2163 2164
f 2164 2165 2162
f 2166 2162 2165
f 2165 2167 2166
f 2168 2166 2167
f 2167 2169 2168
f 2170 2168 2169
f 2169 2171 2170
f 2172 2170 2171
f 2173 2172 2171
f 2171 2174 2173
f 2175 2173 2174
f 2174 2176 2175
f 2177 2175 2176
f 2176 2178 2177
f 2179 2177 2178
f 2178 2180 2179
f 2181 2179 2180
f 2182 2183 2184
f 2183 2185 2184
f 2186 2187 2188
f 2187 2189 2188
f 2190 2191 2192
f 2193 2194 2195
f 2196 2197 2198
f 2197 2196 2199
f 2192 2191 2199
f 2199 2196 2192
f 2200 2201 2193
f 2194 2193 2201
f 2191 2190 2182
f 2183 2182 2190
f 2189 2187 2195
f 2195 2194 2189
f 2184 2185 2202
f 2185 2203 2202
f 2204 2202 2203
f 2203 2205 2204
f 2163 2204 2205
f 2164 2163 2205
f 2181 2180 2206
f 2207 2181 2206
f 2206 2208 2207
f 2209 2207 2208
f 2208 2186 2209
f 2186 2188 2209
f 2210 2211 2212
f 2210 2212 2213
f 2214 2215 2216
f 2217 2218 2219
f 2214 2216 2220
f 2221 2220 2216
f 2213 2212 2218
f 2218 2217 2213
f 2222 2223 2224
f 2225 2222 2224
f 2226 2227 2228
f 2229 2226 2228
f 2215 2214 2223
f 2223 2222 2215
f 2226 2229 2219
f 2217 2219 2229
f 2230 2231 2232
f 2233 2232 2231
f 2231 2234 2233
f 2235 2233 2234
f 2234 2236 2235
f 2237 2235 2236
f 2236 2238 2237
f 2239 2237 2238
f 2238 2240 2239
f 2240 2241 2239
f 2242 2239 2241
f 2241 2243 2242
f 2244 2242 2243
f 2243 2245 2244
f 2246 2244 2245
f 2245 2247 2246
f 2248 2246 2247
f 2247 2249 2248
f 2225 2224 2250
f 2251 2225 2250
f 2250 2252 2251
f 2253 2251 2252
f 2252 2230 2253
f 2230 2232 2253
f 2248 2249 2254
f 2249 2255 2254
f 2256 2254 2255
f 2255 2257 2256
f 2227 2256 2257
f 2228 2227 2257
f 2220 2221 2197
f 2198 2197 2221
f 2211 2210 2200
f 2201 2200 2210
f 2258 2259 2260
f 2260 2261 2258
f 2262 2258 2261
f 2261 2263 2262
f 2264 2262 2263
f 2263 2265 2264
f 2266 2264 2265
f 2267 2266 2265
f 2265 2268 2267
f 2269 2267 2268
f 2268 2270 2269
f 2271 2269 2270
f 2270 2272 2271
f 2273 2271 2272
f 2272 2274 2273
f 2275 2273 2274
f 2274 2276 2275
f 2277 2275 2276
f 2278 2279 2280
f 2279 2281 2280
f 2282 2283 2284
f 2283 2285 2284
f 2286 2287 2288
f 2289 2290 2291
f 2292 2293 2294
f 2295 2296 2297
f 2298 2297 2296
f 2288 2287 2294
f 2294 2293 2288
f 2297 2298 2289
f 2290 2289 2298
f 2287 2286 2278
f 2279 2278 2286
f 2285 2283 2291
f 2291 2290 2285
f 2280 2281 2299
f 2281 2300 2299
f 2301 2299 2300
f 2300 2302 2301
f 2259 2301 2302
f 2260 2259 2302
f 2277 2276 2303
f 2304 2277 2303
f 2303 2305 2304
f 2306 2304 2305
f 2305 2282 2306
f 2282 2284 2306
f 2307 2308 2309
f 2310 2311 2312
f 2313 2314 2315
f 2308 2307 2316
f 2316 2317 2308
f 2312 2311 2315
f 2315 2314 2312
f 2318 2319 2320
f 2320 2321 2318
f 2322 2323 2324
f 2325 2324 2323
f 2317 2316 2326
f 2327 2317 2326
f 2326 2319 2327
f 2319 2318 2327
f 2324 2325 2313
f 2325 2328 2313
f 2314 2313 2328
f 2329 2330 2331
f 2332 2331 2330
f 2333 2334 2335
f 2336 2337 2338
f 2333 2335 2339
f 2338 2337 2340
f 2341 2340 2337
f 2342 2343 2344
f 2345 2342 2344
f 2344 2346 2345
f 2347 2345 2346
f 2346 2348 2347
f 2348 2333 2347
f 2333 2339 2347
f 2340 2341 2349
f 2341 2350 2349
f 2329 2349 2350
f 2330 2329 2350
f 2321 2320 2351
f 2352 2321 2351
f 2351 2353 2352
f 2353 2343 2352
f 2343 2342 2352
f 2331 2332 2354
f 2332 2355 2354
f 2322 2354 2355
f 2323 2322 2355
f 2307 2309 2292
f 2293 2292 2309
f 2311 2310 2295
f 2296 2295 2310
f 2356 2357 2358
f 2359 2358 2357
f 2360 2361 2362
f 2363 2364 2361
f 2361 2360 2363
f 2359 2357 2364
f 2364 2363 2359
f 2363 2365 2359
f 2366 2359 2365
f 2367 2366 2365
f 2368 2369 2370
f 2371 2372 2373
f 2372 2374 2373
f 2375 2373 2374
f 2360 2362 2376
f 2377 2378 2379
f 2380 2381 2382
f 2383 2382 2381
f 2384 2383 2381
f 2385 2386 2387
f 2387 2386 2388
f 2388 2389 2387
f 2390 2391 2392
f 2393 2392 2391
f 2394 2395 2396
f 2395 2390 2396
f 2388 2396 2390
f 2389 2388 2390
f 2390 2392 2389
f 2386 2385 2397
f 2379 2378 2374
f 2378 2398 2374
f 2375 2374 2398
f 2398 2399 2375
f 2400 2375 2399
f 2399 2397 2400
f 2362 2400 2397
f 2376 2362 2397
f 2397 2385 2376
f 2385 2401 2376
f 2402 2376 2401
f 2401 2380 2402
f 2403 2402 2380
f 2380 2382 2403
f 2369 2403 2382
f 2370 2369 2382
f 2404 2405 2406
f 2404 2406 2407
f 2408 2409 2410
f 2411 2412 2413
f 2414 2413 2412
f 2406 2405 2410
f 2415 2406 2410
f 2410 2409 2415
f 2413 2414 2416
f 2407 2416 2414
f 2404 2407 2414
f 2417 2418 2419
f 2419 2420 2417
f 2420 2419 2421
f 2421 2422 2420
f 2423 2424 2425
f 2424 2426 2425
f 2427 2425 2426
f 2428 2427 2426
f 2409 2408 2418
f 2418 2417 2409
f 2427 2428 2411
f 2412 2411 2428
f 2429 2430 2431
f 2432 2433 2434
f 2435 2434 2433
f 2433 2436 2435
f 2437 2435 2436
f 2436 2438 2437
f 2439 2437 2438
f 2438 2440 2439
f 2441 2439 2440
f 2440 2442 2441
f 2443 2441 2442
f 2442 2429 2443
f 2429 2431 2443
f 2431 2430 2444
f 2430 2445 2444
f 2446 2444 2445
f 2445 2447 2446
f 2448 2446 2447
f 2447 2449 2448
f 2450 2448 2449
f 2449 2451 2450
f 2452 2450 2451
f 2451 2453 2452
f 2422 2421 2454
f 2455 2422 2454
f 2454 2432 2455
f 2432 2434 2455
f 2452 2453 2456
f 2453 2457 2456
f 2423 2456 2457
f 2424 2423 2457
f 2458 2459 2460
f 2461 2460 2459
f 2459 2462 2461
f 2463 2464 2465
f 2464 2466 2465
f 2467 2465 2466
f 2463 2465 2459
f 2462 2459 2465
f 2468 2469 2470
f 2469 2471 2470
f 2472 2470 2471
f 2473 2474 2475
f 2476 2475 2474
f 2471 2469 2476
f 2476 2474 2471
f 2472 2471 2477
f 2478 2479 2480
f 2478 2481 2482
f 2479 2478 2482
f 2483 2484 2485
f 2486 2485 2484
f 2480 2479 2473
f 2474 2473 2479
f 2485 2486 2487
f 2477 2487 2486
f 2472 2477 2486
f 2488 2489 2490
f 2491 2492 2493
f 2494 2491 2493
f 2495 2490 2496
f 2481 2496 2490
f 2482 2481 2490
f 2497 2482 2490
f 2490 2489 2497
f 2491 2494 2498
f 2494 2499 2498
f 2483 2498 2499
f 2484 2483 2499
f 2500 2501 2502
f 2503 2504 2505
f 2504 2506 2505
f 2506 2507 2505
f 2507 2508 2505
f 2508 2509 2505
f 2509 2510 2505
f 2510 2511 2505
f 2511 2512 2505
f 2512 2513 2505
f 2513 2514 2505
f 2514 2515 2505
f 2505 2515 2516
f 2515 2517 2516
f 2517 2518 2516
f 2518 2519 2516
f 2519 2520 2516
f 2520 2521 2516
f 2502 2516 2521
f 2500 2502 2521
f 2522 2523 2524
f 2502 2501 2525
f 2501 2526 2525
f 2526 2527 2525
f 2528 2525 2527
f 2527 2529 2528
f 2529 2530 2528
f 2531 2528 2530
f 2530 2532 2531
f 2495 2531 2532
f 2490 2495 2532
f 2488 2490 2533
f 2533 2534 2488
f 2535 2488 2534
f 2534 2536 2535
f 2536 2537 2535
f 2538 2535 2537
f 2537 2539 2538
f 2540 2538 2539
f 2539 2541 2540
f 2541 2542 2540
f 2543 2540 2542
f 2542 2544 2543
f 2544 2545 2543
f 2546 2543 2545
f 2545 2547 2546
f 2548 2546 2547
f 2547 2549 2548
f 2549 2522 2548
f 2522 2524 2548
f 2524 2523 2550
f 2523 2551 2550
f 2552 2550 2551
f 2551 2553 2552
f 2554 2552 2553
f 2553 2555 2554
f 2556 2554 2555
f 2555 2557 2556
f 2558 2556 2557
f 2557 2559 2558
f 2560 2558 2559
f 2559 2561 2560
f 2492 2560 2561
f 2493 2492 2561
f 2562 2563 2564
f 2565 2566 2567
f 2567 2568 2565
f 2568 2569 2565
f 2570 2565 2569
f 2569 2571 2570
f 2571 2572 2570
f 2573 2570 2572
f 2572 2574 2573
f 2574 2575 2573
f 2563 2573 2575
f 2575 2576 2563
f 2564 2563 2576
f 2562 2564 2577
f 2578 2579 2580
f 2581 2582 2583
f 2582 2584 2583
f 2585 2583 2584
f 2583 2585 2579
f 2580 2579 2585
f 2579 2578 2586
f 2578 2587 2586
f 2587 2588 2586
f 2589 2586 2588
f 2590 2589 2588
f 2589 2590 2591
f 2590 2592 2591
f 2592 2593 2591
f 2594 2591 2593
f 2593 2595 2594
f 2595 2596 2594
f 2597 2594 2596
f 2596 2598 2597
f 2598 2599 2597
f 2566 2597 2599
f 2599 2600 2566
f 2567 2566 2600
f 2601 2602 2603
f 2604 2605 2606
f 2606 2607 2604
f 2606 2605 2601
f 2602 2601 2605
f 2608 2609 2610
f 2611 2608 2610
f 2612 2611 2610
f 2607 2606 2609
f 2613 2607 2609
f 2609 2608 2613
f 2614 2615 2616
f 2617 2616 2615
f 2618 2619 2620
f 2620 2621 2618
f 2622 2618 2621
f 2623 2622 2621
f 2621 2624 2623
f 2625 2623 2624
f 2626 2625 2624
f 2624 2627 2626
f 2628 2626 2627
f 2629 2628 2627
f 2627 2614 2629
f 2630 2629 2614
f 2614 2616 2630
f 2612 2610 2631
f 2632 2612 2631
f 2633 2632 2631
f 2631 2634 2633
f 2635 2633 2634
f 2636 2635 2634
f 2634 2637 2636
f 2638 2636 2637
f 2637 2620 2638
f 2620 2619 2638
f 2601 2603 2581
f 2603 2639 2581
f 2582 2581 2639
f 2640 2641 2642
f 2643 2644 2645
f 2645 2646 2643
f 2646 2647 2643
f 2648 2643 2647
f 2647 2649 2648
f 2649 2650 2648
f 2651 2648 2650
f 2650 2652 2651
f 2652 2653 2651
f 2641 2651 2653
f 2653 2654 2641
f 2642 2641 2654
f 2640 2642 2655
f 2656 2657 2658
f 2659 2660 2661
f 2660 2662 2661
f 2663 2661 2662
f 2661 2663 2657
f 2658 2657 2663
f 2657 2656 2664
f 2656 2665 2664
f 2665 2666 2664
f 2667 2664 2666
f 2668 2667 2666
f 2667 2668 2669
f 2668 2670 2669
f 2670 2671 2669
f 2672 2669 2671
f 2671 2673 2672
f 2673 2674 2672
f 2675 2672 2674
f 2674 2676 2675
f 2676 2677 2675
f 2644 2675 2677
f 2677 2678 2644
f 2645 2644 2678
f 2679 2680 2681
f 2682 2683 2684
f 2684 2685 2682
f 2684 2683 2679
f 2680 2679 2683
f 2686 2687 2688
f 2689 2686 2688
f 2690 2689 2688
f 2685 2684 2687
f 2691 2685 2687
f 2687 2686 2691
f 2692 2693 2694
f 2695 2694 2693
f 2696 2697 2698
f 2698 2699 2696
f 2700 2696 2699
f 2701 2700 2699
f 2699 2702 2701
f 2703 2701 2702
f 2704 2703 2702
f 2702 2705 2704
f 2706 2704 2705
f 2707 2706 2705
f 2705 2692 2707
f 2708 2707 2692
f 2692 2694 2708
f 2690 2688 2709
f 2710 2690 2709
f 2711 2710 2709
f 2709 2712 2711
f 2713 2711 2712
f 2714 2713 2712
f 2712 2715 2714
f 2716 2714 2715
f 2715 2698 2716
f 2698 2697 2716
f 2679 2681 2659
f 2681 2717 2659
f 2660 2659 2717
f 2134 2702 2131
f 2134 2705 2702
f 2131 2699 2128
f 2131 2702 2699
f 2128 2698 2126
f 2128 2699 2698
f 2126 2715 2144
f 2126 2698 2715
f 2144 2712 2141
f 2144 2715 2712
f 2141 2709 2138
f 2141 2712 2709
f 2138 2688 2116
f 2138 2709 2688
f 2116 2687 2117
f 2116 2688 2687
f 2117 2684 2112
f 2117 2687 2684
f 2112 2679 2108
f 2112 2684 2679
f 2108 2659 2088
f 2108 2679 2659
f 2088 2661 2089
f 2088 2659 2661
f 2089 2657 2087
f 2089 2661 2657
f 2087 2664 2093
f 2087 2657 2664
f 2093 2667 2096
f 2093 2664 2667
f 2096 2669 2098
f 2096 2667 2669
f 2098 2672 2101
f 2098 2669 2672
f 2101 2675 2104
f 2101 2672 2675
f 2104 2644 2074
f 2104 2675 2644
f 2074 2643 2072
f 2074 2644 2643
f 2072 2648 2077
f 2072 2643 2648
f 2077 2651 2080
f 2077 2648 2651
f 2080 2641 2071
f 2080 2651 2641
f 2071 2640 2069
f 2071 2641 2640
f 2069 2655 2084
f 2069 2640 2655
f 2084 2642 2070
f 2084 2655 2642
f 2070 2654 2083
f 2070 2642 2654
f 2083 2653 2082
f 2083 2654 2653
f 2082 2652 2081
f 2082 2653 2652
f 2081 2650 2079
f 2081 2652 2650
f 2079 2649 2078
f 2079 2650 2649
f 2078 2647 2076
f 2078 2649 2647
f 2076 2646 2075
f 2076 2647 2646
f 2075 2645 2073
f 2075 2646 2645
f 2073 2678 2107
f 2073 2645 2678
f 2107 2677 2106
f 2107 2678 2677
f 2106 2676 2105
f 2106 2677 2676
f 2105 2674 2103
f 2105 2676 2674
f 2103 2673 2102
f 2103 2674 2673
f 2102 2671 2100
f 2102 2673 2671
f 2100 2670 2099
f 2100 2671 2670
f 2099 2668 2097
f 2099 2670 2668
f 2097 2666 2095
f 2097 2668 2666
f 2095 2665 2094
f 2095 2666 2665
f 2094 2656 2085
f 2094 2665 2656
f 2085 2658 2086
f 2085 2656 2658
f 2086 2663 2092
f 2086 2658 2663
f 2092 2662 2091
f 2092 2663 2662
f 2091 2660 2090
f 2091 2662 2660
f 2090 2717 2146
f 2090 2660 2717
f 2146 2681 2109
f 2146 2717 2681
f 2109 2680 2110
f 2109 2681 2680
f 2110 2683 2113
f 2110 2680 2683
f 2113 2682 2111
f 2113 2683 2682
f 2111 2685 2114
f 2111 2682 2685
f 2114 2691 2120
f 2114 2685 2691
f 2120 2686 2115
f 2120 2691 2686
f 2115 2689 2118
f 2115 2686 2689
f 2118 2690 2119
f 2118 2689 2690
f 2119 2710 2139
f 2119 2690 2710
f 2139 2711 2140
f 2139 2710 2711
f 2140 2713 2142
f 2140 2711 2713
f 2142 2714 2143
f 2142 2713 2714
f 2143 2716 2145
f 2143 2714 2716
f 2145 2697 2127
f 2145 2716 2697
f 2127 2696 2125
f 2127 2697 2696
f 2125 2700 2129
f 2125 2696 2700
f 2129 2701 2130
f 2129 2700 2701
f 2130 2703 2132
f 2130 2701 2703
f 2132 2704 2133
f 2132 2703 2704
f 2133 2706 2135
f 2133 2704 2706
f 2135 2707 2136
f 2135 2706 2707
f 2136 2708 2137
f 2136 2707 2708
f 2137 2694 2122
f 2137 2708 2694
f 2122 2695 2124
f 2122 2694 2695
f 2124 2693 2123
f 2124 2695 2693
f 2123 2692 2121
f 2123 2693 2692
f 2121 2705 2134
f 2121 2692 2705
f 2056 2624 2053
f 2056 2627 2624
f 2053 2621 2050
f 2053 2624 2621
f 2050 2620 2048
f 2050 2621 2620
f 2048 2637 2066
f 2048 2620 2637
f 2066 2634 2063
f 2066 2637 2634
f 2063 2631 2060
f 2063 2634 2631
f 2060 2610 2038
f 2060 2631 2610
f 2038 2609 2039
f 2038 2610 2609
f 2039 2606 2034
f 2039 2609 2606
f 2034 2601 2030
f 2034 2606 2601
f 2030 2581 2010
f 2030 2601 2581
f 2010 2583 2011
f 2010 2581 2583
f 2011 2579 2009
f 2011 2583 2579
f 2009 2586 2015
f 2009 2579 2586
f 2015 2589 2018
f 2015 2586 2589
f 2018 2591 2020
f 2018 2589 2591
f 2020 2594 2023
f 2020 2591 2594
f 2023 2597 2026
f 2023 2594 2597
f 2026 2566 1996
f 2026 2597 2566
f 1996 2565 1994
f 1996 2566 2565
f 1994 2570 1999
f 1994 2565 2570
f 1999 2573 2002
f 1999 2570 2573
f 2002 2563 1993
f 2002 2573 2563
f 1993 2562 1991
f 1993 2563 2562
f 1991 2577 2006
f 1991 2562 2577
f 2006 2564 1992
f 2006 2577 2564
f 1992 2576 2005
f 1992 2564 2576
f 2005 2575 2004
f 2005 2576 2575
f 2004 2574 2003
f 2004 2575 2574
f 2003 2572 2001
f 2003 2574 2572
f 2001 2571 2000
f 2001 2572 2571
f 2000 2569 1998
f 2000 2571 2569
f 1998 2568 1997
f 1998 2569 2568
f 1997 2567 1995
f 1997 2568 2567
f 1995 2600 2029
f 1995 2567 2600
f 2029 2599 2028
f 2029 2600 2599
f 2028 2598 2027
f 2028 2599 2598
f 2027 2596 2025
f 2027 2598 2596
f 2025 2595 2024
f 2025 2596 2595
f 2024 2593 2022
f 2024 2595 2593
f 2022 2592 2021
f 2022 2593 2592
f 2021 2590 2019
f 2021 2592 2590
f 2019 2588 2017
f 2019 2590 2588
f 2017 2587 2016
f 2017 2588 2587
f 2016 2578 2007
f 2016 2587 2578
f 2007 2580 2008
f 2007 2578 2580
f 2008 2585 2014
f 2008 2580 2585
f 2014 2584 2013
f 2014 2585 2584
f 2013 2582 2012
f 2013 2584 2582
f 2012 2639 2068
f 2012 2582 2639
f 2068 2603 2031
f 2068 2639 2603
f 2031 2602 2032
f 2031 2603 2602
f 2032 2605 2035
f 2032 2602 2605
f 2035 2604 2033
f 2035 2605 2604
f 2033 2607 2036
f 2033 2604 2607
f 2036 2613 2042
f 2036 2607 2613
f 2042 2608 2037
f 2042 2613 2608
f 2037 2611 2040
f 2037 2608 2611
f 2040 2612 2041
f 2040 2611 2612
f 2041 2632 2061
f 2041 2612 2632
f 2061 2633 2062
f 2061 2632 2633
f 2062 2635 2064
f 2062 2633 2635
f 2064 2636 2065
f 2064 2635 2636
f 2065 2638 2067
f 2065 2636 2638
f 2067 2619 2049
f 2067 2638 2619
f 2049 2618 2047
f 2049 2619 2618
f 2047 2622 2051
f 2047 2618 2622
f 2051 2623 2052
f 2051 2622 2623
f 2052 2625 2054
f 2052 2623 2625
f 2054 2626 2055
f 2054 2625 2626
f 2055 2628 2057
f 2055 2626 2628
f 2057 2629 2058
f 2057 2628 2629
f 2058 2630 2059
f 2058 2629 2630
f 2059 2616 2044
f 2059 2630 2616
f 2044 2617 2046
f 2044 2616 2617
f 2046 2615 2045
f 2046 2617 2615
f 2045 2614 2043
f 2045 2615 2614
f 2043 2627 2056
f 2043 2614 2627
f 1914 2499 1928
f 1914 2484 2499
f 1928 2494 1923
f 1928 2499 2494
f 1923 2493 1921
f 1923 2494 2493
f 1921 2561 1990
f 1921 2493 2561
f 1990 2559 1988
f 1990 2561 2559
f 1988 2557 1986
f 1988 2559 2557
f 1986 2555 1984
f 1986 2557 2555
f 1984 2553 1982
f 1984 2555 2553
f 1982 2551 1980
f 1982 2553 2551
f 1980 2523 1953
f 1980 2551 2523
f 1953 2522 1951
f 1953 2523 2522
f 1951 2549 1978
f 1951 2522 2549
f 1978 2547 1976
f 1978 2549 2547
f 1976 2545 1974
f 1976 2547 2545
f 1974 2544 1973
f 1974 2545 2544
f 1973 2542 1971
f 1973 2544 2542
f 1971 2541 1970
f 1971 2542 2541
f 1970 2539 1968
f 1970 2541 2539
f 1968 2537 1966
f 1968 2539 2537
f 1966 2536 1965
f 1966 2537 2536
f 1965 2534 1963
f 1965 2536 2534
f 1963 2533 1962
f 1963 2534 2533
f 1962 2490 1918
f 1962 2533 2490
f 1918 2532 1961
f 1918 2490 2532
f 1961 2530 1959
f 1961 2532 2530
f 1959 2529 1958
f 1959 2530 2529
f 1958 2527 1956
f 1958 2529 2527
f 1956 2526 1955
f 1956 2527 2526
f 1955 2501 1931
f 1955 2526 2501
f 1931 2500 1929
f 1931 2501 2500
f 1929 2521 1950
f 1929 2500 2521
f 1950 2520 1949
f 1950 2521 2520
f 1949 2519 1948
f 1949 2520 2519
f 1948 2518 1947
f 1948 2519 2518
f 1947 2517 1946
f 1947 2518 2517
f 1946 2515 1944
f 1946 2517 2515
f 1944 2514 1943
f 1944 2515 2514
f 1943 2513 1942
f 1943 2514 2513
f 1942 2512 1941
f 1942 2513 2512
f 1941 2511 1940
f 1941 2512 2511
f 1940 2510 1939
f 1940 2511 2510
f 1939 2509 1938
f 1939 2510 2509
f 1938 2508 1937
f 1938 2509 2508
f 1937 2507 1936
f 1937 2508 2507
f 1936 2506 1935
f 1936 2507 2506
f 1935 2504 1934
f 1935 2506 2504
f 1934 2503 1932
f 1934 2504 2503
f 1932 2505 1933
f 1932 2503 2505
f 1933 2516 1945
f 1933 2505 2516
f 1945 2502 1930
f 1945 2516 2502
f 1930 2525 1954
f 1930 2502 2525
f 1954 2528 1957
f 1954 2525 2528
f 1957 2531 1960
f 1957 2528 2531
f 1960 2495 1924
f 1960 2531 2495
f 1924 2496 1925
f 1924 2495 2496
f 1925 2481 1911
f 1925 2496 2481
f 1911 2478 1907
f 1911 2481 2478
f 1907 2480 1908
f 1907 2478 2480
f 1908 2473 1902
f 1908 2480 2473
f 1902 2475 1903
f 1902 2473 2475
f 1903 2476 1905
f 1903 2475 2476
f 1905 2469 1899
f 1905 2476 2469
f 1899 2468 1897
f 1899 2469 2468
f 1897 2470 1898
f 1897 2468 2470
f 1898 2472 1901
f 1898 2470 2472
f 1901 2486 1915
f 1901 2472 2486
f 1915 2484 1914
f 1915 2486 2484
f 1904 2479 1909
f 1904 2474 2479
f 1909 2482 1910
f 1909 2479 2482
f 1910 2497 1926
f 1910 2482 2497
f 1926 2489 1919
f 1926 2497 2489
f 1919 2488 1917
f 1919 2489 2488
f 1917 2535 1964
f 1917 2488 2535
f 1964 2538 1967
f 1964 2535 2538
f 1967 2540 1969
f 1967 2538 2540
f 1969 2543 1972
f 1969 2540 2543
f 1972 2546 1975
f 1972 2543 2546
f 1975 2548 1977
f 1975 2546 2548
f 1977 2524 1952
f 1977 2548 2524
f 1952 2550 1979
f 1952 2524 2550
f 1979 2552 1981
f 1979 2550 2552
f 1981 2554 1983
f 1981 2552 2554
f 1983 2556 1985
f 1983 2554 2556
f 1985 2558 1987
f 1985 2556 2558
f 1987 2560 1989
f 1987 2558 2560
f 1989 2492 1922
f 1989 2560 2492
f 1922 2491 1920
f 1922 2492 2491
f 1920 2498 1927
f 1920 2491 2498
f 1927 2483 1912
f 1927 2498 2483
f 1912 2485 1913
f 1912 2483 2485
f 1913 2487 1916
f 1913 2485 2487
f 1916 2477 1906
f 1916 2487 2477
f 1906 2471 1900
f 1906 2477 2471
f 1900 2474 1904
f 1900 2471 2474
f 1892 2459 1889
f 1892 2463 2459
f 1889 2458 1887
f 1889 2459 2458
f 1887 2460 1888
f 1887 2458 2460
f 1888 2461 1890
f 1888 2460 2461
f 1890 2462 1891
f 1890 2461 2462
f 1891 2465 1893
f 1891 2462 2465
f 1893 2467 1896
f 1893 2465 2467
f 1896 2466 1895
f 1896 2467 2466
f 1895 2464 1894
f 1895 2466 2464
f 1894 2463 1892
f 1894 2464 2463
f 1843 2412 1842
f 1843 2414 2412
f 1842 2428 1857
f 1842 2412 2428
f 1857 2426 1855
f 1857 2428 2426
f 1855 2424 1854
f 1855 2426 2424
f 1854 2457 1886
f 1854 2424 2457
f 1886 2453 1882
f 1886 2457 2453
f 1882 2451 1880
f 1882 2453 2451
f 1880 2449 1878
f 1880 2451 2449
f 1878 2447 1876
f 1878 2449 2447
f 1876 2445 1874
f 1876 2447 2445
f 1874 2430 1860
f 1874 2445 2430
f 1860 2429 1858
f 1860 2430 2429
f 1858 2442 1871
f 1858 2429 2442
f 1871 2440 1869
f 1871 2442 2440
f 1869 2438 1867
f 1869 2440 2438
f 1867 2436 1865
f 1867 2438 2436
f 1865 2433 1863
f 1865 2436 2433
f 1863 2432 1861
f 1863 2433 2432
f 1861 2454 1883
f 1861 2432 2454
f 1883 2421 1850
f 1883 2454 2421
f 1850 2419 1847
f 1850 2421 2419
f 1847 2418 1848
f 1847 2419 2418
f 1848 2408 1837
f 1848 2418 2408
f 1837 2410 1838
f 1837 2408 2410
f 1838 2405 1835
f 1838 2410 2405
f 1835 2404 1833
f 1835 2405 2404
f 1833 2414 1843
f 1833 2404 2414
f 1844 2409 1839
f 1844 2415 2409
f 1839 2417 1846
f 1839 2409 2417
f 1846 2420 1849
f 1846 2417 2420
f 1849 2422 1851
f 1849 2420 2422
f 1851 2455 1884
f 1851 2422 2455
f 1884 2434 1862
f 1884 2455 2434
f 1862 2435 1864
f 1862 2434 2435
f 1864 2437 1866
f 1864 2435 2437
f 1866 2439 1868
f 1866 2437 2439
f 1868 2441 1870
f 1868 2439 2441
f 1870 2443 1872
f 1870 2441 2443
f 1872 2431 1859
f 1872 2443 2431
f 1859 2444 1873
f 1859 2431 2444
f 1873 2446 1875
f 1873 2444 2446
f 1875 2448 1877
f 1875 2446 2448
f 1877 2450 1879
f 1877 2448 2450
f 1879 2452 1881
f 1879 2450 2452
f 1881 2456 1885
f 1881 2452 2456
f 1885 2423 1852
f 1885 2456 2423
f 1852 2425 1853
f 1852 2423 2425
f 1853 2427 1856
f 1853 2425 2427
f 1856 2411 1840
f 1856 2427 2411
f 1840 2413 1841
f 1840 2411 2413
f 1841 2416 1845
f 1841 2413 2416
f 1845 2407 1836
f 1845 2416 2407
f 1836 2406 1834
f 1836 2407 2406
f 1834 2415 1844
f 1834 2406 2415
f 1825 2394 1823
f 1825 2395 2394
f 1823 2396 1824
f 1823 2394 2396
f 1824 2388 1817
f 1824 2396 2388
f 1817 2386 1816
f 1817 2388 2386
f 1816 2397 1826
f 1816 2386 2397
f 1826 2399 1828
f 1826 2397 2399
f 1828 2398 1827
f 1828 2399 2398
f 1827 2378 1808
f 1827 2398 2378
f 1808 2377 1806
f 1808 2378 2377
f 1806 2379 1807
f 1806 2377 2379
f 1807 2374 1803
f 1807 2379 2374
f 1803 2372 1802
f 1803 2374 2372
f 1802 2371 1800
f 1802 2372 2371
f 1800 2373 1801
f 1800 2371 2373
f 1801 2375 1804
f 1801 2373 2375
f 1804 2400 1829
f 1804 2375 2400
f 1829 2362 1790
f 1829 2400 2362
f 1790 2361 1791
f 1790 2362 2361
f 1791 2364 1793
f 1791 2361 2364
f 1793 2357 1787
f 1793 2364 2357
f 1787 2356 1785
f 1787 2357 2356
f 1785 2358 1786
f 1785 2356 2358
f 1786 2359 1788
f 1786 2358 2359
f 1788 2366 1795
f 1788 2359 2366
f 1795 2367 1796
f 1795 2366 2367
f 1796 2365 1794
f 1796 2367 2365
f 1794 2363 1792
f 1794 2365 2363
f 1792 2360 1789
f 1792 2363 2360
f 1789 2376 1805
f 1789 2360 2376
f 1805 2402 1831
f 1805 2376 2402
f 1831 2403 1832
f 1831 2402 2403
f 1832 2369 1799
f 1832 2403 2369
f 1799 2368 1797
f 1799 2369 2368
f 1797 2370 1798
f 1797 2368 2370
f 1798 2382 1810
f 1798 2370 2382
f 1810 2383 1812
f 1810 2382 2383
f 1812 2384 1813
f 1812 2383 2384
f 1813 2381 1811
f 1813 2384 2381
f 1811 2380 1809
f 1811 2381 2380
f 1809 2401 1830
f 1809 2380 2401
f 1830 2385 1814
f 1830 2401 2385
f 1814 2387 1815
f 1814 2385 2387
f 1815 2389 1818
f 1815 2387 2389
f 1818 2392 1820
f 1818 2389 2392
f 1820 2393 1822
f 1820 2392 2393
f 1822 2391 1821
f 1822 2393 2391
f 1821 2390 1819
f 1821 2391 2390
f 1819 2395 1825
f 1819 2390 2395
f 1766 2340 1769
f 1766 2338 2340
f 1769 2349 1778
f 1769 2340 2349
f 1778 2329 1758
f 1778 2349 2329
f 1758 2331 1759
f 1758 2329 2331
f 1759 2354 1783
f 1759 2331 2354
f 1783 2322 1751
f 1783 2354 2322
f 1751 2324 1752
f 1751 2322 2324
f 1752 2313 1742
f 1752 2324 2313
f 1742 2315 1743
f 1742 2313 2315
f 1743 2311 1741
f 1743 2315 2311
f 1741 2295 1724
f 1741 2311 2295
f 1724 2297 1725
f 1724 2295 2297
f 1725 2289 1718
f 1725 2297 2289
f 1718 2291 1719
f 1718 2289 2291
f 1719 2283 1713
f 1719 2291 2283
f 1713 2282 1711
f 1713 2283 2282
f 1711 2305 1734
f 1711 2282 2305
f 1734 2303 1732
f 1734 2305 2303
f 1732 2276 1705
f 1732 2303 2276
f 1705 2274 1703
f 1705 2276 2274
f 1703 2272 1701
f 1703 2274 2272
f 1701 2270 1699
f 1701 2272 2270
f 1699 2268 1697
f 1699 2270 2268
f 1697 2265 1694
f 1697 2268 2265
f 1694 2263 1692
f 1694 2265 2263
f 1692 2261 1690
f 1692 2263 2261
f 1690 2260 1688
f 1690 2261 2260
f 1688 2302 1731
f 1688 2260 2302
f 1731 2300 1729
f 1731 2302 2300
f 1729 2281 1710
f 1729 2300 2281
f 1710 2279 1709
f 1710 2281 2279
f 1709 2286 1715
f 1709 2279 2286
f 1715 2288 1716
f 1715 2286 2288
f 1716 2293 1723
f 1716 2288 2293
f 1723 2309 1737
f 1723 2293 2309
f 1737 2308 1738
f 1737 2309 2308
f 1738 2317 1746
f 1738 2308 2317
f 1746 2327 1756
f 1746 2317 2327
f 1756 2318 1747
f 1756 2327 2318
f 1747 2321 1750
f 1747 2318 2321
f 1750 2352 1781
f 1750 2321 2352
f 1781 2342 1771
f 1781 2352 2342
f 1771 2345 1774
f 1771 2342 2345
f 1774 2347 1776
f 1774 2345 2347
f 1776 2339 1768
f 1776 2347 2339
f 1768 2335 1763
f 1768 2339 2335
f 1763 2334 1764
f 1763 2335 2334
f 1764 2333 1762
f 1764 2334 2333
f 1762 2348 1777
f 1762 2333 2348
f 1777 2346 1775
f 1777 2348 2346
f 1775 2344 1772
f 1775 2346 2344
f 1772 2343 1773
f 1772 2344 2343
f 1773 2353 1782
f 1773 2343 2353
f 1782 2351 1780
f 1782 2353 2351
f 1780 2320 1748
f 1780 2351 2320
f 1748 2319 1749
f 1748 2320 2319
f 1749 2326 1755
f 1749 2319 2326
f 1755 2316 1745
f 1755 2326 2316
f 1745 2307 1736
f 1745 2316 2307
f 1736 2292 1721
f 1736 2307 2292
f 1721 2294 1722
f 1721 2292 2294
f 1722 2287 1717
f 1722 2294 2287
f 1717 2278 1707
f 1717 2287 2278
f 1707 2280 1708
f 1707 2278 2280
f 1708 2299 1728
f 1708 2280 2299
f 1728 2301 1730
f 1728 2299 2301
f 1730 2259 1689
f 1730 2301 2259
f 1689 2258 1687
f 1689 2259 2258
f 1687 2262 1691
f 1687 2258 2262
f 1691 2264 1693
f 1691 2262 2264
f 1693 2266 1695
f 1693 2264 2266
f 1695 2267 1696
f 1695 2266 2267
f 1696 2269 1698
f 1696 2267 2269
f 1698 2271 1700
f 1698 2269 2271
f 1700 2273 1702
f 1700 2271 2273
f 1702 2275 1704
f 1702 2273 2275
f 1704 2277 1706
f 1704 2275 2277
f 1706 2304 1733
f 1706 2277 2304
f 1733 2306 1735
f 1733 2304 2306
f 1735 2284 1712
f 1735 2306 2284
f 1712 2285 1714
f 1712 2284 2285
f 1714 2290 1720
f 1714 2285 2290
f 1720 2298 1727
f 1720 2290 2298
f 1727 2296 1726
f 1727 2298 2296
f 1726 2310 1739
f 1726 2296 2310
f 1739 2312 1740
f 1739 2310 2312
f 1740 2314 1744
f 1740 2312 2314
f 1744 2328 1757
f 1744 2314 2328
f 1757 2325 1754
f 1757 2328 2325
f 1754 2323 1753
f 1754 2325 2323
f 1753 2355 1784
f 1753 2323 2355
f 1784 2332 1761
f 1784 2355 2332
f 1761 2330 1760
f 1761 2332 2330
f 1760 2350 1779
f 1760 2330 2350
f 1779 2341 1770
f 1779 2350 2341
f 1770 2337 1767
f 1770 2341 2337
f 1767 2336 1765
f 1767 2337 2336
f 1765 2338 1766
f 1765 2336 2338
f 1642 2217 1646
f 1642 2213 2217
f 1646 2229 1658
f 1646 2217 2229
f 1658 2228 1656
f 1658 2229 2228
f 1656 2257 1686
f 1656 2228 2257
f 1686 2255 1684
f 1686 2257 2255
f 1684 2249 1678
f 1684 2255 2249
f 1678 2247 1676
f 1678 2249 2247
f 1676 2245 1674
f 1676 2247 2245
f 1674 2243 1672
f 1674 2245 2243
f 1672 2241 1670
f 1672 2243 2241
f 1670 2240 1669
f 1670 2241 2240
f 1669 2238 1667
f 1669 2240 2238
f 1667 2236 1665
f 1667 2238 2236
f 1665 2234 1663
f 1665 2236 2234
f 1663 2231 1661
f 1663 2234 2231
f 1661 2230 1659
f 1661 2231 2230
f 1659 2252 1681
f 1659 2230 2252
f 1681 2250 1679
f 1681 2252 2250
f 1679 2224 1652
f 1679 2250 2224
f 1652 2223 1653
f 1652 2224 2223
f 1653 2214 1643
f 1653 2223 2214
f 1643 2220 1649
f 1643 2214 2220
f 1649 2197 1627
f 1649 2220 2197
f 1627 2199 1628
f 1627 2197 2199
f 1628 2191 1621
f 1628 2199 2191
f 1621 2182 1611
f 1621 2191 2182
f 1611 2184 1612
f 1611 2182 2184
f 1612 2202 1631
f 1612 2184 2202
f 1631 2204 1633
f 1631 2202 2204
f 1633 2163 1593
f 1633 2204 2163
f 1593 2162 1591
f 1593 2163 2162
f 1591 2166 1595
f 1591 2162 2166
f 1595 2168 1597
f 1595 2166 2168
f 1597 2170 1599
f 1597 2168 2170
f 1599 2172 1601
f 1599 2170 2172
f 1601 2173 1602
f 1601 2172 2173
f 1602 2175 1604
f 1602 2173 2175
f 1604 2177 1606
f 1604 2175 2177
f 1606 2179 1608
f 1606 2177 2179
f 1608 2181 1610
f 1608 2179 2181
f 1610 2207 1636
f 1610 2181 2207
f 1636 2209 1638
f 1636 2207 2209
f 1638 2188 1616
f 1638 2209 2188
f 1616 2189 1618
f 1616 2188 2189
f 1618 2194 1624
f 1618 2189 2194
f 1624 2201 1630
f 1624 2194 2201
f 1630 2210 1639
f 1630 2201 2210
f 1639 2213 1642
f 1639 2210 2213
f 1650 2216 1644
f 1650 2221 2216
f 1644 2215 1645
f 1644 2216 2215
f 1645 2222 1651
f 1645 2215 2222
f 1651 2225 1654
f 1651 2222 2225
f 1654 2251 1680
f 1654 2225 2251
f 1680 2253 1682
f 1680 2251 2253
f 1682 2232 1660
f 1682 2253 2232
f 1660 2233 1662
f 1660 2232 2233
f 1662 2235 1664
f 1662 2233 2235
f 1664 2237 1666
f 1664 2235 2237
f 1666 2239 1668
f 1666 2237 2239
f 1668 2242 1671
f 1668 2239 2242
f 1671 2244 1673
f 1671 2242 2244
f 1673 2246 1675
f 1673 2244 2246
f 1675 2248 1677
f 1675 2246 2248
f 1677 2254 1683
f 1677 2248 2254
f 1683 2256 1685
f 1683 2254 2256
f 1685 2227 1657
f 1685 2256 2227
f 1657 2226 1655
f 1657 2227 2226
f 1655 2219 1647
f 1655 2226 2219
f 1647 2218 1648
f 1647 2219 2218
f 1648 2212 1640
f 1648 2218 2212
f 1640 2211 1641
f 1640 2212 2211
f 1641 2200 1629
f 1641 2211 2200
f 1629 2193 1622
f 1629 2200 2193
f 1622 2195 1623
f 1622 2193 2195
f 1623 2187 1617
f 1623 2195 2187
f 1617 2186 1615
f 1617 2187 2186
f 1615 2208 1637
f 1615 2186 2208
f 1637 2206 1635
f 1637 2208 2206
f 1635 2180 1609
f 1635 2206 2180
f 1609 2178 1607
f 1609 2180 2178
f 1607 2176 1605
f 1607 2178 2176
f 1605 2174 1603
f 1605 2176 2174
f 1603 2171 1600
f 1603 2174 2171
f 1600 2169 1598
f 1600 2171 2169
f 1598 2167 1596
f 1598 2169 2167
f 1596 2165 1594
f 1596 2167 2165
f 1594 2164 1592
f 1594 2165 2164
f 1592 2205 1634
f 1592 2164 2205
f 1634 2203 1632
f 1634 2205 2203
f 1632 2185 1614
f 1632 2203 2185
f 1614 2183 1613
f 1614 2185 2183
f 1613 2190 1619
f 1613 2183 2190
f 1619 2192 1620
f 1619 2190 2192
f 1620 2196 1625
f 1620 2192 2196
f 1625 2198 1626
f 1625 2196 2198
f 1626 2221 1650
f 1626 2198 2221
f 1589 2158 1586
f 1589 2160 2158
f 1586 2155 1583
f 1586 2158 2155
f 1583 2154 1584
f 1583 2155 2154
f 1584 2161 1590
f 1584 2154 2161
f 1590 2152 1581
f 1590 2161 2152
f 1581 2149 1577
f 1581 2152 2149
f 1577 2148 1578
f 1577 2149 2148
f 1578 2147 1576
f 1578 2148 2147
f 1576 2150 1579
f 1576 2147 2150
f 1579 2151 1580
f 1579 2150 2151
f 1580 2153 1582
f 1580 2151 2153
f 1582 2159 1588
f 1582 2153 2159
f 1588 2157 1587
f 1588 2159 2157
f 1587 2156 1585
f 1587 2157 2156
f 1585 2160 1589
f 1585 2156 2160
