v 15.335920 35.158398 -0.000001
v 15.335920 39.072433 -0.000001
v 14.811540 35.089359 -0.000001
v 14.811540 39.141468 -0.000001
v 14.287158 35.158398 -0.000001
v 14.287158 39.072433 -0.000001
v 13.798514 35.360802 -0.000001
v 13.798514 38.870029 -0.000001
v 13.378904 35.682777 -0.000001
v 13.378904 38.548046 -0.000001
v 13.056928 36.102390 -0.000001
v 13.056928 38.128441 -0.000001
v 12.854523 36.591034 -0.000001
v 12.854523 37.639797 -0.000001
v 12.785487 37.115414 -0.000001
v 15.824565 38.870029 -0.000001
v 15.824565 35.360802 -0.000001
v 16.244175 38.548046 -0.000001
v 16.244175 35.682777 -0.000001
v 16.566153 38.128441 -0.000001
v 16.566153 36.102390 -0.000001
v 16.768557 37.639797 -0.000001
v 16.768557 36.591034 -0.000001
v 16.837593 37.115414 -0.000001
v 15.324983 -38.001209 -0.000001
v 15.324983 -34.167950 -0.000001
v 14.811424 -38.068821 -0.000001
v 14.811424 -34.100338 -0.000001
v 14.297866 -38.001209 -0.000001
v 14.297866 -34.167950 -0.000001
v 13.819305 -37.802982 -0.000001
v 13.819305 -34.366177 -0.000001
v 13.408355 -37.487644 -0.000001
v 13.408355 -34.681507 -0.000001
v 13.093023 -37.076698 -0.000001
v 13.093023 -35.092461 -0.000001
v 12.894796 -36.598141 -0.000001
v 12.894796 -35.571018 -0.000001
v 12.827185 -36.084579 -0.000001
v 15.803543 -34.366177 -0.000001
v 15.803543 -37.802982 -0.000001
v 16.214495 -34.681507 -0.000001
v 16.214495 -37.487644 -0.000001
v 16.529827 -35.092461 -0.000001
v 16.529827 -37.076698 -0.000001
v 16.728054 -35.571018 -0.000001
v 16.728054 -36.598141 -0.000001
v 16.795664 -36.084579 -0.000001
v -12.254802 35.167542 0.000001
v -12.254802 39.063282 0.000001
v -12.776731 35.098827 0.000001
v -12.776731 39.131996 0.000001
v -13.298662 35.167542 0.000001
v -13.298662 39.063282 0.000001
v -13.785022 35.368999 0.000001
v -13.785022 38.861824 0.000001
v -14.202670 35.689472 0.000001
v -14.202670 38.541348 0.000001
v -14.523142 36.107124 0.000001
v -14.523142 38.123699 0.000001
v -14.724599 36.593483 0.000001
v -14.724599 37.637344 0.000001
v -14.793311 37.115414 0.000001
v -11.768442 38.861824 0.000001
v -11.768442 35.368999 0.000001
v -11.350794 38.541348 0.000001
v -11.350794 35.689472 0.000001
v -11.030323 38.123699 0.000001
v -11.030323 36.107124 0.000001
v -10.828864 37.637344 0.000001
v -10.828864 36.593483 0.000001
v -10.760151 37.115414 0.000001
v -12.254900 -38.032070 0.000001
v -12.254900 -34.137081 0.000001
v -12.776731 -38.100773 0.000001
v -12.776731 -34.068382 0.000001
v -13.298558 -38.032070 0.000001
v -13.298558 -34.137081 0.000001
v -13.784824 -37.830650 0.000001
v -13.784824 -34.338505 0.000001
v -14.202393 -37.510235 0.000001
v -14.202393 -34.658913 0.000001
v -14.522804 -37.092670 0.000001
v -14.522804 -35.076485 0.000001
v -14.724222 -36.606407 0.000001
v -14.724222 -35.562748 0.000001
v -14.792921 -36.084576 0.000001
v -11.768634 -34.338505 0.000001
v -11.768634 -37.830650 0.000001
v -11.351067 -34.658913 0.000001
v -11.351067 -37.510235 0.000001
v -11.030657 -35.076485 0.000001
v -11.030657 -37.092670 0.000001
v -10.829237 -35.562748 0.000001
v -10.829237 -36.606407 0.000001
v -10.760538 -36.084576 0.000001
v 18.215324 3.960303 6.699999
v 17.215324 3.960303 6.699999
v 18.215324 -12.479697 6.699999
v 17.215324 -12.479697 6.699999
v 16.215324 -13.579698 6.699999
v 17.215324 -13.579698 6.699999
v 17.215324 5.060303 6.699999
v 16.215324 5.060303 6.699999
v 18.215324 27.470303 6.699999
v 16.215322 33.215302 6.699999
v 17.215324 27.470303 6.699999
v 16.215322 26.370302 6.699999
v 17.215324 26.370302 6.699999
v 18.215322 34.751724 6.699999
v 16.566154 36.102390 6.699999
v 16.244177 35.682777 6.699999
v 18.249365 35.185177 6.699999
v 16.768559 36.591034 6.699999
v 18.310726 35.385223 6.699999
v 18.382820 35.552937 6.699999
v 16.837593 37.115414 6.699999
v 18.601944 36.205933 6.699999
v 18.702774 36.887295 6.699999
v 18.682165 37.575768 6.699999
v 18.540762 38.249882 6.699999
v 16.768559 37.639797 6.699999
v 18.282974 38.888603 6.699999
v 17.916842 39.472012 6.699999
v 17.453785 39.981915 6.699999
v 16.566154 38.128441 6.699999
v 16.908249 40.402401 6.699999
v 16.244177 38.548046 6.699999
v 16.297247 40.720360 6.699999
v 15.824565 38.870029 6.699999
v 15.639838 40.925873 6.699999
v 15.335921 39.072433 6.699999
v 14.956530 41.012527 6.699999
v 14.811541 39.141468 6.699999
v 14.268633 40.977623 6.699999
v 14.287160 39.072433 6.699999
v 13.597605 40.822247 6.699999
v 13.798515 38.870029 6.699999
v 13.378905 38.548046 6.699999
v 12.964375 40.551247 6.699999
v 12.388697 40.173073 6.699999
v 13.056929 38.128441 6.699999
v 11.888525 39.699528 6.699999
v 12.854524 37.639797 6.699999
v 11.479460 39.145374 6.699999
v 11.174261 38.527901 6.699999
v 12.785488 37.115414 6.699999
v 10.982449 37.866364 6.699999
v 10.910006 37.181404 6.699999
v 10.882505 36.571098 6.699999
v 12.854524 36.591034 6.699999
v 11.015323 35.215302 6.699999
v 13.056929 36.102390 6.699999
v 11.015323 34.215302 6.699999
v 13.378905 35.682777 6.699999
v 13.798515 35.360802 6.699999
v 14.287160 35.158398 6.699999
v 14.811541 35.089359 6.699999
v 15.335921 35.158398 6.699999
v 15.824565 35.360802 6.699999
v 10.846533 36.407913 6.699999
v 10.779831 36.222134 6.699999
v 10.662065 36.007912 6.699999
v 10.481619 35.783707 6.699999
v 10.260446 35.587997 6.699999
v 10.016212 35.432743 6.699999
v 9.784444 35.330143 6.699999
v 9.579249 35.270245 6.699999
v 9.232446 35.222126 6.699999
v 8.910293 35.215302 6.699999
v 9.915322 34.215302 6.699999
v 9.915322 33.215302 6.699999
v 18.215324 16.560303 6.699999
v 17.215324 16.560303 6.699999
v 18.215324 14.870302 6.699999
v 17.215324 14.870302 6.699999
v 16.215324 13.770303 6.699999
v 17.215324 13.770303 6.699999
v 17.215324 17.660303 6.699999
v 16.215324 17.660303 6.699999
v 6.115325 -34.184700 6.700000
v 8.910295 -34.184700 6.699999
v 6.115325 -33.184700 6.700000
v 9.287343 -34.195534 6.699999
v 5.015326 -32.184700 6.700000
v 16.215326 -32.184700 6.699999
v 9.698699 -34.271374 6.699999
v 10.081329 -34.438248 6.699999
v 10.355956 -34.634197 6.699999
v 13.819305 -34.366177 6.699999
v 14.297866 -34.167950 6.699999
v 10.483541 -34.754929 6.699999
v 13.408355 -34.681507 6.699999
v 10.623177 -34.921352 6.699999
v 10.753048 -35.134449 6.699999
v 13.093024 -35.092461 6.699999
v 10.842183 -35.362095 6.699999
v 12.894796 -35.571018 6.699999
v 10.905701 -35.773766 6.699999
v 12.827185 -36.084579 6.699999
v 10.910008 -36.150803 6.699999
v 10.982451 -36.835762 6.699999
v 12.894796 -36.598141 6.699999
v 11.174264 -37.497299 6.699999
v 13.093024 -37.076698 6.699999
v 11.479463 -38.114773 6.699999
v 11.888528 -38.668926 6.699999
v 13.408355 -37.487644 6.699999
v 12.388700 -39.142471 6.699999
v 13.819305 -37.802982 6.699999
v 12.964379 -39.520645 6.699999
v 13.597609 -39.791645 6.699999
v 14.297866 -38.001209 6.699999
v 14.268637 -39.947021 6.699999
v 14.811424 -38.068821 6.699999
v 14.956533 -39.981926 6.699999
v 15.324984 -38.001209 6.699999
v 15.639842 -39.895271 6.699999
v 16.297251 -39.689758 6.699999
v 15.803543 -37.802982 6.699999
v 16.908253 -39.371799 6.699999
v 16.214495 -37.487644 6.699999
v 17.453789 -38.951313 6.699999
v 17.916845 -38.441410 6.699999
v 16.529827 -37.076698 6.699999
v 18.282978 -37.858002 6.699999
v 16.728054 -36.598141 6.699999
v 18.540766 -37.219280 6.699999
v 18.682169 -36.545166 6.699999
v 16.795664 -36.084579 6.699999
v 18.702778 -35.856693 6.699999
v 16.728054 -35.571018 6.699999
v 18.601948 -35.175331 6.699999
v 18.382824 -34.522335 6.699999
v 16.529827 -35.092461 6.699999
v 18.310730 -34.354622 6.699999
v 18.249369 -34.154575 6.699999
v 16.214495 -34.681507 6.699999
v 18.215326 -33.721123 6.699999
v 18.215326 -26.689697 6.699999
v 17.215326 -26.689697 6.699999
v 17.215326 -25.589697 6.699999
v 16.215326 -25.589697 6.699999
v 5.015326 -33.184700 6.700000
v 14.811424 -34.100338 6.699999
v 15.324984 -34.167950 6.699999
v 15.803543 -34.366177 6.699999
v -12.254900 -38.032070 6.700000
v -12.925882 -39.981926 6.700000
v -12.237986 -39.947021 6.700000
v -11.768634 -37.830650 6.700000
v -13.609195 40.925873 6.700000
v -13.298660 39.063282 6.700000
v -12.925886 41.012527 6.700000
v -12.776730 39.131996 6.700000
v -12.254801 39.063282 6.700000
v -12.237989 40.977623 6.700000
v -11.768441 38.861824 6.700000
v -11.350792 38.541348 6.700000
v -11.566961 40.822247 6.700000
v -11.030321 38.123699 6.700000
v -10.760150 37.115414 6.700000
v -10.828862 36.593483 6.700000
v -8.984677 34.215302 6.700000
v -9.857880 39.699528 6.700000
v -10.358053 40.173073 6.700000
v -11.030321 36.107124 6.700000
v -11.350792 35.689472 6.700000
v -11.768441 35.368999 6.700000
v -14.184677 33.215302 6.700000
v -7.884677 33.215302 6.700000
v -11.351065 -37.510235 6.700000
v -11.566957 -39.791645 6.700000
v -10.933728 -39.520645 6.700000
v -10.358049 -39.142471 6.700000
v -9.857877 -38.668926 6.700000
v -9.448812 -38.114773 6.700000
v -9.143613 -37.497299 6.700000
v -8.874373 -35.760387 6.700000
v -11.030657 -37.092670 6.700000
v -8.805150 -35.340965 6.700000
v -10.829237 -36.606407 6.700000
v -8.696074 -35.084087 6.700000
v -10.760536 -36.084576 6.700000
v -8.487570 -34.792496 6.700000
v -10.829237 -35.562748 6.700000
v -8.201180 -34.536331 6.700000
v -7.884674 -34.352726 6.700000
v -7.884674 -33.184700 6.700000
v -11.030657 -35.076485 6.700000
v -6.784675 -33.184700 6.700000
v -6.784675 -32.184700 6.700000
v -11.351065 -34.658913 6.700000
v -14.184674 -32.184700 6.700000
v -16.184675 -33.721123 6.700001
v -16.218718 -34.154575 6.700001
v -11.768634 -34.338505 6.700000
v -16.280079 -34.354622 6.700001
v -16.352173 -34.522335 6.700001
v -16.571297 -35.175331 6.700001
v -16.672127 -35.856693 6.700001
v -16.651518 -36.545166 6.700001
v -16.510115 -37.219280 6.700001
v -16.252327 -37.858002 6.700001
v -15.886194 -38.441410 6.700001
v -15.423138 -38.951313 6.700001
v -14.877601 -39.371799 6.700000
v -14.266599 -39.689758 6.700000
v -13.609191 -39.895271 6.700000
v -12.776731 -38.100773 6.700000
v -13.298558 -38.032070 6.700000
v -12.254900 -34.137081 6.700000
v -12.776731 -34.068382 6.700000
v -13.784824 -37.830650 6.700000
v -14.202393 -37.510235 6.700000
v -13.298558 -34.137081 6.700000
v -13.784824 -34.338505 6.700000
v -14.522803 -37.092670 6.700000
v -14.202393 -34.658913 6.700000
v -14.522803 -35.076485 6.700000
v -14.724222 -36.606407 6.700000
v -14.792921 -36.084576 6.700000
v -14.724222 -35.562748 6.700000
v -7.884677 34.215302 6.700000
v -8.984677 35.215302 6.700000
v -9.448814 39.145374 6.700000
v -6.879648 35.215302 6.700000
v -7.256695 35.226135 6.700000
v -7.668051 35.301975 6.700000
v -8.050681 35.468849 6.700000
v -8.325308 35.664799 6.700000
v -8.452892 35.785530 6.700000
v -8.592528 35.951954 6.700000
v -8.722400 36.165051 6.700000
v -8.811535 36.392696 6.700000
v -8.875052 36.804367 6.700000
v -8.879360 37.181404 6.700000
v -8.951803 37.866364 6.700000
v -9.143616 38.527901 6.700000
v -13.785021 38.861824 6.700000
v -25.881855 34.909954 1.000001
v -25.375624 35.129066 1.000001
v -25.007786 37.823208 1.000001
v -25.799330 37.710041 1.000001
v -26.563341 37.482975 1.000001
v -16.184679 34.751724 6.700001
v -8.951800 -36.835762 6.700000
v -8.879357 -36.150803 6.700000
v 16.215324 -13.579698 5.774314
v 17.215324 -13.579698 5.774314
v 17.215324 5.060303 6.423334
v 16.215324 5.060303 6.423334
v 11.015323 35.215302 3.940000
v 11.015323 34.215302 3.940000
v 8.910293 35.215302 3.940000
v 9.232445 35.222126 -2.000000
v 8.910293 35.215302 -2.000000
v 9.579248 35.270245 -2.000000
v 9.784443 35.330143 -2.000000
v 10.016211 35.432743 -2.000000
v 10.260445 35.587997 -2.000000
v 10.481618 35.783707 -2.000000
v 10.662064 36.007912 -2.000000
v 10.779830 36.222134 -2.000000
v 10.846532 36.407913 -2.000000
v 10.882504 36.571098 -2.000000
v 10.910005 37.181404 -2.000000
v 10.982448 37.866364 -2.000000
v 11.174260 38.527901 -2.000000
v 11.479459 39.145374 -2.000000
v 11.888524 39.699528 -2.000000
v 12.388697 40.173073 -2.000000
v 12.964375 40.551247 -2.000000
v 13.597605 40.822247 -2.000000
v 14.268633 40.977623 -2.000000
v 14.956530 41.012527 -2.000001
v 15.639838 40.925873 -2.000001
v 16.297247 40.720360 -2.000001
v 16.908249 40.402401 -2.000001
v 17.453785 39.981915 -2.000001
v 17.916842 39.472012 -2.000001
v 18.282974 38.888603 -2.000001
v 18.540762 38.249882 -2.000001
v 18.682165 37.575768 -2.000001
v 18.702774 36.887295 -2.000001
v 18.601944 36.205933 -2.000001
v 18.382820 35.552937 -2.000001
v 18.256239 35.214916 0.899999
v 18.310726 35.385223 -2.000001
v 18.249365 35.185177 -2.000001
v 18.215872 34.854832 0.899999
v 18.215322 34.751724 -2.000001
v 18.215872 34.854832 3.799999
v 18.256239 35.214916 3.799999
v 16.215324 13.770303 6.423334
v 17.215324 13.770303 6.423334
v 17.215324 3.960303 5.967700
v 17.215324 6.623637 4.860000
v 17.215324 6.168002 3.759999
v 17.215324 12.662602 3.759999
v 17.215324 12.206968 4.860000
v 17.215324 14.870302 5.967700
v 17.215324 17.660303 6.423334
v 16.215324 17.660303 6.423334
v 16.215324 6.623637 4.860000
v 16.215324 -14.314012 5.039999
v 16.215324 -32.184700 -0.000001
v 16.215324 -24.855383 5.039999
v 16.215324 -25.589697 5.774314
v 16.215322 33.215302 -0.000001
v 16.215324 12.206968 4.860000
v 16.215322 19.223637 4.860000
v 16.215322 24.806969 4.860000
v 16.215322 26.370302 6.423334
v 17.215326 -25.589697 5.774314
v 18.215326 -26.689697 5.318679
v 17.215326 -26.689697 5.318679
v 18.215326 -33.721123 -2.000001
v 18.249369 -34.154575 -2.000001
v 18.310730 -34.354622 -2.000001
v 18.382824 -34.522335 -2.000001
v 18.601948 -35.175331 -2.000001
v 18.702778 -35.856693 -2.000001
v 18.682169 -36.545166 -2.000001
v 18.540766 -37.219280 -2.000001
v 18.282978 -37.858002 -2.000001
v 17.916845 -38.441410 -2.000001
v 17.453789 -38.951313 -2.000001
v 16.908253 -39.371799 -2.000001
v 16.297251 -39.689758 -2.000001
v 15.639842 -39.895271 -2.000001
v 14.956533 -39.981926 -2.000001
v 14.268637 -39.947021 -2.000000
v 13.597609 -39.791645 -2.000000
v 12.964379 -39.520645 -2.000000
v 12.388700 -39.142471 -2.000000
v 11.888528 -38.668926 -2.000000
v 11.479463 -38.114773 -2.000000
v 11.174264 -37.497299 -2.000000
v 10.982451 -36.835762 -2.000000
v 10.910008 -36.150803 -2.000000
v -16.218721 35.185177 6.700001
v -16.184679 34.751724 -1.999999
v -16.218721 35.185177 -1.999999
v -16.280083 35.385223 6.700001
v -16.280083 35.385223 -1.999999
v -16.352177 35.552937 6.700001
v -16.352177 35.552937 -1.999999
v -16.571301 36.205933 6.700001
v -16.571301 36.205933 -1.999999
v -16.672131 36.887295 6.700001
v -16.672131 36.887295 -1.999999
v -16.651522 37.575768 6.700001
v -16.651522 37.575768 -1.999999
v -16.510118 38.249882 6.700001
v -16.510118 38.249882 -1.999999
v -16.252331 38.888603 6.700001
v -16.252331 38.888603 -1.999999
v -15.886198 39.472012 6.700001
v -15.886198 39.472012 -1.999999
v -15.423141 39.981915 6.700001
v -15.423141 39.981915 -1.999999
v -14.877604 40.402401 6.700000
v -14.877604 40.402401 -1.999999
v -14.266603 40.720360 6.700000
v -14.266603 40.720360 -1.999999
v -13.609195 40.925873 -1.999999
v -12.925886 41.012527 -1.999999
v -12.237989 40.977623 -1.999999
v -11.566961 40.822247 -1.999999
v -10.933732 40.551247 6.700000
v -10.933732 40.551247 -2.000000
v -10.358053 40.173073 -2.000000
v -9.857881 39.699528 -2.000000
v -9.448815 39.145374 -2.000000
v -9.143617 38.527901 -2.000000
v -8.951804 37.866364 -2.000000
v -8.879361 37.181404 -2.000000
v -8.875053 36.804367 -2.000000
v -8.811536 36.392696 -2.000000
v -8.722401 36.165051 -2.000000
v -8.592529 35.951954 -2.000000
v -8.452893 35.785530 -2.000000
v -8.325309 35.664799 -2.000000
v -8.050682 35.468849 -2.000000
v -7.668052 35.301975 -2.000000
v -7.256696 35.226135 -2.000000
v -6.879648 35.215302 3.940000
v -6.879648 35.215302 -2.000000
v -8.984677 35.215302 3.940001
v -8.984677 34.215302 3.940001
v -7.884677 33.215302 5.040000
v -7.884677 34.215302 5.040000
v 9.915322 34.215302 5.039999
v 9.915322 33.215302 5.039999
v 18.215326 -25.311018 3.939999
v 17.215326 -25.311018 3.939999
v 18.215324 -13.858377 3.939999
v 17.215324 -13.858377 3.939999
v 18.215324 -12.479697 5.318679
v 17.215324 -12.479697 5.318679
v 17.215324 -14.314012 5.039999
v 17.215326 -24.855383 5.039999
v 18.215324 3.960303 5.967699
v 18.215324 6.168003 3.759999
v 18.215324 12.662602 3.759999
v 18.215324 14.870302 5.967699
v 18.215324 16.560303 5.967699
v 18.215324 18.768003 3.759999
v 17.215324 16.560303 5.967700
v 17.215324 18.768003 3.759999
v 18.215324 25.262602 3.759999
v 17.215324 25.262602 3.759999
v 18.215324 27.470303 5.967699
v 17.215324 27.470303 5.967700
v 17.215324 26.370302 6.423334
v 17.215324 24.806969 4.860000
v 17.215324 19.223637 4.860000
v -16.184675 -33.712875 1.000001
v -16.191948 -33.533264 1.000001
v -16.184675 -33.712875 -1.999999
v -16.192562 -33.528294 -1.999999
v -16.209225 -33.443432 1.000001
v -16.211491 -33.435375 -1.999999
v -16.243954 -33.351234 1.000001
v -16.249407 -33.340466 -1.999999
v -16.307663 -33.251705 1.000001
v -16.312143 -33.246128 -1.999999
v -16.403933 -33.155228 1.000001
v -16.402426 -33.156448 -1.999999
v -16.516792 -33.076916 1.000001
v -16.519049 -33.075581 -1.999999
v -16.641697 -33.014683 1.000001
v -16.648144 -33.012012 -1.999999
v -16.777931 -32.968349 1.000001
v -16.780470 -32.967697 -1.999999
v -16.917580 -32.943066 1.000001
v -16.915649 -32.943264 -1.999999
v -17.044832 -32.942638 1.000001
v -17.051941 -32.943413 -1.999999
v -17.155899 -32.964985 1.000001
v -17.167370 -32.968742 -1.999999
v -17.249821 -33.005283 1.000001
v -17.257122 -33.009380 -1.999999
v -17.328909 -33.057602 1.000001
v -17.332857 -33.060684 -1.999999
v -17.465004 -33.182545 1.000001
v -17.465004 -33.182545 -1.999999
v -21.475328 -35.891438 1.000001
v -21.475328 -35.891438 -1.999999
v -17.465008 34.213146 1.000001
v -17.332861 34.091286 1.000001
v -17.465008 34.213146 -1.999999
v -17.328913 34.088203 -1.999999
v -17.257126 34.039982 1.000001
v -17.249825 34.035885 -1.999999
v -17.167374 33.999344 1.000001
v -17.155903 33.995586 -1.999999
v -17.051945 33.974014 1.000001
v -17.044836 33.973240 -1.999999
v -16.915653 33.973866 1.000001
v -16.917583 33.973667 -1.999999
v -16.780474 33.998299 1.000001
v -16.777935 33.998951 -1.999999
v -16.648148 34.042614 1.000001
v -16.641701 34.045284 -1.999999
v -16.519053 34.106182 1.000001
v -16.516796 34.107517 -1.999999
v -16.402430 34.187050 1.000001
v -16.403936 34.185829 -1.999999
v -16.312147 34.276730 1.000001
v -16.307667 34.282307 -1.999999
v -16.249411 34.371067 1.000001
v -16.243958 34.381836 -1.999999
v -16.211494 34.465977 1.000001
v -16.209229 34.474033 -1.999999
v -16.192566 34.558895 1.000001
v -16.191952 34.563866 -1.999999
v -16.184679 34.743477 1.000001
v -16.184679 34.743477 -1.999999
v -16.184677 -17.224543 1.000001
v -16.184675 -33.721123 -1.999999
v -16.184677 18.255148 1.000001
v -16.184677 -17.224543 -1.999999
v -16.184677 18.255148 -1.999999
v 18.215322 34.743477 0.999999
v 18.222595 34.563866 0.999999
v 18.215322 34.743477 -2.000001
v 18.223209 34.558895 -2.000001
v 18.239872 34.474033 0.999999
v 18.242138 34.465977 -2.000001
v 18.274601 34.381836 0.999999
v 18.280054 34.371067 -2.000001
v 18.338310 34.282307 0.999999
v 18.342791 34.276730 -2.000001
v 18.434580 34.185829 0.999999
v 18.433073 34.187050 -2.000001
v 18.547440 34.107517 0.999999
v 18.549696 34.106182 -2.000001
v 18.672344 34.045284 0.999999
v 18.678791 34.042614 -2.000001
v 18.808578 33.998951 0.999999
v 18.811117 33.998299 -2.000001
v 18.948227 33.973667 0.999999
v 18.946297 33.973866 -2.000001
v 19.075480 33.973240 0.999999
v 19.082588 33.974014 -2.000001
v 19.186546 33.995586 0.999999
v 19.198017 33.999344 -2.000001
v 19.280468 34.035885 0.999999
v 19.287769 34.039982 -2.000001
v 19.359556 34.088203 0.999999
v 19.363504 34.091286 -2.000001
v 19.495651 34.213146 0.999999
v 19.495651 34.213146 -2.000001
v 23.502131 36.916595 0.999999
v 23.502131 36.916595 -2.000001
v 19.495655 -33.182545 0.999999
v 19.363508 -33.060684 0.999999
v 19.495655 -33.182545 -2.000001
v 19.359560 -33.057602 -2.000001
v 19.287773 -33.009380 0.999999
v 19.280472 -33.005283 -2.000001
v 19.198021 -32.968742 0.999999
v 19.186550 -32.964985 -2.000001
v 19.082592 -32.943413 0.999999
v 19.075483 -32.942638 -2.000001
v 18.946301 -32.943264 0.999999
v 18.948231 -32.943066 -2.000001
v 18.811121 -32.967697 0.999999
v 18.808582 -32.968349 -2.000001
v 18.678795 -33.012012 0.999999
v 18.672348 -33.014683 -2.000001
v 18.549700 -33.075581 0.999999
v 18.547443 -33.076916 -2.000001
v 18.433077 -33.156448 0.999999
v 18.434584 -33.155228 -2.000001
v 18.342794 -33.246128 0.999999
v 18.338314 -33.251705 -2.000001
v 18.280058 -33.340466 0.999999
v 18.274605 -33.351234 -2.000001
v 18.242142 -33.435375 0.999999
v 18.239876 -33.443432 -2.000001
v 18.223213 -33.528294 0.999999
v 18.222599 -33.533264 -2.000001
v 18.215326 -33.712875 0.999999
v 18.215326 -33.712875 -2.000001
v 18.215324 -17.224543 0.999999
v 18.215324 -17.224543 -2.000001
v 18.215324 18.255148 -2.000001
v 18.215324 18.255148 0.999999
v -17.063356 -19.345863 1.000001
v -16.691353 -18.942158 1.000001
v -17.063356 -19.345863 -1.999999
v -16.691353 -18.942158 -1.999999
v -16.515348 -18.690859 1.000001
v -16.515348 -18.690859 -1.999999
v -16.364012 -18.392900 1.000001
v -16.364012 -18.392900 -1.999999
v -16.260334 -18.075199 1.000001
v -16.260334 -18.075199 -1.999999
v -16.207094 -17.773050 1.000001
v -16.207094 -17.773050 -1.999999
v -16.207094 18.803656 1.000001
v -16.207094 18.803656 -1.999999
v -16.260334 19.105804 1.000001
v -16.260334 19.105804 -1.999999
v -16.364012 19.423506 1.000001
v -16.364012 19.423506 -1.999999
v -16.515348 19.721464 1.000001
v -16.515348 19.721464 -1.999999
v -16.691353 19.972763 1.000001
v -16.691353 19.972763 -1.999999
v -17.063356 20.376469 1.000001
v -17.063358 20.376469 -1.999999
v -28.046381 29.485819 1.000001
v -28.046381 29.485819 -1.999999
v 19.094004 20.376469 0.999999
v 18.722000 19.972763 0.999999
v 19.094002 20.376469 -2.000001
v 18.722000 19.972763 -2.000001
v 18.545996 19.721464 0.999999
v 18.545996 19.721464 -2.000001
v 18.394659 19.423506 0.999999
v 18.394659 19.423506 -2.000001
v 18.290981 19.105804 0.999999
v 18.290981 19.105804 -2.000001
v 18.237741 18.803656 0.999999
v 18.237741 18.803656 -2.000001
v 18.237741 -17.773050 0.999999
v 18.237741 -17.773050 -2.000001
v 18.290981 -18.075199 0.999999
v 18.290981 -18.075199 -2.000001
v 18.394659 -18.392900 0.999999
v 18.394659 -18.392900 -2.000001
v 18.545996 -18.690859 0.999999
v 18.545996 -18.690859 -2.000001
v 18.722000 -18.942158 0.999999
v 18.722000 -18.942158 -2.000001
v 19.094004 -19.345863 0.999999
v 19.094004 -19.345863 -2.000001
v 29.987743 -28.409456 0.999999
v 29.987743 -28.409456 -2.000001
v -16.352173 -34.522335 -1.999999
v -16.280079 -34.354622 -1.999999
v -16.218718 -34.154575 -1.999999
v 10.905701 -35.773766 -2.000000
v 10.842183 -35.362095 -2.000000
v 10.753048 -35.134449 -2.000000
v 10.623177 -34.921352 -2.000000
v 10.483541 -34.754929 -2.000000
v 10.355956 -34.634197 -2.000000
v 10.081329 -34.438248 -2.000000
v 9.698699 -34.271374 -2.000000
v 9.287342 -34.195534 -2.000000
v 8.910295 -34.184700 -2.000000
v 6.115325 -34.184700 4.125000
v -6.879645 -34.184700 -2.000000
v -6.879645 -34.184700 4.125000
v -7.884674 -34.352726 4.125000
v -7.985563 -34.402142 -2.000000
v -7.753796 -34.299541 -2.000000
v -8.450971 -34.753105 -2.000000
v -8.229797 -34.557396 -2.000000
v -8.631416 -34.977310 -2.000000
v -8.749183 -35.191532 -2.000000
v -8.815885 -35.377312 -2.000000
v -8.851857 -35.540497 -2.000000
v -8.879357 -36.150803 -2.000000
v -7.624435 -34.258781 4.125000
v -7.548601 -34.239643 -2.000000
v -7.362363 -34.206650 4.125000
v -7.201798 -34.191525 -2.000000
v -8.951800 -36.835762 -2.000000
v -9.143613 -37.497299 -2.000000
v -9.448812 -38.114773 -2.000000
v -9.857877 -38.668926 -2.000000
v -10.358049 -39.142471 -2.000000
v -10.933728 -39.520645 -2.000000
v -11.566957 -39.791645 -1.999999
v -12.237986 -39.947021 -1.999999
v -12.925882 -39.981926 -1.999999
v -13.609191 -39.895271 -1.999999
v -14.266599 -39.689758 -1.999999
v -14.877601 -39.371799 -1.999999
v -15.423138 -38.951313 -1.999999
v -15.886194 -38.441410 -1.999999
v -16.252327 -37.858002 -1.999999
v -16.510115 -37.219280 -1.999999
v -16.651518 -36.545166 -1.999999
v -16.672127 -35.856693 -1.999999
v -16.571297 -35.175331 -1.999999
v 6.115325 -33.184700 4.125000
v -7.884674 -33.184700 4.125000
v 5.015326 -33.184700 5.225000
v -6.784675 -33.184700 5.225000
v 5.015325 -32.184700 5.225000
v -10.128801 28.187155 0.000000
v -10.128801 30.843451 0.000000
v -10.484677 28.140303 0.000001
v -10.484677 30.890303 0.000001
v -10.840553 28.187155 0.000001
v -10.840553 30.843451 0.000001
v -11.172177 28.324518 0.000001
v -11.172177 30.706087 0.000001
v -11.456949 28.543032 0.000001
v -11.456949 30.487574 0.000001
v -11.675462 28.827803 0.000001
v -11.675462 30.202803 0.000001
v -11.812825 29.159426 0.000001
v -11.812825 29.871180 0.000001
v -11.859677 29.515303 0.000001
v -9.797177 30.706087 0.000000
v -9.797177 28.324518 0.000000
v -9.512405 30.487574 0.000000
v -9.512405 28.543032 0.000000
v -9.293893 30.202803 0.000000
v -9.293893 28.827803 0.000000
v -9.156529 29.871180 0.000000
v -9.156529 29.159426 0.000000
v -9.109677 29.515303 0.000000
v -10.128799 -29.812845 0.000000
v -10.128799 -27.156549 0.000000
v -10.484675 -29.859697 0.000001
v -10.484675 -27.109697 0.000001
v -10.840551 -29.812845 0.000001
v -10.840551 -27.156549 0.000001
v -11.172175 -29.675482 0.000001
v -11.172175 -27.293913 0.000001
v -11.456947 -29.456968 0.000001
v -11.456947 -27.512426 0.000001
v -11.675460 -29.172197 0.000001
v -11.675460 -27.797197 0.000001
v -11.812823 -28.840574 0.000001
v -11.812823 -28.128820 0.000001
v -11.859675 -28.484697 0.000001
v -9.797175 -27.293913 0.000000
v -9.797175 -29.675482 0.000000
v -9.512403 -27.512426 0.000000
v -9.512403 -29.456968 0.000000
v -9.293891 -27.797197 0.000000
v -9.293891 -29.172197 0.000000
v -9.156528 -28.128820 0.000000
v -9.156528 -28.840574 0.000000
v -9.109675 -28.484697 0.000000
v -10.840553 28.187155 4.000000
v -11.088573 26.576714 4.000000
v -10.484677 28.140303 4.000000
v -10.484677 26.515303 4.000000
v -9.880782 26.576714 4.000000
v -11.667745 26.758429 4.000000
v -11.172177 28.324518 4.000000
v -12.198482 27.053013 4.000000
v -11.456949 28.543032 4.000000
v -12.659056 27.448402 4.000000
v -13.030610 27.928411 4.000000
v -11.675462 28.827803 4.000000
v -13.297934 28.473387 4.000000
v -11.812825 29.159426 4.000000
v -13.450082 29.061020 4.000000
v -11.859677 29.515303 4.000000
v -13.480826 29.667250 4.000000
v -11.812825 29.871180 4.000000
v -13.388908 30.267260 4.000000
v -13.178091 30.836485 4.000000
v -11.675462 30.202803 4.000000
v -12.857004 31.351620 4.000000
v -11.456949 30.487574 4.000000
v -12.438795 31.791576 4.000000
v -11.172177 30.706087 4.000000
v -11.940583 32.138340 4.000000
v -11.382767 32.377720 4.000000
v -10.840553 30.843451 4.000000
v -10.788182 32.499908 4.000000
v -10.484677 30.890303 4.000000
v -10.181172 32.499908 4.000000
v -10.128801 30.843451 4.000000
v -9.586588 32.377720 4.000000
v -9.797177 30.706087 4.000000
v -9.028771 32.138340 4.000000
v -8.530560 31.791576 4.000000
v -9.512405 30.487574 4.000000
v -8.112350 31.351620 4.000000
v -9.293893 30.202803 4.000000
v -7.791264 30.836485 4.000000
v -9.156529 29.871180 4.000000
v -7.580446 30.267260 4.000000
v -7.488528 29.667250 4.000000
v -9.109677 29.515303 4.000000
v -7.519273 29.061020 4.000000
v -9.156529 29.159426 4.000000
v -7.671421 28.473387 4.000000
v -9.293893 28.827803 4.000000
v -7.938745 27.928411 4.000000
v -9.512405 28.543032 4.000000
v -8.310299 27.448402 4.000000
v -8.770873 27.053013 4.000000
v -9.797177 28.324518 4.000000
v -9.301610 26.758429 4.000000
v -10.128801 28.187155 4.000000
v -11.088573 26.576714 0.000001
v -10.484677 26.515303 0.000001
v -9.880782 26.576714 0.000000
v -9.301610 26.758429 0.000000
v -8.770873 27.053013 0.000000
v -8.310299 27.448402 0.000000
v -7.938745 27.928411 0.000000
v -7.671421 28.473387 0.000000
v -7.519273 29.061020 0.000000
v -7.488528 29.667250 0.000000
v -7.580446 30.267260 0.000000
v -7.791264 30.836485 0.000000
v -8.112350 31.351620 0.000000
v -8.530560 31.791576 0.000000
v -9.028771 32.138340 0.000000
v -9.586588 32.377720 0.000000
v -10.181172 32.499908 0.000000
v -10.788182 32.499908 0.000001
v -11.382767 32.377720 0.000001
v -11.940583 32.138340 0.000001
v -12.438795 31.791576 0.000001
v -12.857004 31.351620 0.000001
v -13.178091 30.836485 0.000001
v -13.388908 30.267260 0.000001
v -13.480826 29.667250 0.000001
v -13.450082 29.061020 0.000001
v -13.297934 28.473387 0.000001
v -13.030610 27.928411 0.000001
v -12.659056 27.448402 0.000001
v -12.198482 27.053013 0.000001
v -11.667745 26.758429 0.000001
v 12.871199 28.187155 -0.000001
v 12.871199 30.843451 -0.000001
v 12.515323 28.140303 -0.000001
v 12.515323 30.890303 -0.000001
v 12.159447 28.187155 -0.000000
v 12.159447 30.843451 -0.000000
v 11.827823 28.324518 -0.000000
v 11.827823 30.706087 -0.000000
v 11.543051 28.543032 -0.000000
v 11.543051 30.487574 -0.000000
v 11.324538 28.827803 -0.000000
v 11.324538 30.202803 -0.000000
v 11.187175 29.159426 -0.000000
v 11.187175 29.871180 -0.000000
v 11.140323 29.515303 -0.000000
v 13.202823 30.706087 -0.000001
v 13.202823 28.324518 -0.000001
v 13.487595 30.487574 -0.000001
v 13.487595 28.543032 -0.000001
v 13.706107 30.202803 -0.000001
v 13.706107 28.827803 -0.000001
v 13.843471 29.871180 -0.000001
v 13.843471 29.159426 -0.000001
v 13.890323 29.515303 -0.000001
v -10.840550 -29.812845 4.000000
v -11.088570 -31.423286 4.000000
v -10.484674 -29.859697 4.000000
v -10.484674 -31.484697 4.000000
v -9.880779 -31.423286 4.000000
v -11.667742 -31.241571 4.000000
v -11.172174 -29.675482 4.000000
v -12.198479 -30.946987 4.000000
v -11.456946 -29.456968 4.000000
v -12.659053 -30.551598 4.000000
v -13.030607 -30.071589 4.000000
v -11.675459 -29.172197 4.000000
v -13.297931 -29.526613 4.000000
v -11.812822 -28.840574 4.000000
v -13.450079 -28.938980 4.000000
v -11.859674 -28.484697 4.000000
v -13.480824 -28.332750 4.000000
v -11.812823 -28.128820 4.000000
v -13.388906 -27.732740 4.000000
v -13.178089 -27.163515 4.000000
v -11.675460 -27.797197 4.000000
v -12.857002 -26.648380 4.000000
v -11.456947 -27.512426 4.000000
v -12.438793 -26.208424 4.000000
v -11.172175 -27.293913 4.000000
v -11.940581 -25.861658 4.000000
v -11.382765 -25.622280 4.000000
v -10.840551 -27.156549 4.000000
v -10.788180 -25.500090 4.000000
v -10.484675 -27.109697 4.000000
v -10.181170 -25.500090 4.000000
v -10.128799 -27.156549 4.000000
v -9.586586 -25.622280 4.000000
v -9.797175 -27.293913 4.000000
v -9.028769 -25.861658 4.000000
v -8.530558 -26.208424 4.000000
v -9.512403 -27.512426 4.000000
v -8.112349 -26.648380 4.000000
v -9.293891 -27.797197 4.000000
v -7.791262 -27.163515 4.000000
v -9.156528 -28.128820 4.000000
v -7.580444 -27.732740 4.000000
v -7.488525 -28.332750 4.000000
v -9.109674 -28.484697 4.000000
v -7.519270 -28.938980 4.000000
v -9.156527 -28.840574 4.000000
v -7.671418 -29.526613 4.000000
v -9.293890 -29.172197 4.000000
v -7.938742 -30.071589 4.000000
v -9.512403 -29.456968 4.000000
v -8.310296 -30.551598 4.000000
v -8.770870 -30.946987 4.000000
v -9.797174 -29.675482 4.000000
v -9.301607 -31.241571 4.000000
v -10.128798 -29.812845 4.000000
v -11.088571 -31.423286 0.000001
v -10.484675 -31.484697 0.000001
v -9.880780 -31.423286 0.000000
v -9.301608 -31.241571 0.000000
v -8.770871 -30.946987 0.000000
v -8.310297 -30.551598 0.000000
v -7.938743 -30.071589 0.000000
v -7.671419 -29.526613 0.000000
v -7.519271 -28.938980 0.000000
v -7.488526 -28.332750 0.000000
v -7.580444 -27.732740 0.000000
v -7.791262 -27.163515 0.000000
v -8.112349 -26.648380 0.000000
v -8.530558 -26.208424 0.000000
v -9.028769 -25.861658 0.000000
v -9.586586 -25.622280 0.000000
v -10.181170 -25.500090 0.000000
v -10.788180 -25.500090 0.000001
v -11.382765 -25.622280 0.000001
v -11.940581 -25.861658 0.000001
v -12.438793 -26.208424 0.000001
v -12.857002 -26.648380 0.000001
v -13.178089 -27.163515 0.000001
v -13.388906 -27.732740 0.000001
v -13.480824 -28.332750 0.000001
v -13.450080 -28.938980 0.000001
v -13.297932 -29.526613 0.000001
v -13.030608 -30.071589 0.000001
v -12.659054 -30.551598 0.000001
v -12.198480 -30.946987 0.000001
v -11.667743 -31.241571 0.000001
v 12.871201 -29.812845 -0.000001
v 12.871201 -27.156549 -0.000001
v 12.515325 -29.859697 -0.000001
v 12.515325 -27.109697 -0.000001
v 12.159449 -29.812845 -0.000000
v 12.159449 -27.156549 -0.000000
v 11.827825 -29.675482 -0.000000
v 11.827825 -27.293913 -0.000000
v 11.543053 -29.456968 -0.000000
v 11.543053 -27.512426 -0.000000
v 11.324540 -29.172197 -0.000000
v 11.324540 -27.797197 -0.000000
v 11.187177 -28.840574 -0.000000
v 11.187177 -28.128820 -0.000000
v 11.140325 -28.484697 -0.000000
v 13.202825 -27.293913 -0.000001
v 13.202825 -29.675482 -0.000001
v 13.487597 -27.512426 -0.000001
v 13.487597 -29.456968 -0.000001
v 13.706109 -27.797197 -0.000001
v 13.706109 -29.172197 -0.000001
v 13.843472 -28.128820 -0.000001
v 13.843472 -28.840574 -0.000001
v 13.890325 -28.484697 -0.000001
v 12.159447 28.187155 4.000000
v 11.911427 26.576714 4.000000
v 12.515323 28.140303 4.000000
v 12.515323 26.515303 4.000000
v 13.119218 26.576714 4.000000
v 11.332255 26.758429 4.000000
v 11.827823 28.324518 4.000000
v 10.801518 27.053013 4.000000
v 11.543051 28.543032 4.000000
v 10.340944 27.448402 4.000000
v 9.969390 27.928411 4.000000
v 11.324538 28.827803 4.000000
v 9.702066 28.473387 4.000000
v 11.187175 29.159426 4.000000
v 9.549918 29.061020 4.000000
v 11.140323 29.515303 4.000000
v 9.519174 29.667250 4.000000
v 11.187175 29.871180 4.000000
v 9.611092 30.267260 4.000000
v 9.821909 30.836485 4.000000
v 11.324538 30.202803 4.000000
v 10.142996 31.351620 4.000000
v 11.543051 30.487574 4.000000
v 10.561205 31.791576 4.000000
v 11.827823 30.706087 4.000000
v 11.059417 32.138340 4.000000
v 11.617233 32.377720 4.000000
v 12.159447 30.843451 4.000000
v 12.211818 32.499908 4.000000
v 12.515323 30.890303 4.000000
v 12.818828 32.499908 4.000000
v 12.871199 30.843451 4.000000
v 13.413412 32.377720 4.000000
v 13.202823 30.706087 4.000000
v 13.971229 32.138340 4.000000
v 14.469440 31.791576 4.000000
v 13.487595 30.487574 4.000000
v 14.887650 31.351620 3.999999
v 13.706107 30.202803 4.000000
v 15.208736 30.836485 3.999999
v 13.843471 29.871180 4.000000
v 15.419554 30.267260 3.999999
v 15.511472 29.667250 3.999999
v 13.890323 29.515303 4.000000
v 15.480727 29.061020 3.999999
v 13.843471 29.159426 4.000000
v 15.328579 28.473387 3.999999
v 13.706107 28.827803 4.000000
v 15.061255 27.928411 3.999999
v 13.487595 28.543032 4.000000
v 14.689701 27.448402 3.999999
v 14.229127 27.053013 4.000000
v 13.202823 28.324518 4.000000
v 13.698390 26.758429 4.000000
v 12.871199 28.187155 4.000000
v 11.911427 26.576714 -0.000000
v 12.515323 26.515303 -0.000001
v 13.119218 26.576714 -0.000001
v 13.698390 26.758429 -0.000001
v 14.229127 27.053013 -0.000001
v 14.689701 27.448402 -0.000001
v 15.061255 27.928411 -0.000001
v 15.328579 28.473387 -0.000001
v 15.480727 29.061020 -0.000001
v 15.511472 29.667250 -0.000001
v 15.419554 30.267260 -0.000001
v 15.208736 30.836485 -0.000001
v 14.887650 31.351620 -0.000001
v 14.469440 31.791576 -0.000001
v 13.971229 32.138340 -0.000001
v 13.413412 32.377720 -0.000001
v 12.818828 32.499908 -0.000001
v 12.211818 32.499908 -0.000000
v 11.617233 32.377720 -0.000000
v 11.059417 32.138340 -0.000000
v 10.561205 31.791576 -0.000000
v 10.142996 31.351620 -0.000000
v 9.821909 30.836485 -0.000000
v 9.611092 30.267260 -0.000000
v 9.519174 29.667250 -0.000000
v 9.549918 29.061020 -0.000000
v 9.702066 28.473387 -0.000000
v 9.969390 27.928411 -0.000000
v 10.340944 27.448402 -0.000000
v 10.801518 27.053013 -0.000000
v 11.332255 26.758429 -0.000000
v 12.159450 -29.812845 4.000000
v 11.911430 -31.423286 4.000000
v 12.515326 -29.859697 4.000000
v 12.515326 -31.484697 4.000000
v 13.119221 -31.423286 4.000000
v 11.332258 -31.241571 4.000000
v 11.827826 -29.675482 4.000000
v 10.801521 -30.946987 4.000000
v 11.543054 -29.456968 4.000000
v 10.340947 -30.551598 4.000000
v 9.969393 -30.071589 4.000000
v 11.324541 -29.172197 4.000000
v 9.702069 -29.526613 4.000000
v 11.187178 -28.840574 4.000000
v 9.549921 -28.938980 4.000000
v 11.140326 -28.484697 4.000000
v 9.519176 -28.332750 4.000000
v 11.187177 -28.128820 4.000000
v 9.611094 -27.732740 4.000000
v 9.821911 -27.163515 4.000000
v 11.324540 -27.797197 4.000000
v 10.142998 -26.648380 4.000000
v 11.543053 -27.512426 4.000000
v 10.561207 -26.208424 4.000000
v 11.827825 -27.293913 4.000000
v 11.059419 -25.861658 4.000000
v 11.617235 -25.622280 4.000000
v 12.159449 -27.156549 4.000000
v 12.211820 -25.500090 4.000000
v 12.515325 -27.109697 4.000000
v 12.818830 -25.500090 4.000000
v 12.871201 -27.156549 4.000000
v 13.413414 -25.622280 4.000000
v 13.202825 -27.293913 4.000000
v 13.971231 -25.861658 4.000000
v 14.469442 -26.208424 4.000000
v 13.487597 -27.512426 4.000000
v 14.887651 -26.648380 3.999999
v 13.706109 -27.797197 4.000000
v 15.208738 -27.163515 3.999999
v 13.843472 -28.128820 4.000000
v 15.419556 -27.732740 3.999999
v 15.511475 -28.332750 3.999999
v 13.890326 -28.484697 4.000000
v 15.480730 -28.938980 3.999999
v 13.843473 -28.840574 4.000000
v 15.328582 -29.526613 3.999999
v 13.706110 -29.172197 4.000000
v 15.061258 -30.071589 3.999999
v 13.487597 -29.456968 4.000000
v 14.689704 -30.551598 3.999999
v 14.229130 -30.946987 4.000000
v 13.202826 -29.675482 4.000000
v 13.698393 -31.241571 4.000000
v 12.871202 -29.812845 4.000000
v 11.911429 -31.423286 -0.000000
v 12.515325 -31.484697 -0.000001
v 13.119220 -31.423286 -0.000001
v 13.698392 -31.241571 -0.000001
v 14.229129 -30.946987 -0.000001
v 14.689703 -30.551598 -0.000001
v 15.061257 -30.071589 -0.000001
v 15.328581 -29.526613 -0.000001
v 15.480729 -28.938980 -0.000001
v 15.511474 -28.332750 -0.000001
v 15.419556 -27.732740 -0.000001
v 15.208738 -27.163515 -0.000001
v 14.887651 -26.648380 -0.000001
v 14.469442 -26.208424 -0.000001
v 13.971231 -25.861658 -0.000001
v 13.413414 -25.622280 -0.000001
v 12.818830 -25.500090 -0.000001
v 12.211820 -25.500090 -0.000000
v 11.617235 -25.622280 -0.000000
v 11.059419 -25.861658 -0.000000
v 10.561207 -26.208424 -0.000000
v 10.142998 -26.648380 -0.000000
v 9.821911 -27.163515 -0.000000
v 9.611094 -27.732740 -0.000000
v 9.519176 -28.332750 -0.000000
v 9.549920 -28.938980 -0.000000
v 9.702068 -29.526613 -0.000000
v 9.969392 -30.071589 -0.000000
v 10.340946 -30.551598 -0.000000
v 10.801520 -30.946987 -0.000000
v 11.332257 -31.241571 -0.000000
v -14.184675 -32.184700 0.000001
v -14.184677 33.215302 0.000001
v -24.346899 -34.252136 1.000001
v -24.902575 -34.245777 1.000001
v -25.224421 -36.825779 1.000001
v -25.442781 -34.115429 1.000001
v -26.008499 -36.669037 1.000001
v -25.936131 -33.868668 1.000001
v -26.758795 -36.400085 1.000001
v -26.353943 -33.519829 1.000001
v -27.456829 -36.025562 1.000001
v -26.671940 -33.089195 1.000001
v -28.085419 -35.554680 1.000001
v -28.629080 -34.999035 1.000001
v -26.871641 -32.601788 1.000001
v -29.074429 -34.372307 1.000001
v -26.941441 -32.085934 1.000001
v -29.410500 -33.689934 1.000001
v -29.629019 -32.968712 1.000001
v -29.724602 -32.226406 1.000001
v -29.694899 -31.481283 1.000001
v -26.877281 -31.571608 1.000001
v -29.540638 -30.751707 1.000001
v -29.265621 -30.055628 1.000001
v -28.876617 -29.410194 1.000001
v -28.383207 -28.831293 1.000001
v -26.682890 -31.088715 1.000001
v -27.797539 -28.333185 1.000001
v -26.369568 -30.665304 1.000001
v -25.955523 -30.325989 1.000001
v -25.464815 -30.090488 1.000001
v -24.925964 -29.972490 1.000001
v -24.370289 -29.978849 1.000001
v -23.830082 -30.109198 1.000001
v -23.336735 -30.355959 1.000001
v -22.918922 -30.704794 1.000001
v -22.600925 -31.135431 1.000001
v -22.401224 -31.622839 1.000001
v -22.331425 -32.138691 1.000001
v -22.395584 -32.653015 1.000001
v -22.589975 -33.135910 1.000001
v -22.903297 -33.559322 1.000001
v -23.317343 -33.898636 1.000001
v -22.863840 -36.598522 1.000001
v -22.138832 -36.296494 1.000001
v -23.632492 -36.790081 1.000001
v -23.808050 -34.134136 1.000001
v -24.425863 -36.866463 1.000001
v 27.430471 -34.105034 0.999999
v 26.886002 -34.216244 0.999999
v 27.116631 -36.805996 0.999999
v 26.330446 -34.202995 0.999999
v 26.317135 -36.818481 0.999999
v 25.796095 -34.066063 0.999999
v 25.526949 -36.714161 0.999999
v 25.314001 -33.813396 0.999999
v 24.765535 -36.495602 0.999999
v 24.051632 -36.168186 0.999999
v 24.912184 -33.459686 0.999999
v 23.402830 -35.739975 0.999999
v 24.613993 -33.025486 0.999999
v 24.436758 -32.536034 0.999999
v 24.390783 -32.019764 0.999999
v 24.478737 -31.506693 0.999999
v 24.695509 -31.026632 0.999999
v 25.028500 -30.607483 0.999999
v 25.458359 -30.273605 0.999999
v 25.960104 -30.044401 0.999999
v 26.504574 -29.933191 0.999999
v 27.060129 -29.946438 0.999999
v 27.594479 -30.083372 0.999999
v 28.076572 -30.336037 0.999999
v 28.478390 -30.689749 0.999999
v 28.776581 -31.123949 0.999999
v 30.555475 -28.927916 0.999999
v 28.953815 -31.613401 0.999999
v 31.028156 -29.523863 0.999999
v 31.394150 -30.182619 0.999999
v 31.644438 -30.887966 0.999999
v 31.772867 -31.622534 0.999999
v 28.999790 -32.129673 0.999999
v 31.776262 -32.368240 0.999999
v 31.654554 -33.106712 0.999999
v 31.410728 -33.819775 0.999999
v 31.050793 -34.489872 0.999999
v 28.911837 -32.642742 0.999999
v 30.583612 -35.100494 0.999999
v 28.695065 -33.122803 0.999999
v 30.020687 -35.636616 0.999999
v 28.362074 -33.541950 0.999999
v 29.375877 -36.085030 0.999999
v 28.665064 -36.434696 0.999999
v 27.932215 -33.875832 0.999999
v 27.905750 -36.677010 0.999999
v -25.088591 30.963898 1.000001
v -24.533413 30.939531 1.000001
v -23.986826 31.039824 1.000001
v -23.480593 31.258938 1.000001
v -23.044136 31.584146 1.000001
v -22.702824 31.996548 1.000001
v -22.476488 32.472172 1.000001
v -25.620092 31.111500 1.000001
v -26.097033 31.373762 1.000001
v -26.491690 31.735445 1.000001
v -26.781130 32.175526 1.000001
v -28.603622 30.015539 1.000001
v -26.948532 32.668430 1.000001
v -29.064280 30.620829 1.000001
v -29.417015 31.286776 1.000001
v -29.653135 31.996992 1.000001
v -29.766836 32.733982 1.000001
v -26.984167 33.185513 1.000001
v -29.755308 33.479603 1.000001
v -29.618841 34.215492 1.000001
v -29.360792 34.923534 1.000001
v -28.987518 35.586288 1.000001
v -26.885960 33.696720 1.000001
v -28.508207 36.187439 1.000001
v -26.659624 34.172344 1.000001
v -27.934666 36.712185 1.000001
v -26.318310 34.584743 1.000001
v -27.281010 37.147606 1.000001
v -24.829037 35.229359 1.000001
v -24.273859 35.204994 1.000001
v -24.208200 37.819691 1.000001
v -23.742353 35.057392 1.000001
v -23.420261 37.699574 1.000001
v -23.265413 34.795128 1.000001
v -22.663374 37.465820 1.000001
v -21.956167 37.124180 1.000001
v -22.870756 34.433445 1.000001
v -21.316065 36.683071 1.000001
v -22.581316 33.993366 1.000001
v -22.413914 33.500462 1.000001
v -22.378281 32.983376 1.000001
v 25.864304 31.137384 0.999999
v 26.404678 31.007729 0.999999
v 29.834036 29.366465 0.999999
v 26.960361 31.002083 0.999999
v 27.499060 31.120771 0.999999
v 27.989466 31.356901 0.999999
v 28.403074 31.696749 0.999999
v 28.715853 32.120560 0.999999
v 30.419065 29.865324 0.999999
v 28.909624 32.603703 0.999999
v 30.911732 30.444859 0.999999
v 31.299908 31.090790 0.999999
v 25.370642 31.383512 0.999999
v 24.952381 31.731810 0.999999
v 24.633831 32.162037 0.999999
v 24.433506 32.649185 0.999999
v 24.363043 33.164948 0.999999
v 24.426542 33.679352 0.999999
v 24.620314 34.162498 0.999999
v 24.933092 34.586311 0.999999
v 24.165115 37.322502 0.999999
v 25.346703 34.926159 0.999999
v 24.889736 37.625458 0.999999
v 25.658140 37.818005 0.999999
v 25.837107 35.162289 0.999999
v 26.451414 37.895405 0.999999
v 26.375803 35.280975 0.999999
v 27.250023 37.855743 0.999999
v 26.931486 35.275333 0.999999
v 27.471863 35.145676 0.999999
v 28.034302 37.700008 0.999999
v 27.965527 34.899548 0.999999
v 28.784941 37.432022 0.999999
v 28.383787 34.551250 0.999999
v 29.483456 37.058392 0.999999
v 30.112650 36.588318 0.999999
v 28.702335 34.121021 0.999999
v 30.657022 36.033371 0.999999
v 28.902662 33.633873 0.999999
v 31.103176 35.407215 0.999999
v 28.973124 33.118107 0.999999
v 31.440123 34.725273 0.999999
v 31.659567 34.004333 0.999999
v 31.756102 33.262150 0.999999
v 31.727356 32.516994 0.999999
v 31.574030 31.787220 0.999999
v -23.986826 31.039824 -1.999999
v -24.533413 30.939531 -1.999999
v -25.088591 30.963898 -1.999999
v -25.620092 31.111500 -1.999999
v -26.097033 31.373762 -1.999999
v -26.491690 31.735445 -1.999999
v -26.781130 32.175526 -1.999999
v -26.948532 32.668430 -1.999999
v -26.984167 33.185513 -1.999999
v -26.885960 33.696720 -1.999999
v -26.659624 34.172344 -1.999999
v -26.318310 34.584743 -1.999999
v -25.881855 34.909954 -1.999999
v -25.375624 35.129066 -1.999999
v -24.829037 35.229359 -1.999999
v -24.273859 35.204994 -1.999999
v -23.742353 35.057392 -1.999999
v -23.265413 34.795128 -1.999999
v -22.870756 34.433445 -1.999999
v -22.581316 33.993366 -1.999999
v -22.413914 33.500462 -1.999999
v -22.378281 32.983376 -1.999999
v -22.476488 32.472172 -1.999999
v -22.702824 31.996548 -1.999999
v -23.044136 31.584146 -1.999999
v -23.480593 31.258938 -1.999999
v -21.316065 36.683071 -1.999999
v -21.956167 37.124180 -1.999999
v -22.663374 37.465820 -1.999999
v -23.420261 37.699574 -1.999999
v -24.208200 37.819691 -1.999999
v -25.007786 37.823208 -1.999999
v -25.799330 37.710041 -1.999999
v -26.563341 37.482975 -1.999999
v -27.281010 37.147606 -1.999999
v -27.934666 36.712185 -1.999999
v -28.508207 36.187439 -1.999999
v -28.987518 35.586288 -1.999999
v -29.360792 34.923534 -1.999999
v -29.618841 34.215492 -1.999999
v -29.755308 33.479603 -1.999999
v -29.766836 32.733982 -1.999999
v -29.653135 31.996992 -1.999999
v -29.417015 31.286776 -1.999999
v -29.064280 30.620829 -1.999999
v -28.603622 30.015539 -1.999999
v 26.960361 31.002083 -2.000001
v 26.404678 31.007729 -2.000001
v 25.864304 31.137384 -2.000001
v 25.370642 31.383512 -2.000001
v 24.952381 31.731810 -2.000001
v 24.633831 32.162037 -2.000001
v 24.433506 32.649185 -2.000001
v 24.363043 33.164948 -2.000001
v 24.426542 33.679352 -2.000001
v 24.620314 34.162498 -2.000001
v 24.933092 34.586311 -2.000001
v 25.346703 34.926159 -2.000001
v 25.837107 35.162289 -2.000001
v 26.375803 35.280975 -2.000001
v 26.931486 35.275333 -2.000001
v 27.471863 35.145676 -2.000001
v 27.965527 34.899548 -2.000001
v 28.383787 34.551250 -2.000001
v 28.702335 34.121021 -2.000001
v 28.902662 33.633873 -2.000001
v 28.973124 33.118107 -2.000001
v 28.909624 32.603703 -2.000001
v 28.715853 32.120560 -2.000001
v 28.403074 31.696749 -2.000001
v 27.989466 31.356901 -2.000001
v 27.499060 31.120771 -2.000001
v 29.834036 29.366465 -2.000001
v 30.419065 29.865324 -2.000001
v 30.911732 30.444859 -2.000001
v 31.299908 31.090790 -2.000001
v 31.574030 31.787220 -2.000001
v 31.727356 32.516994 -2.000001
v 31.756102 33.262150 -2.000001
v 31.659567 34.004333 -2.000001
v 31.440123 34.725273 -2.000001
v 31.103176 35.407215 -2.000001
v 30.657022 36.033371 -2.000001
v 30.112650 36.588318 -2.000001
v 29.483456 37.058392 -2.000001
v 28.784941 37.432022 -2.000001
v 28.034302 37.700008 -2.000001
v 27.250023 37.855743 -2.000001
v 26.451414 37.895405 -2.000001
v 25.658140 37.818005 -2.000001
v 24.889736 37.625458 -2.000001
v 24.165115 37.322502 -2.000001
v -24.346899 -34.252136 -1.999999
v -24.902575 -34.245777 -1.999999
v -25.442781 -34.115429 -1.999999
v -25.936131 -33.868668 -1.999999
v -26.353943 -33.519829 -1.999999
v -26.671940 -33.089195 -1.999999
v -26.871641 -32.601788 -1.999999
v -26.941441 -32.085934 -1.999999
v -26.877281 -31.571608 -1.999999
v -26.682890 -31.088715 -1.999999
v -26.369568 -30.665304 -1.999999
v -25.955523 -30.325989 -1.999999
v -25.464815 -30.090488 -1.999999
v -24.925964 -29.972490 -1.999999
v -24.370289 -29.978849 -1.999999
v -23.830082 -30.109198 -1.999999
v -23.336735 -30.355959 -1.999999
v -22.918922 -30.704794 -1.999999
v -22.600925 -31.135431 -1.999999
v -22.401224 -31.622839 -1.999999
v -22.331425 -32.138691 -1.999999
v -22.395584 -32.653015 -1.999999
v -22.589975 -33.135910 -1.999999
v -22.903297 -33.559322 -1.999999
v -23.317343 -33.898636 -1.999999
v -23.808050 -34.134136 -1.999999
v -27.797539 -28.333185 -1.999999
v -28.383207 -28.831293 -1.999999
v -28.876617 -29.410194 -1.999999
v -29.265621 -30.055628 -1.999999
v -29.540638 -30.751707 -1.999999
v -29.694899 -31.481283 -1.999999
v -29.724602 -32.226406 -1.999999
v -29.629019 -32.968712 -1.999999
v -29.410500 -33.689934 -1.999999
v -29.074429 -34.372307 -1.999999
v -28.629080 -34.999035 -1.999999
v -28.085419 -35.554680 -1.999999
v -27.456829 -36.025562 -1.999999
v -26.758795 -36.400085 -1.999999
v -26.008499 -36.669037 -1.999999
v -25.224421 -36.825779 -1.999999
v -24.425863 -36.866463 -1.999999
v -23.632492 -36.790081 -1.999999
v -22.863840 -36.598522 -1.999999
v -22.138832 -36.296494 -1.999999
v 27.430471 -34.105034 -2.000001
v 26.886002 -34.216244 -2.000001
v 26.330446 -34.202995 -2.000001
v 25.796095 -34.066063 -2.000001
v 25.314001 -33.813396 -2.000001
v 24.912184 -33.459686 -2.000001
v 24.613993 -33.025486 -2.000001
v 24.436758 -32.536034 -2.000001
v 24.390783 -32.019764 -2.000001
v 24.478737 -31.506693 -2.000001
v 24.695509 -31.026632 -2.000001
v 25.028500 -30.607483 -2.000001
v 25.458359 -30.273605 -2.000001
v 25.960104 -30.044401 -2.000001
v 26.504574 -29.933191 -2.000001
v 27.060129 -29.946438 -2.000001
v 27.594479 -30.083372 -2.000001
v 28.076572 -30.336037 -2.000001
v 28.478390 -30.689749 -2.000001
v 28.776581 -31.123949 -2.000001
v 28.953815 -31.613401 -2.000001
v 28.999790 -32.129673 -2.000001
v 28.911837 -32.642742 -2.000001
v 28.695065 -33.122803 -2.000001
v 28.362074 -33.541950 -2.000001
v 27.932215 -33.875832 -2.000001
v 23.402830 -35.739975 -2.000001
v 24.051632 -36.168186 -2.000001
v 24.765535 -36.495602 -2.000001
v 25.526949 -36.714161 -2.000001
v 26.317135 -36.818481 -2.000001
v 27.116631 -36.805996 -2.000001
v 27.905750 -36.677010 -2.000001
v 28.665064 -36.434696 -2.000001
v 29.375877 -36.085030 -2.000001
v 30.020687 -35.636616 -2.000001
v 30.583612 -35.100494 -2.000001
v 31.050793 -34.489872 -2.000001
v 31.410728 -33.819775 -2.000001
v 31.654554 -33.106712 -2.000001
v 31.776262 -32.368240 -2.000001
v 31.772867 -31.622534 -2.000001
v 31.644438 -30.887966 -2.000001
v 31.394150 -30.182619 -2.000001
v 31.028156 -29.523863 -2.000001
v 30.555475 -28.927916 -2.000001
v -13.298660 35.167542 6.700000
v -12.776730 35.098827 6.700000
v -12.254801 35.167542 6.700000
v -10.828862 37.637344 6.700000
v -14.202669 38.541348 6.700000
v -14.523140 38.123699 6.700000
v -14.724598 37.637344 6.700000
v -14.793310 37.115414 6.700000
v -14.724598 36.593483 6.700000
v -14.523140 36.107124 6.700000
v -14.202669 35.689472 6.700000
v -13.785021 35.368999 6.700000
v -6.784675 -32.184700 5.225000
v 3.614702 17.666903 -0.795641
v -0.232313 18.376898 -0.795641
v 3.614702 18.376898 -0.795641
v -1.326286 17.666903 -0.795641
v -1.326286 18.333429 -0.795641
v -0.232313 18.391386 -0.795641
v 0.702272 19.970766 -0.795641
v -0.232314 21.550142 -0.795641
v 1.680327 20.028723 -0.795641
v 3.614701 22.274626 -0.795641
v -0.232314 21.564631 -0.795641
v -1.326286 22.274626 -0.795641
v -1.326286 21.615343 -0.795641
v 3.614701 21.564631 -0.795641
v 1.680327 19.912806 -0.795641
v 2.397299 11.826211 -0.795641
v 2.112335 12.486299 -0.795641
v 2.668121 12.002660 -0.795641
v 1.893937 12.378388 -0.795641
v 2.105849 11.686391 -0.795641
v 1.658559 12.299005 -0.795641
v 1.797419 11.584683 -0.795641
v 1.408037 12.250012 -0.795641
v 1.475656 11.522569 -0.795641
v 1.144208 12.233262 -0.795641
v 1.144208 11.501534 -0.795641
v 0.806673 11.523129 -0.795641
v 0.878857 12.250009 -0.795641
v 0.480936 11.586762 -0.795641
v 0.627342 12.299001 -0.795641
v 0.170342 11.690694 -0.795641
v 0.391423 12.378385 -0.795641
v -0.121762 11.833188 -0.795641
v 0.172862 12.486295 -0.795641
v -0.392031 12.012509 -0.795641
v 3.472182 13.045026 -0.795641
v 3.320346 12.736917 -0.795641
v 2.779397 13.165971 -0.795641
v 2.647284 12.962571 -0.795641
v -0.361068 12.962567 -0.795641
v -1.038369 12.754086 -0.795641
v -0.492590 13.165967 -0.795641
v -1.187841 13.063367 -0.795641
v 2.885349 13.388589 -0.795641
v 2.963303 13.628568 -0.795641
v 3.585152 13.382344 -0.795641
v -0.675389 13.628564 -0.795641
v -0.597951 13.388585 -0.795641
v -1.298748 13.400792 -0.795641
v 3.011421 13.884042 -0.795641
v 3.027869 14.153150 -0.795641
v 3.679905 14.138658 -0.795641
v 3.655609 13.747384 -0.795641
v -0.723142 13.884038 -0.795641
v -1.367746 13.764630 -0.795641
v 3.133292 12.459493 -0.795641
v 2.490844 12.780252 -0.795641
v 2.914668 12.214246 -0.795641
v 2.311916 12.620870 -0.795641
v -0.026581 12.620870 -0.795641
v -0.637119 12.226926 -0.795641
v -0.205145 12.780248 -0.795641
v -0.853680 12.474698 -0.795641
v -1.391489 14.153150 -0.795641
v -0.723143 14.423921 -0.795641
v -0.739452 14.153150 -0.795641
v -1.367884 14.547894 -0.795641
v 3.584649 14.917787 -0.795641
v 2.963302 14.680783 -0.795641
v 2.885349 14.921899 -0.795641
v -1.299251 14.916104 -0.795641
v -0.597951 14.921895 -0.795641
v -0.675389 14.680779 -0.795641
v 3.655471 14.542825 -0.795641
v 3.011421 14.423924 -0.795641
v 2.779397 15.145429 -0.795641
v 3.318736 15.575559 -0.795641
v 3.471163 15.262406 -0.795641
v 2.647283 15.349538 -0.795641
v -0.492591 15.145425 -0.795641
v -1.039979 15.566968 -0.795641
v -0.361069 15.349534 -0.795641
v -1.188859 15.256291 -0.795641
v 2.665039 16.314875 -0.795641
v 2.112334 15.826982 -0.795641
v 2.394078 16.490824 -0.795641
v 1.893937 15.935044 -0.795641
v 2.102792 16.629644 -0.795641
v 1.658559 16.014509 -0.795641
v 1.794903 16.730204 -0.795641
v 1.408037 16.063532 -0.795641
v 1.474134 16.791372 -0.795641
v 1.144208 16.080282 -0.795641
v 1.144208 16.812010 -0.795641
v 0.805151 16.790827 -0.795641
v 0.878857 16.063528 -0.795641
v 0.478420 16.728258 -0.795641
v 0.627342 16.014505 -0.795641
v 0.167286 16.625795 -0.795641
v 0.391423 15.935040 -0.795641
v -0.124982 16.484919 -0.795641
v 0.172861 15.826978 -0.795641
v -0.395112 16.307116 -0.795641
v 3.131091 15.856107 -0.795641
v 2.490844 15.532392 -0.795641
v 2.911951 16.102922 -0.795641
v 2.311916 15.692151 -0.795641
v -0.026581 15.692147 -0.795641
v -0.639836 16.093863 -0.795641
v -0.205145 15.532388 -0.795641
v -0.855882 15.846654 -0.795641
v 2.315727 6.672978 -0.795641
v 2.130581 7.380015 -0.795641
v 2.583892 6.833302 -0.795641
v 1.912276 7.270991 -0.795641
v 2.038608 6.549682 -0.795641
v 1.675330 7.191249 -0.795641
v 1.758847 6.462609 -0.795641
v 1.421228 7.142295 -0.795641
v 1.482758 6.410956 -0.795641
v 1.216657 6.393918 -0.795641
v 1.151454 7.125646 -0.795641
v 0.848780 6.417207 -0.795641
v 0.885960 7.142837 -0.795641
v 0.500222 6.485452 -0.795641
v 0.634050 7.193130 -0.795641
v 0.173399 6.596208 -0.795641
v 0.397536 7.274617 -0.795641
v -0.129275 6.747037 -0.795641
v 0.178228 7.385386 -0.795641
v -0.405384 6.935500 -0.795641
v 3.440713 7.860999 -0.795641
v 3.271511 7.544505 -0.795641
v 2.787716 8.078742 -0.795641
v 2.658814 7.867686 -0.795641
v -0.358343 7.874265 -0.795641
v -1.050176 7.702285 -0.795641
v -0.490713 8.083039 -0.795641
v -1.195878 8.016877 -0.795641
v 2.890557 8.311536 -0.795641
v 2.965852 8.564551 -0.795641
v 3.569389 8.218543 -0.795641
v -0.674853 8.557845 -0.795641
v -0.596820 8.311538 -0.795641
v -1.302941 8.356904 -0.795641
v 3.679906 9.060021 -0.795641
v 3.651224 8.617949 -0.795641
v 3.012117 8.836284 -0.795641
v -0.739452 9.096248 -0.795641
v -0.723001 8.820050 -0.795641
v -1.391489 9.103492 -0.795641
v -1.368949 8.719922 -0.795641
v 3.068098 7.268262 -0.795641
v 2.505334 7.679873 -0.795641
v 2.836787 7.031463 -0.795641
v 2.328762 7.516814 -0.795641
v -0.022062 7.523524 -0.795641
v -0.652514 7.159156 -0.795641
v -0.201523 7.687121 -0.795641
v -0.868250 7.415565 -0.795641
v 3.676195 9.248807 -0.795641
v 3.027869 9.125224 -0.795641
v 3.023811 9.265689 -0.795641
v -1.388902 9.230510 -0.795641
v -1.381058 9.358365 -0.795641
v -0.736111 9.238357 -0.795641
v -0.709001 9.518149 -0.795641
v -0.726003 9.378831 -0.795641
v -1.367830 9.487578 -0.795641
v 3.665315 9.428031 -0.795641
v 3.011702 9.407912 -0.795641
v 2.963739 9.696231 -0.795641
v 3.593433 9.915399 -0.795641
v 3.623557 9.760625 -0.795641
v 2.928085 9.841620 -0.795641
v -0.653818 9.795222 -0.795641
v -0.684982 9.656785 -0.795641
v -1.294589 9.888650 -0.795641
v -1.324721 9.752192 -0.795641
v 3.647643 9.598403 -0.795641
v 2.991645 9.551545 -0.795641
v -1.349093 9.618678 -0.795641
v -0.516204 10.214101 -0.795641
v -0.569555 10.073401 -0.795641
v -1.168370 10.320962 -0.795641
v -1.216539 10.172507 -0.795641
v 3.245214 10.849500 -0.795641
v 2.557088 10.709037 -0.795641
v 2.470016 10.849500 -0.795641
v -0.225068 10.798783 -0.795641
v -0.309764 10.648377 -0.795641
v -0.985777 10.798783 -0.795641
v 2.637117 10.566813 -0.795641
v -0.386434 10.501111 -0.795641
v -1.053115 10.633574 -0.795641
v 2.833935 10.133107 -0.795641
v 3.420110 10.474124 -0.795641
v 3.470610 10.342088 -0.795641
v 2.775641 10.278499 -0.795641
v 3.365459 10.602235 -0.795641
v 2.710001 10.423184 -0.795641
v 3.307035 10.727124 -0.795641
v -0.455206 10.356511 -0.795641
v -1.113938 10.474475 -0.795641
v 3.557649 10.063432 -0.795641
v 2.884783 9.987365 -0.795641
v 3.516582 10.205426 -0.795641
v -0.615384 9.933936 -0.795641
v -1.258570 10.028579 -0.795641
v 3.360428 4.830134 -0.795641
v 3.303991 4.818526 -0.795641
v 3.413997 4.848838 -0.795641
v 3.245215 4.814540 -0.795641
v 2.980011 4.905414 -0.795641
v 3.552215 4.942229 -0.795641
v 3.510419 4.905414 -0.795641
v 3.026259 4.874108 -0.795641
v 3.464170 4.874106 -0.795641
v 3.076432 4.848840 -0.795641
v 3.186438 4.818528 -0.795641
v 3.130002 4.830136 -0.795641
v 2.826120 5.134017 -0.795641
v 2.814511 5.190454 -0.795641
v 2.844824 5.080447 -0.795641
v 3.664309 5.134015 -0.795641
v 3.645606 5.080445 -0.795641
v 3.675918 5.190452 -0.795641
v 3.679906 5.249230 -0.795641
v 3.620337 5.030272 -0.795641
v 2.938214 4.942231 -0.795641
v 3.664309 5.364442 -0.795641
v 3.675919 5.308007 -0.795641
v 3.645606 5.418012 -0.795641
v 2.870093 5.468186 -0.795641
v 2.810524 5.249230 -0.795641
v 2.844824 5.418014 -0.795641
v 2.814511 5.308009 -0.795641
v 2.826120 5.364444 -0.795641
v 2.938214 5.556231 -0.795641
v 2.980011 5.593047 -0.795641
v 3.510419 5.593045 -0.795641
v 3.464170 5.624351 -0.795641
v 3.026259 5.624352 -0.795641
v 3.245215 5.683921 -0.795641
v 3.076432 5.649621 -0.795641
v 3.186438 5.679935 -0.795641
v 3.130002 5.668324 -0.795641
v 3.360428 5.668323 -0.795641
v 3.413997 5.649619 -0.795641
v 3.303991 5.679933 -0.795641
v 3.552215 5.556230 -0.795641
v 3.620337 5.468184 -0.795641
v 3.589031 5.514434 -0.795641
v 3.589031 4.984025 -0.795641
v 2.901399 5.514436 -0.795641
v 2.901399 4.984027 -0.795641
v 2.870093 5.030274 -0.795641
v -1.326285 -0.423487 -0.795641
v 2.977155 0.286510 -0.795641
v 3.614702 -0.423487 -0.795641
v -0.688738 0.286510 -0.795641
v 3.590305 1.897678 -0.795641
v 3.614702 1.503644 -0.795641
v 2.952712 1.793487 -0.795641
v -0.621891 2.010146 -0.795641
v -0.671628 1.710798 -0.795641
v -1.299950 1.931669 -0.795641
v -1.326285 1.496398 -0.795641
v 2.977155 1.416705 -0.795641
v -0.688738 1.380481 -0.795641
v 2.883643 2.121669 -0.795641
v 3.406979 2.601123 -0.795641
v 3.519748 2.263915 -0.795641
v 2.776337 2.404268 -0.795641
v 3.255948 2.908069 -0.795641
v 2.637184 2.644305 -0.795641
v -0.300816 2.726671 -0.795641
v -0.434095 2.517656 -0.795641
v -0.944991 2.989642 -0.795641
v -1.104298 2.677535 -0.795641
v -0.541917 2.278957 -0.795641
v -1.224286 2.325128 -0.795641
v 1.144209 4.126279 -0.795641
v 1.144209 3.394550 -0.795641
v 0.850570 4.109399 -0.795641
v 2.854899 3.426244 -0.795641
v 2.288894 3.008762 -0.795641
v 2.612779 3.635009 -0.795641
v 2.092537 3.139220 -0.795641
v 2.348195 3.808578 -0.795641
v 1.889892 3.239188 -0.795641
v 2.065097 3.945724 -0.795641
v 1.687346 3.311689 -0.795641
v 1.767434 4.045209 -0.795641
v 1.491290 3.359735 -0.795641
v 1.459154 4.105805 -0.795641
v 1.308115 3.386348 -0.795641
v 0.899640 3.381349 -0.795641
v 0.556202 4.058257 -0.795641
v 0.663801 3.341457 -0.795641
v 0.266110 3.972099 -0.795641
v 0.439081 3.274446 -0.795641
v -0.014699 3.850169 -0.795641
v 0.227870 3.179889 -0.795641
v -0.281220 3.691713 -0.795641
v 0.032556 3.057359 -0.795641
v -0.528446 3.495977 -0.795641
v 3.070605 3.183522 -0.795641
v 2.472573 2.844796 -0.795641
v -0.144469 2.906429 -0.795641
v -0.751372 3.262204 -0.795641
v 3.614702 -5.429679 -0.795641
v 3.614702 -6.096205 -0.795641
v -0.188843 -5.429679 -0.795641
v -1.326284 -6.096205 -0.795641
v -1.326284 -5.531106 -0.795641
v 3.614702 -2.126027 -0.795641
v 2.498996 -2.183985 -0.795641
v 3.614702 -1.517459 -0.795641
v -1.326285 -1.517459 -0.795641
v -1.326285 -2.183985 -0.795641
v 3.614703 -9.740361 -0.795641
v 3.614703 -10.450356 -0.795641
v 1.470228 -9.740361 -0.795641
v 0.832681 -9.740361 -0.795641
v -1.326284 -10.450356 -0.795641
v 1.483510 -9.265691 -0.795641
v 1.473095 -9.353879 -0.795641
v 0.832681 -9.283937 -0.795641
v 1.470228 -9.443324 -0.795641
v -0.717717 -9.740361 -0.795641
v 1.537846 -9.087253 -0.795641
v 1.504188 -9.177302 -0.795641
v 0.824744 -9.104894 -0.795641
v 0.801790 -8.947385 -0.795641
v 1.587202 -8.994084 -0.795641
v -0.694640 -8.973548 -0.795641
v -0.711889 -9.120391 -0.795641
v -1.315384 -8.962289 -0.795641
v -1.326284 -9.204244 -0.795641
v -0.717717 -9.283937 -0.795641
v 0.655647 -8.592992 -0.795641
v 1.267372 -8.407310 -0.795641
v 0.715958 -8.692542 -0.795641
v -0.627291 -8.727962 -0.795641
v -1.157506 -8.339156 -0.795641
v -0.577893 -8.628211 -0.795641
v -1.230290 -8.528889 -0.795641
v 1.743871 -8.792554 -0.795641
v 1.654971 -8.896338 -0.795641
v 0.765100 -8.810304 -0.795641
v -0.666323 -8.842906 -0.795641
v -1.283151 -8.736884 -0.795641
v 1.949897 -7.744098 -0.795641
v 2.365117 -8.287864 -0.795641
v 1.832470 -7.829535 -0.795641
v 3.614702 -6.632323 -0.795641
v 3.614702 -7.479970 -0.795641
v 3.503036 -6.713099 -0.795641
v 3.402388 -6.785874 -0.795641
v 3.311098 -6.851707 -0.795641
v 3.227506 -6.911654 -0.795641
v 3.149951 -6.966769 -0.795641
v 3.076772 -7.018111 -0.795641
v 3.006311 -7.066738 -0.795641
v 2.936907 -7.113704 -0.795641
v 2.866898 -7.160066 -0.795641
v 2.794626 -7.206881 -0.795641
v 2.718429 -7.255204 -0.795641
v 2.600424 -8.132007 -0.795641
v 2.636648 -7.306093 -0.795641
v 2.486016 -7.398323 -0.795641
v 2.342024 -7.487282 -0.795641
v 2.204674 -7.573927 -0.795641
v 2.073965 -7.659214 -0.795641
v 0.057482 -7.581398 -0.795641
v 0.028502 -8.313128 -0.795641
v -0.149332 -7.594235 -0.795641
v 2.164525 -8.430387 -0.795641
v 1.721684 -7.916481 -0.795641
v 1.617539 -8.005893 -0.795641
v 1.995932 -8.561038 -0.795641
v 1.520036 -8.098726 -0.795641
v 1.429173 -8.195936 -0.795641
v 1.856619 -8.681273 -0.795641
v 1.344952 -8.298479 -0.795641
v 1.210361 -8.279959 -0.795641
v 1.144545 -8.162495 -0.795641
v 0.585450 -8.510549 -0.795641
v 1.070176 -8.055142 -0.795641
v 0.987506 -7.958129 -0.795641
v 0.506650 -8.444104 -0.795641
v 0.896786 -7.871682 -0.795641
v 0.420529 -8.392552 -0.795641
v 0.798268 -7.796026 -0.795641
v 0.692203 -7.731388 -0.795641
v 0.328371 -8.354785 -0.795641
v 0.578842 -7.677996 -0.795641
v 0.458439 -7.636074 -0.795641
v 0.231459 -8.329697 -0.795641
v 0.331243 -7.605849 -0.795641
v 0.131075 -8.316180 -0.795641
v 0.197507 -7.587548 -0.795641
v -0.083583 -8.320607 -0.795641
v -0.341857 -7.632178 -0.795641
v -0.187770 -8.339759 -0.795641
v -0.519389 -7.694372 -0.795641
v -0.283705 -8.371086 -0.795641
v -0.681225 -7.779960 -0.795641
v -0.371037 -8.415092 -0.795641
v -0.826658 -7.888087 -0.795641
v -0.449414 -8.472280 -0.795641
v -0.954986 -8.017900 -0.795641
v -0.518483 -8.543152 -0.795641
v -1.065503 -8.168541 -0.795641
v -1.326284 -15.695628 -0.795641
v 1.593390 -14.985633 -0.795641
v 1.745532 -15.695628 -0.795641
v 2.616272 -15.520846 -0.795641
v 2.368857 -14.865422 -0.795641
v 2.845944 -15.394027 -0.795641
v 2.300098 -14.895856 -0.795641
v 2.225503 -14.921334 -0.795641
v 2.356715 -15.615666 -0.795641
v 2.143965 -14.942136 -0.795641
v 2.054377 -14.958531 -0.795641
v 2.066670 -15.675067 -0.795641
v 1.955633 -14.970803 -0.795641
v 1.846624 -14.979228 -0.795641
v 1.726246 -14.984078 -0.795641
v -1.326284 -14.985633 -0.795641
v 2.955652 -14.120175 -0.795641
v 2.981718 -14.026896 -0.795641
v 3.630199 -14.152743 -0.795641
v 3.679907 -13.638091 -0.795641
v 3.667581 -13.897731 -0.795641
v 3.024998 -13.728953 -0.795641
v 3.016366 -13.831286 -0.795641
v 3.001947 -13.930602 -0.795641
v 3.567159 -14.399705 -0.795641
v 2.923725 -14.210433 -0.795641
v 2.885912 -14.297673 -0.795641
v 3.477856 -14.635196 -0.795641
v 2.842187 -14.381896 -0.795641
v 3.361687 -14.855796 -0.795641
v 2.792526 -14.463098 -0.795641
v 2.736902 -14.541282 -0.795641
v 3.218048 -15.058082 -0.795641
v 2.675292 -14.616446 -0.795641
v 2.607669 -14.688594 -0.795641
v 3.046335 -15.238633 -0.795641
v 2.551186 -14.741618 -0.795641
v 2.493294 -14.788581 -0.795641
v 2.432887 -14.829755 -0.795641
v 3.663526 -13.285949 -0.795641
v 3.024319 -13.490937 -0.795641
v 3.013951 -13.364665 -0.795641
v 2.974473 -13.131488 -0.795641
v 3.615273 -12.964824 -0.795641
v 2.997193 -13.244830 -0.795641
v 2.946219 -13.024686 -0.795641
v 2.874818 -12.830901 -0.795641
v 3.428483 -12.415322 -0.795641
v 3.536481 -12.674640 -0.795641
v 2.832527 -12.744023 -0.795641
v 2.786413 -12.663886 -0.795641
v 2.912858 -12.924472 -0.795641
v 1.673083 -11.442903 -0.795641
v 1.549921 -12.152898 -0.795641
v -1.326284 -11.442903 -0.795641
v -1.326284 -12.152898 -0.795641
v 2.339878 -12.270961 -0.795641
v 2.731099 -11.685203 -0.795641
v 2.418963 -12.308774 -0.795641
v 2.497072 -11.579082 -0.795641
v 2.256365 -12.239387 -0.795641
v 2.168450 -12.213573 -0.795641
v 2.241837 -11.503377 -0.795641
v 2.076158 -12.193040 -0.795641
v 1.979514 -12.177314 -0.795641
v 1.966730 -11.458007 -0.795641
v 1.878543 -12.165915 -0.795641
v 1.773270 -12.158364 -0.795641
v 1.663721 -12.154183 -0.795641
v 3.292613 -12.186795 -0.795641
v 2.736902 -12.590539 -0.795641
v 2.684423 -12.524035 -0.795641
v 3.130203 -11.988982 -0.795641
v 2.629403 -12.464425 -0.795641
v 2.563751 -12.405028 -0.795641
v 2.942588 -11.821811 -0.795641
v 2.493596 -12.353303 -0.795641
v 3.027870 -13.623601 -0.795641
v -1.326284 -20.824980 -0.795641
v 1.593390 -20.114985 -0.795641
v 1.745532 -20.824980 -0.795641
v 2.616272 -20.650198 -0.795641
v 2.368858 -19.994774 -0.795641
v 2.845944 -20.523380 -0.795641
v 2.300099 -20.025209 -0.795641
v 2.225503 -20.050688 -0.795641
v 2.356716 -20.745018 -0.795641
v 2.143965 -20.071487 -0.795641
v 2.054377 -20.087885 -0.795641
v 2.066670 -20.804420 -0.795641
v 1.955633 -20.100157 -0.795641
v 1.846625 -20.108580 -0.795641
v 1.726246 -20.113430 -0.795641
v -1.326284 -20.114985 -0.795641
v 2.955652 -19.249527 -0.795641
v 2.981718 -19.156250 -0.795641
v 3.630199 -19.282095 -0.795641
v 3.679907 -18.767443 -0.795641
v 3.667581 -19.027084 -0.795641
v 3.024998 -18.858305 -0.795641
v 3.016366 -18.960640 -0.795641
v 3.001947 -19.059954 -0.795641
v 3.567159 -19.529058 -0.795641
v 2.923726 -19.339787 -0.795641
v 2.885912 -19.427027 -0.795641
v 3.477856 -19.764549 -0.795641
v 2.842187 -19.511248 -0.795641
v 3.361687 -19.985147 -0.795641
v 2.792526 -19.592451 -0.795641
v 2.736902 -19.670633 -0.795641
v 3.218048 -20.187433 -0.795641
v 2.675292 -19.745800 -0.795641
v 2.607669 -19.817947 -0.795641
v 3.046335 -20.367985 -0.795641
v 2.551186 -19.870970 -0.795641
v 2.493294 -19.917933 -0.795641
v 2.432887 -19.959108 -0.795641
v 3.663526 -18.415300 -0.795641
v 3.024319 -18.620291 -0.795641
v 3.013951 -18.494017 -0.795641
v 2.974473 -18.260841 -0.795641
v 3.615273 -18.094175 -0.795641
v 2.997193 -18.374184 -0.795641
v 2.946219 -18.154037 -0.795641
v 2.874819 -17.960255 -0.795641
v 3.428483 -17.544674 -0.795641
v 3.536481 -17.803991 -0.795641
v 2.832528 -17.873375 -0.795641
v 2.786413 -17.793238 -0.795641
v 2.912858 -18.053825 -0.795641
v 1.673084 -16.572254 -0.795641
v 1.549921 -17.282249 -0.795641
v -1.326284 -16.572254 -0.795641
v -1.326284 -17.282249 -0.795641
v 2.339878 -17.400314 -0.795641
v 2.731100 -16.814554 -0.795641
v 2.418963 -17.438128 -0.795641
v 2.497072 -16.708435 -0.795641
v 2.256365 -17.368738 -0.795641
v 2.168450 -17.342926 -0.795641
v 2.241838 -16.632730 -0.795641
v 2.076158 -17.322393 -0.795641
v 1.979514 -17.306667 -0.795641
v 1.966730 -16.587362 -0.795641
v 1.878543 -17.295267 -0.795641
v 1.773270 -17.287716 -0.795641
v 1.663721 -17.283537 -0.795641
v 3.292613 -17.316147 -0.795641
v 2.736902 -17.719893 -0.795641
v 2.684423 -17.653389 -0.795641
v 3.130204 -17.118334 -0.795641
v 2.629404 -17.593779 -0.795641
v 2.563751 -17.534382 -0.795641
v 2.942588 -16.951162 -0.795641
v 2.493596 -17.482656 -0.795641
v 3.027870 -18.752954 -0.795641
v 3.614702 17.666903 -1.058670
v 3.614702 18.376898 -1.058670
v -0.232313 18.376898 -1.058670
v -1.326286 17.666903 -1.058670
v -1.326286 18.333429 -1.058670
v -0.232313 18.391386 -1.058670
v 0.702272 19.970766 -1.058670
v 1.680327 20.028723 -1.058670
v -0.232314 21.550142 -1.058670
v 3.614701 22.274626 -1.058670
v -1.326286 22.274626 -1.058670
v -0.232314 21.564631 -1.058670
v -1.326286 21.615343 -1.058670
v 3.614701 21.564631 -1.058670
v 1.680327 19.912806 -1.058670
v 2.397299 11.826211 -1.058670
v 2.668121 12.002660 -1.058670
v 2.112335 12.486299 -1.058670
v 1.893937 12.378388 -1.058670
v 2.105849 11.686391 -1.058670
v 1.658559 12.299005 -1.058670
v 1.797419 11.584683 -1.058670
v 1.408037 12.250012 -1.058670
v 1.475656 11.522569 -1.058670
v 1.144208 12.233262 -1.058670
v 1.144208 11.501534 -1.058670
v 0.806673 11.523129 -1.058670
v 0.878857 12.250009 -1.058670
v 0.480936 11.586762 -1.058670
v 0.627342 12.299001 -1.058670
v 0.170342 11.690694 -1.058670
v 0.391423 12.378385 -1.058670
v -0.121762 11.833188 -1.058670
v 0.172862 12.486295 -1.058670
v -0.392031 12.012509 -1.058670
v 3.472182 13.045026 -1.058670
v 2.779397 13.165971 -1.058670
v 3.320346 12.736917 -1.058670
v 2.647284 12.962571 -1.058670
v -0.361068 12.962567 -1.058670
v -0.492590 13.165967 -1.058670
v -1.038369 12.754086 -1.058670
v -1.187841 13.063367 -1.058670
v 2.885349 13.388589 -1.058670
v 3.585152 13.382344 -1.058670
v 2.963303 13.628568 -1.058670
v -0.675389 13.628564 -1.058670
v -1.298748 13.400792 -1.058670
v -0.597951 13.388585 -1.058670
v 3.011421 13.884042 -1.058670
v 3.679905 14.138658 -1.058670
v 3.027869 14.153150 -1.058670
v 3.655609 13.747384 -1.058670
v -0.723142 13.884038 -1.058670
v -1.367746 13.764630 -1.058670
v 3.133292 12.459493 -1.058670
v 2.490844 12.780252 -1.058670
v 2.914668 12.214246 -1.058670
v 2.311916 12.620870 -1.058670
v -0.026581 12.620870 -1.058670
v -0.637119 12.226926 -1.058670
v -0.205145 12.780248 -1.058670
v -0.853680 12.474698 -1.058670
v -1.391489 14.153150 -1.058670
v -0.739452 14.153150 -1.058670
v -0.723143 14.423921 -1.058670
v -1.367884 14.547894 -1.058670
v 3.584649 14.917787 -1.058670
v 2.885349 14.921899 -1.058670
v 2.963302 14.680783 -1.058670
v -1.299251 14.916104 -1.058670
v -0.675389 14.680779 -1.058670
v -0.597951 14.921895 -1.058670
v 3.655471 14.542825 -1.058670
v 3.011421 14.423924 -1.058670
v 2.779397 15.145429 -1.058670
v 3.471163 15.262406 -1.058670
v 3.318736 15.575559 -1.058670
v 2.647283 15.349538 -1.058670
v -0.492591 15.145425 -1.058670
v -0.361069 15.349534 -1.058670
v -1.039979 15.566968 -1.058670
v -1.188859 15.256291 -1.058670
v 2.665039 16.314875 -1.058670
v 2.394078 16.490824 -1.058670
v 2.112334 15.826982 -1.058670
v 1.893937 15.935044 -1.058670
v 2.102792 16.629644 -1.058670
v 1.658559 16.014509 -1.058670
v 1.794903 16.730204 -1.058670
v 1.408037 16.063532 -1.058670
v 1.474134 16.791372 -1.058670
v 1.144208 16.080282 -1.058670
v 1.144208 16.812010 -1.058670
v 0.805151 16.790827 -1.058670
v 0.878857 16.063528 -1.058670
v 0.478420 16.728258 -1.058670
v 0.627342 16.014505 -1.058670
v 0.167286 16.625795 -1.058670
v 0.391423 15.935040 -1.058670
v -0.124982 16.484919 -1.058670
v 0.172861 15.826978 -1.058670
v -0.395112 16.307116 -1.058670
v 3.131091 15.856107 -1.058670
v 2.490844 15.532392 -1.058670
v 2.911951 16.102922 -1.058670
v 2.311916 15.692151 -1.058670
v -0.026581 15.692147 -1.058670
v -0.639836 16.093863 -1.058670
v -0.205145 15.532388 -1.058670
v -0.855882 15.846654 -1.058670
v 2.315727 6.672978 -1.058670
v 2.583892 6.833302 -1.058670
v 2.130581 7.380015 -1.058670
v 1.912276 7.270991 -1.058670
v 2.038608 6.549682 -1.058670
v 1.675330 7.191249 -1.058670
v 1.758847 6.462609 -1.058670
v 1.421228 7.142295 -1.058670
v 1.482758 6.410956 -1.058670
v 1.216657 6.393918 -1.058670
v 1.151454 7.125646 -1.058670
v 0.848780 6.417207 -1.058670
v 0.885960 7.142837 -1.058670
v 0.500222 6.485452 -1.058670
v 0.634050 7.193130 -1.058670
v 0.173399 6.596208 -1.058670
v 0.397536 7.274617 -1.058670
v -0.129275 6.747037 -1.058670
v 0.178228 7.385386 -1.058670
v -0.405384 6.935500 -1.058670
v 3.440713 7.860999 -1.058670
v 2.787716 8.078742 -1.058670
v 3.271511 7.544505 -1.058670
v 2.658814 7.867686 -1.058670
v -0.358343 7.874265 -1.058670
v -0.490713 8.083039 -1.058670
v -1.050176 7.702285 -1.058670
v -1.195878 8.016877 -1.058670
v 2.890557 8.311536 -1.058670
v 3.569389 8.218543 -1.058670
v 2.965852 8.564551 -1.058670
v -0.674853 8.557845 -1.058670
v -1.302941 8.356904 -1.058670
v -0.596820 8.311538 -1.058670
v 3.679906 9.060021 -1.058670
v 3.012117 8.836284 -1.058670
v 3.651224 8.617949 -1.058670
v -0.739452 9.096248 -1.058670
v -1.391489 9.103492 -1.058670
v -0.723001 8.820050 -1.058670
v -1.368949 8.719922 -1.058670
v 3.068098 7.268262 -1.058670
v 2.505334 7.679873 -1.058670
v 2.836787 7.031463 -1.058670
v 2.328762 7.516814 -1.058670
v -0.022062 7.523524 -1.058670
v -0.652514 7.159156 -1.058670
v -0.201523 7.687121 -1.058670
v -0.868250 7.415565 -1.058670
v 3.676195 9.248807 -1.058670
v 3.023811 9.265689 -1.058670
v 3.027869 9.125224 -1.058670
v -1.388902 9.230510 -1.058670
v -0.736111 9.238357 -1.058670
v -1.381058 9.358365 -1.058670
v -0.709001 9.518149 -1.058670
v -1.367830 9.487578 -1.058670
v -0.726003 9.378831 -1.058670
v 3.665315 9.428031 -1.058670
v 3.011702 9.407912 -1.058670
v 2.963739 9.696231 -1.058670
v 3.623557 9.760625 -1.058670
v 3.593433 9.915399 -1.058670
v 2.928085 9.841620 -1.058670
v -0.653818 9.795222 -1.058670
v -1.294589 9.888650 -1.058670
v -0.684982 9.656785 -1.058670
v -1.324721 9.752192 -1.058670
v 3.647643 9.598403 -1.058670
v 2.991645 9.551545 -1.058670
v -1.349093 9.618678 -1.058670
v -0.516204 10.214101 -1.058670
v -1.168370 10.320962 -1.058670
v -0.569555 10.073401 -1.058670
v -1.216539 10.172507 -1.058670
v 3.245214 10.849500 -1.058670
v 2.470016 10.849500 -1.058670
v 2.557088 10.709037 -1.058670
v -0.225068 10.798783 -1.058670
v -0.985777 10.798783 -1.058670
v -0.309764 10.648377 -1.058670
v 2.637117 10.566813 -1.058670
v -0.386434 10.501111 -1.058670
v -1.053115 10.633574 -1.058670
v 2.833935 10.133107 -1.058670
v 3.470610 10.342088 -1.058670
v 3.420110 10.474124 -1.058670
v 2.775641 10.278499 -1.058670
v 3.365459 10.602235 -1.058670
v 2.710001 10.423184 -1.058670
v 3.307035 10.727124 -1.058670
v -0.455206 10.356511 -1.058670
v -1.113938 10.474475 -1.058670
v 3.557649 10.063432 -1.058670
v 2.884783 9.987365 -1.058670
v 3.516582 10.205426 -1.058670
v -0.615384 9.933936 -1.058670
v -1.258570 10.028579 -1.058670
v 3.360428 4.830134 -1.058670
v 3.413997 4.848838 -1.058670
v 3.303991 4.818526 -1.058670
v 3.245215 4.814540 -1.058670
v 2.980011 4.905414 -1.058670
v 3.510419 4.905414 -1.058670
v 3.552215 4.942229 -1.058670
v 3.026259 4.874108 -1.058670
v 3.464170 4.874106 -1.058670
v 3.076432 4.848840 -1.058670
v 3.186438 4.818528 -1.058670
v 3.130002 4.830136 -1.058670
v 2.826120 5.134017 -1.058670
v 2.844824 5.080447 -1.058670
v 2.814511 5.190454 -1.058670
v 3.664309 5.134015 -1.058670
v 3.675918 5.190452 -1.058670
v 3.645606 5.080445 -1.058670
v 3.679906 5.249230 -1.058670
v 3.620337 5.030272 -1.058670
v 2.938214 4.942231 -1.058670
v 3.664309 5.364442 -1.058670
v 3.645606 5.418012 -1.058670
v 3.675919 5.308007 -1.058670
v 2.870093 5.468186 -1.058670
v 2.844824 5.418014 -1.058670
v 2.810524 5.249230 -1.058670
v 2.814511 5.308009 -1.058670
v 2.826120 5.364444 -1.058670
v 2.938214 5.556231 -1.058670
v 3.510419 5.593045 -1.058670
v 2.980011 5.593047 -1.058670
v 3.464170 5.624351 -1.058670
v 3.026259 5.624352 -1.058670
v 3.245215 5.683921 -1.058670
v 3.186438 5.679935 -1.058670
v 3.076432 5.649621 -1.058670
v 3.130002 5.668324 -1.058670
v 3.360428 5.668323 -1.058670
v 3.303991 5.679933 -1.058670
v 3.413997 5.649619 -1.058670
v 3.552215 5.556230 -1.058670
v 3.620337 5.468184 -1.058670
v 3.589031 5.514434 -1.058670
v 3.589031 4.984025 -1.058670
v 2.901399 5.514436 -1.058670
v 2.901399 4.984027 -1.058670
v 2.870093 5.030274 -1.058670
v -1.326285 -0.423487 -1.058670
v 3.614702 -0.423487 -1.058670
v 2.977155 0.286510 -1.058670
v -0.688738 0.286510 -1.058670
v 3.590305 1.897678 -1.058670
v 2.952712 1.793487 -1.058670
v 3.614702 1.503644 -1.058670
v -0.621891 2.010146 -1.058670
v -1.299950 1.931669 -1.058670
v -0.671628 1.710798 -1.058670
v -1.326285 1.496398 -1.058670
v 2.977155 1.416705 -1.058670
v -0.688738 1.380481 -1.058670
v 2.883643 2.121669 -1.058670
v 3.519748 2.263915 -1.058670
v 3.406979 2.601123 -1.058670
v 2.776337 2.404268 -1.058670
v 3.255948 2.908069 -1.058670
v 2.637184 2.644305 -1.058670
v -0.300816 2.726671 -1.058670
v -0.944991 2.989642 -1.058670
v -0.434095 2.517656 -1.058670
v -1.104298 2.677535 -1.058670
v -0.541917 2.278957 -1.058670
v -1.224286 2.325128 -1.058670
v 1.144209 4.126279 -1.058670
v 0.850570 4.109399 -1.058670
v 1.144209 3.394550 -1.058670
v 2.854899 3.426244 -1.058670
v 2.612779 3.635009 -1.058670
v 2.288894 3.008762 -1.058670
v 2.092537 3.139220 -1.058670
v 2.348195 3.808578 -1.058670
v 1.889892 3.239188 -1.058670
v 2.065097 3.945724 -1.058670
v 1.687346 3.311689 -1.058670
v 1.767434 4.045209 -1.058670
v 1.491290 3.359735 -1.058670
v 1.459154 4.105805 -1.058670
v 1.308115 3.386348 -1.058670
v 0.899640 3.381349 -1.058670
v 0.556202 4.058257 -1.058670
v 0.663801 3.341457 -1.058670
v 0.266110 3.972099 -1.058670
v 0.439081 3.274446 -1.058670
v -0.014699 3.850169 -1.058670
v 0.227870 3.179889 -1.058670
v -0.281220 3.691713 -1.058670
v 0.032556 3.057359 -1.058670
v -0.528446 3.495977 -1.058670
v 3.070605 3.183522 -1.058670
v 2.472573 2.844796 -1.058670
v -0.144469 2.906429 -1.058670
v -0.751372 3.262204 -1.058670
v 3.614702 -5.429679 -1.058670
v -0.188843 -5.429679 -1.058670
v 3.614702 -6.096205 -1.058670
v -1.326284 -6.096205 -1.058670
v -1.326284 -5.531106 -1.058670
v 3.614702 -2.126027 -1.058670
v 3.614702 -1.517459 -1.058670
v 2.498996 -2.183985 -1.058670
v -1.326285 -1.517459 -1.058670
v -1.326285 -2.183985 -1.058670
v 3.614703 -9.740361 -1.058670
v 1.470228 -9.740361 -1.058670
v 3.614703 -10.450356 -1.058670
v 0.832681 -9.740361 -1.058670
v -1.326284 -10.450356 -1.058670
v 1.483510 -9.265691 -1.058670
v 0.832681 -9.283937 -1.058670
v 1.473095 -9.353879 -1.058670
v 1.470228 -9.443324 -1.058670
v -0.717717 -9.740361 -1.058670
v 1.537846 -9.087253 -1.058670
v 0.824744 -9.104894 -1.058670
v 1.504188 -9.177302 -1.058670
v 1.587202 -8.994084 -1.058670
v 0.801790 -8.947385 -1.058670
v -0.694640 -8.973548 -1.058670
v -1.315384 -8.962289 -1.058670
v -0.711889 -9.120391 -1.058670
v -1.326284 -9.204244 -1.058670
v -0.717717 -9.283937 -1.058670
v 0.655647 -8.592992 -1.058670
v 0.715958 -8.692542 -1.058670
v 1.267372 -8.407310 -1.058670
v -0.627291 -8.727962 -1.058670
v -0.577893 -8.628211 -1.058670
v -1.157506 -8.339156 -1.058670
v -1.230290 -8.528889 -1.058670
v 1.743871 -8.792554 -1.058670
v 1.654971 -8.896338 -1.058670
v 0.765100 -8.810304 -1.058670
v -0.666323 -8.842906 -1.058670
v -1.283151 -8.736884 -1.058670
v 1.949897 -7.744098 -1.058670
v 1.832470 -7.829535 -1.058670
v 2.365117 -8.287864 -1.058670
v 3.614702 -6.632323 -1.058670
v 3.503036 -6.713099 -1.058670
v 3.614702 -7.479970 -1.058670
v 3.402388 -6.785874 -1.058670
v 3.311098 -6.851707 -1.058670
v 3.227506 -6.911654 -1.058670
v 3.149951 -6.966769 -1.058670
v 3.076772 -7.018111 -1.058670
v 3.006311 -7.066738 -1.058670
v 2.936907 -7.113704 -1.058670
v 2.866898 -7.160066 -1.058670
v 2.794626 -7.206881 -1.058670
v 2.718429 -7.255204 -1.058670
v 2.600424 -8.132007 -1.058670
v 2.636648 -7.306093 -1.058670
v 2.486016 -7.398323 -1.058670
v 2.342024 -7.487282 -1.058670
v 2.204674 -7.573927 -1.058670
v 2.073965 -7.659214 -1.058670
v 0.057482 -7.581398 -1.058670
v -0.149332 -7.594235 -1.058670
v 0.028502 -8.313128 -1.058670
v 2.164525 -8.430387 -1.058670
v 1.721684 -7.916481 -1.058670
v 1.617539 -8.005893 -1.058670
v 1.995932 -8.561038 -1.058670
v 1.520036 -8.098726 -1.058670
v 1.429173 -8.195936 -1.058670
v 1.856619 -8.681273 -1.058670
v 1.344952 -8.298479 -1.058670
v 1.210361 -8.279959 -1.058670
v 1.144545 -8.162495 -1.058670
v 0.585450 -8.510549 -1.058670
v 1.070176 -8.055142 -1.058670
v 0.987506 -7.958129 -1.058670
v 0.506650 -8.444104 -1.058670
v 0.896786 -7.871682 -1.058670
v 0.420529 -8.392552 -1.058670
v 0.798268 -7.796026 -1.058670
v 0.692203 -7.731388 -1.058670
v 0.328371 -8.354785 -1.058670
v 0.578842 -7.677996 -1.058670
v 0.458439 -7.636074 -1.058670
v 0.231459 -8.329697 -1.058670
v 0.331243 -7.605849 -1.058670
v 0.131075 -8.316180 -1.058670
v 0.197507 -7.587548 -1.058670
v -0.083583 -8.320607 -1.058670
v -0.341857 -7.632178 -1.058670
v -0.187770 -8.339759 -1.058670
v -0.519389 -7.694372 -1.058670
v -0.283705 -8.371086 -1.058670
v -0.681225 -7.779960 -1.058670
v -0.371037 -8.415092 -1.058670
v -0.826658 -7.888087 -1.058670
v -0.449414 -8.472280 -1.058670
v -0.954986 -8.017900 -1.058670
v -0.518483 -8.543152 -1.058670
v -1.065503 -8.168541 -1.058670
v -1.326284 -15.695628 -1.058670
v 1.745532 -15.695628 -1.058670
v 1.593390 -14.985633 -1.058670
v 2.616272 -15.520846 -1.058670
v 2.845944 -15.394027 -1.058670
v 2.368857 -14.865422 -1.058670
v 2.300098 -14.895856 -1.058670
v 2.225503 -14.921334 -1.058670
v 2.356715 -15.615666 -1.058670
v 2.143965 -14.942136 -1.058670
v 2.054377 -14.958531 -1.058670
v 2.066670 -15.675067 -1.058670
v 1.955633 -14.970803 -1.058670
v 1.846624 -14.979228 -1.058670
v 1.726246 -14.984078 -1.058670
v -1.326284 -14.985633 -1.058670
v 2.955652 -14.120175 -1.058670
v 3.630199 -14.152743 -1.058670
v 2.981718 -14.026896 -1.058670
v 3.679907 -13.638091 -1.058670
v 3.024998 -13.728953 -1.058670
v 3.667581 -13.897731 -1.058670
v 3.016366 -13.831286 -1.058670
v 3.001947 -13.930602 -1.058670
v 3.567159 -14.399705 -1.058670
v 2.923725 -14.210433 -1.058670
v 2.885912 -14.297673 -1.058670
v 3.477856 -14.635196 -1.058670
v 2.842187 -14.381896 -1.058670
v 3.361687 -14.855796 -1.058670
v 2.792526 -14.463098 -1.058670
v 2.736902 -14.541282 -1.058670
v 3.218048 -15.058082 -1.058670
v 2.675292 -14.616446 -1.058670
v 2.607669 -14.688594 -1.058670
v 3.046335 -15.238633 -1.058670
v 2.551186 -14.741618 -1.058670
v 2.493294 -14.788581 -1.058670
v 2.432887 -14.829755 -1.058670
v 3.663526 -13.285949 -1.058670
v 3.013951 -13.364665 -1.058670
v 3.024319 -13.490937 -1.058670
v 2.974473 -13.131488 -1.058670
v 2.997193 -13.244830 -1.058670
v 3.615273 -12.964824 -1.058670
v 2.946219 -13.024686 -1.058670
v 2.874818 -12.830901 -1.058670
v 3.536481 -12.674640 -1.058670
v 3.428483 -12.415322 -1.058670
v 2.832527 -12.744023 -1.058670
v 2.786413 -12.663886 -1.058670
v 2.912858 -12.924472 -1.058670
v 1.673083 -11.442903 -1.058670
v -1.326284 -11.442903 -1.058670
v 1.549921 -12.152898 -1.058670
v -1.326284 -12.152898 -1.058670
v 2.339878 -12.270961 -1.058670
v 2.418963 -12.308774 -1.058670
v 2.731099 -11.685203 -1.058670
v 2.497072 -11.579082 -1.058670
v 2.256365 -12.239387 -1.058670
v 2.168450 -12.213573 -1.058670
v 2.241837 -11.503377 -1.058670
v 2.076158 -12.193040 -1.058670
v 1.979514 -12.177314 -1.058670
v 1.966730 -11.458007 -1.058670
v 1.878543 -12.165915 -1.058670
v 1.773270 -12.158364 -1.058670
v 1.663721 -12.154183 -1.058670
v 3.292613 -12.186795 -1.058670
v 2.736902 -12.590539 -1.058670
v 2.684423 -12.524035 -1.058670
v 3.130203 -11.988982 -1.058670
v 2.629403 -12.464425 -1.058670
v 2.563751 -12.405028 -1.058670
v 2.942588 -11.821811 -1.058670
v 2.493596 -12.353303 -1.058670
v 3.027870 -13.623601 -1.058670
v -1.326284 -20.824980 -1.058670
v 1.745532 -20.824980 -1.058670
v 1.593390 -20.114985 -1.058670
v 2.616272 -20.650198 -1.058670
v 2.845944 -20.523380 -1.058670
v 2.368858 -19.994774 -1.058670
v 2.300099 -20.025209 -1.058670
v 2.225503 -20.050688 -1.058670
v 2.356716 -20.745018 -1.058670
v 2.143965 -20.071487 -1.058670
v 2.054377 -20.087885 -1.058670
v 2.066670 -20.804420 -1.058670
v 1.955633 -20.100157 -1.058670
v 1.846625 -20.108580 -1.058670
v 1.726246 -20.113430 -1.058670
v -1.326284 -20.114985 -1.058670
v 2.955652 -19.249527 -1.058670
v 3.630199 -19.282095 -1.058670
v 2.981718 -19.156250 -1.058670
v 3.679907 -18.767443 -1.058670
v 3.024998 -18.858305 -1.058670
v 3.667581 -19.027084 -1.058670
v 3.016366 -18.960640 -1.058670
v 3.001947 -19.059954 -1.058670
v 3.567159 -19.529058 -1.058670
v 2.923726 -19.339787 -1.058670
v 2.885912 -19.427027 -1.058670
v 3.477856 -19.764549 -1.058670
v 2.842187 -19.511248 -1.058670
v 3.361687 -19.985147 -1.058670
v 2.792526 -19.592451 -1.058670
v 2.736902 -19.670633 -1.058670
v 3.218048 -20.187433 -1.058670
v 2.675292 -19.745800 -1.058670
v 2.607669 -19.817947 -1.058670
v 3.046335 -20.367985 -1.058670
v 2.551186 -19.870970 -1.058670
v 2.493294 -19.917933 -1.058670
v 2.432887 -19.959108 -1.058670
v 3.663526 -18.415300 -1.058670
v 3.013951 -18.494017 -1.058670
v 3.024319 -18.620291 -1.058670
v 2.974473 -18.260841 -1.058670
v 2.997193 -18.374184 -1.058670
v 3.615273 -18.094175 -1.058670
v 2.946219 -18.154037 -1.058670
v 2.874819 -17.960255 -1.058670
v 3.536481 -17.803991 -1.058670
v 3.428483 -17.544674 -1.058670
v 2.832528 -17.873375 -1.058670
v 2.786413 -17.793238 -1.058670
v 2.912858 -18.053825 -1.058670
v 1.673084 -16.572254 -1.058670
v -1.326284 -16.572254 -1.058670
v 1.549921 -17.282249 -1.058670
v -1.326284 -17.282249 -1.058670
v 2.339878 -17.400314 -1.058670
v 2.418963 -17.438128 -1.058670
v 2.731100 -16.814554 -1.058670
v 2.497072 -16.708435 -1.058670
v 2.256365 -17.368738 -1.058670
v 2.168450 -17.342926 -1.058670
v 2.241838 -16.632730 -1.058670
v 2.076158 -17.322393 -1.058670
v 1.979514 -17.306667 -1.058670
v 1.966730 -16.587362 -1.058670
v 1.878543 -17.295267 -1.058670
v 1.773270 -17.287716 -1.058670
v 1.663721 -17.283537 -1.058670
v 3.292613 -17.316147 -1.058670
v 2.736902 -17.719893 -1.058670
v 2.684423 -17.653389 -1.058670
v 3.130204 -17.118334 -1.058670
v 2.629404 -17.593779 -1.058670
v 2.563751 -17.534382 -1.058670
v 2.942588 -16.951162 -1.058670
v 2.493596 -17.482656 -1.058670
v 3.027870 -18.752954 -1.058670
f 1 2 3
f 3 2 4
f 3 4 5
f 5 4 6
f 5 6 7
f 7 6 8
f 7 8 9
f 9 8 10
f 9 10 11
f 11 10 12
f 11 12 13
f 13 12 14
f 13 14 15
f 2 1 16
f 16 1 17
f 16 17 18
f 18 17 19
f 18 19 20
f 20 19 21
f 20 21 22
f 22 21 23
f 22 23 24
f 25 26 27
f 27 26 28
f 27 28 29
f 29 28 30
f 29 30 31
f 31 30 32
f 31 32 33
f 33 32 34
f 33 34 35
f 35 34 36
f 35 36 37
f 37 36 38
f 37 38 39
f 26 25 40
f 40 25 41
f 40 41 42
f 42 41 43
f 42 43 44
f 44 43 45
f 44 45 46
f 46 45 47
f 46 47 48
f 49 50 51
f 51 50 52
f 51 52 53
f 53 52 54
f 53 54 55
f 55 54 56
f 55 56 57
f 57 56 58
f 57 58 59
f 59 58 60
f 59 60 61
f 61 60 62
f 61 62 63
f 50 49 64
f 64 49 65
f 64 65 66
f 66 65 67
f 66 67 68
f 68 67 69
f 68 69 70
f 70 69 71
f 70 71 72
f 73 74 75
f 75 74 76
f 75 76 77
f 77 76 78
f 77 78 79
f 79 78 80
f 79 80 81
f 81 80 82
f 81 82 83
f 83 82 84
f 83 84 85
f 85 84 86
f 85 86 87
f 74 73 88
f 88 73 89
f 88 89 90
f 90 89 91
f 90 91 92
f 92 91 93
f 92 93 94
f 94 93 95
f 94 95 96
f 97 98 99
f 99 98 100
f 100 98 101
f 100 101 102
f 103 104 98
f 98 104 101
f 105 106 107
f 107 106 108
f 107 108 109
f 105 110 106
f 106 110 111
f 106 111 112
f 110 113 111
f 111 113 114
f 114 113 115
f 114 115 116
f 114 116 117
f 117 116 118
f 117 118 119
f 119 120 117
f 117 120 121
f 117 121 122
f 122 121 123
f 122 123 124
f 124 125 122
f 122 125 126
f 126 125 127
f 126 127 128
f 128 127 129
f 128 129 130
f 130 129 131
f 130 131 132
f 132 131 133
f 132 133 134
f 134 133 135
f 134 135 136
f 136 135 137
f 136 137 138
f 138 137 139
f 139 137 140
f 139 140 141
f 139 141 142
f 142 141 143
f 142 143 144
f 144 143 145
f 144 145 146
f 144 146 147
f 147 146 148
f 147 148 149
f 149 150 147
f 147 150 151
f 151 150 152
f 151 152 153
f 153 152 154
f 153 154 155
f 155 154 156
f 156 154 106
f 156 106 157
f 157 106 158
f 158 106 159
f 159 106 160
f 160 106 112
f 150 161 152
f 152 161 162
f 152 162 163
f 163 164 152
f 152 164 165
f 152 165 166
f 166 167 152
f 152 167 168
f 152 168 169
f 169 170 152
f 171 172 154
f 154 172 106
f 173 174 175
f 175 174 176
f 176 174 177
f 176 177 178
f 179 180 174
f 174 180 177
f 181 182 183
f 183 182 184
f 183 184 185
f 185 184 186
f 186 184 187
f 186 187 188
f 188 189 186
f 186 189 190
f 186 190 191
f 189 192 190
f 190 192 193
f 193 192 194
f 193 194 195
f 193 195 196
f 196 195 197
f 196 197 198
f 198 197 199
f 198 199 200
f 200 199 201
f 200 201 202
f 200 202 203
f 203 202 204
f 203 204 205
f 205 204 206
f 205 206 207
f 205 207 208
f 208 207 209
f 208 209 210
f 210 209 211
f 210 211 212
f 210 212 213
f 213 212 214
f 213 214 215
f 215 214 216
f 215 216 217
f 217 216 218
f 217 218 219
f 217 219 220
f 220 219 221
f 220 221 222
f 222 221 223
f 222 223 224
f 222 224 225
f 225 224 226
f 225 226 227
f 227 226 228
f 227 228 229
f 227 229 230
f 230 229 231
f 230 231 232
f 232 231 233
f 232 233 234
f 232 234 235
f 235 234 236
f 235 236 237
f 235 237 238
f 238 237 239
f 238 239 186
f 186 239 240
f 186 240 241
f 242 243 241
f 241 243 186
f 185 244 183
f 191 245 186
f 186 245 246
f 186 246 247
f 247 238 186
f 248 249 250
f 248 250 251
f 252 253 254
f 254 253 255
f 254 255 256
f 254 256 257
f 257 256 258
f 257 258 259
f 257 259 260
f 260 259 261
f 262 263 264
f 264 265 266
f 264 266 262
f 264 263 267
f 264 267 268
f 268 269 264
f 264 270 271
f 272 251 250
f 250 273 274
f 274 275 276
f 276 277 278
f 276 278 279
f 250 274 276
f 280 272 250
f 280 250 276
f 276 279 281
f 280 276 281
f 282 280 281
f 282 281 283
f 284 282 283
f 284 283 285
f 286 284 285
f 287 288 289
f 286 285 287
f 290 286 287
f 289 291 292
f 290 287 289
f 293 290 289
f 289 292 294
f 294 270 295
f 294 295 296
f 293 289 294
f 297 293 294
f 294 296 298
f 298 299 300
f 300 301 302
f 302 303 304
f 304 305 306
f 306 307 308
f 308 309 249
f 249 248 310
f 249 310 311
f 306 308 249
f 302 304 306
f 298 300 302
f 312 297 294
f 313 312 294
f 294 298 302
f 302 306 249
f 249 311 314
f 249 314 315
f 316 313 294
f 317 316 294
f 302 249 315
f 302 315 318
f 319 317 294
f 320 319 294
f 302 318 321
f 302 321 322
f 320 294 302
f 302 322 323
f 323 320 302
f 271 324 264
f 325 326 264
f 264 326 265
f 327 328 325
f 325 328 329
f 325 329 330
f 330 331 325
f 325 331 332
f 325 332 333
f 333 334 325
f 325 334 335
f 325 335 336
f 337 338 336
f 336 338 325
f 338 339 325
f 325 339 326
f 253 340 56
f 341 342 343
f 343 344 345
f 343 345 341
f 346 295 270
f 278 347 279
f 279 347 348
f 101 349 102
f 102 349 350
f 103 351 104
f 104 351 352
f 152 353 154
f 154 353 354
f 152 170 353
f 353 170 355
f 170 169 355
f 355 169 356
f 355 356 357
f 169 168 356
f 356 168 358
f 358 168 167
f 358 167 359
f 359 167 166
f 359 166 360
f 360 166 165
f 360 165 361
f 361 165 164
f 361 164 362
f 362 164 163
f 362 163 363
f 363 163 162
f 363 162 364
f 364 162 161
f 364 161 365
f 365 161 150
f 365 150 366
f 366 150 149
f 366 149 367
f 149 148 367
f 367 148 368
f 368 148 146
f 368 146 369
f 369 146 145
f 369 145 370
f 370 145 143
f 370 143 371
f 371 143 141
f 371 141 372
f 372 141 140
f 372 140 373
f 373 140 137
f 373 137 374
f 374 137 135
f 374 135 375
f 375 135 133
f 375 133 376
f 376 133 131
f 376 131 377
f 377 131 129
f 377 129 378
f 378 129 127
f 378 127 379
f 379 127 125
f 379 125 380
f 380 125 124
f 380 124 381
f 381 124 123
f 381 123 382
f 382 123 121
f 382 121 383
f 383 121 120
f 383 120 384
f 384 120 119
f 384 119 385
f 385 119 118
f 385 118 386
f 386 118 116
f 386 116 387
f 116 115 387
f 387 115 388
f 387 388 389
f 389 388 390
f 390 388 391
f 390 391 392
f 392 391 393
f 392 393 110
f 110 393 113
f 113 393 394
f 113 394 115
f 115 394 388
f 388 394 393
f 391 388 393
f 177 395 178
f 178 395 396
f 103 98 351
f 351 98 397
f 351 397 398
f 398 397 399
f 398 399 400
f 398 400 401
f 401 400 402
f 401 402 396
f 396 402 176
f 396 176 178
f 179 403 180
f 180 403 404
f 104 352 101
f 101 352 349
f 349 352 405
f 349 405 406
f 406 405 407
f 406 407 408
f 408 407 186
f 408 186 409
f 409 186 243
f 407 405 410
f 410 405 411
f 410 411 412
f 412 411 404
f 404 411 395
f 404 395 180
f 180 395 177
f 412 413 410
f 410 413 106
f 106 413 414
f 106 414 108
f 242 415 243
f 243 415 409
f 240 416 241
f 241 416 417
f 239 237 418
f 418 237 419
f 419 237 236
f 419 236 420
f 420 236 234
f 420 234 421
f 234 233 421
f 421 233 422
f 422 233 231
f 422 231 423
f 423 231 229
f 423 229 424
f 424 229 228
f 424 228 425
f 425 228 226
f 425 226 426
f 426 226 224
f 426 224 427
f 427 224 223
f 427 223 428
f 428 223 221
f 428 221 429
f 429 221 219
f 429 219 430
f 430 219 218
f 430 218 431
f 431 218 216
f 431 216 432
f 432 216 214
f 432 214 433
f 433 214 212
f 433 212 434
f 434 212 211
f 434 211 435
f 435 211 209
f 435 209 436
f 436 209 207
f 436 207 437
f 437 207 206
f 437 206 438
f 438 206 204
f 438 204 439
f 439 204 202
f 439 202 440
f 440 202 201
f 440 201 441
f 346 442 443
f 443 442 444
f 444 442 445
f 444 445 446
f 446 445 447
f 446 447 448
f 447 449 448
f 448 449 450
f 450 449 451
f 450 451 452
f 452 451 453
f 452 453 454
f 454 453 455
f 454 455 456
f 456 455 457
f 456 457 458
f 458 457 459
f 458 459 460
f 460 459 461
f 460 461 462
f 462 461 463
f 462 463 464
f 464 463 465
f 464 465 466
f 466 465 252
f 466 252 467
f 467 252 254
f 467 254 468
f 468 254 257
f 468 257 469
f 469 257 260
f 469 260 470
f 470 260 471
f 470 471 472
f 472 471 266
f 472 266 473
f 473 266 265
f 473 265 474
f 474 265 326
f 474 326 475
f 475 326 339
f 475 339 476
f 476 339 338
f 476 338 477
f 477 338 337
f 477 337 478
f 337 336 478
f 478 336 479
f 479 336 335
f 479 335 480
f 480 335 334
f 480 334 481
f 481 334 333
f 481 333 482
f 482 333 332
f 482 332 483
f 483 332 331
f 483 331 484
f 484 331 330
f 484 330 485
f 485 330 329
f 485 329 486
f 486 329 328
f 486 328 487
f 487 328 488
f 487 488 489
f 328 327 488
f 327 325 488
f 488 325 490
f 264 491 325
f 325 491 490
f 271 492 324
f 324 492 493
f 353 355 354
f 354 355 488
f 354 488 491
f 491 488 490
f 171 154 494
f 494 154 354
f 494 354 491
f 494 491 493
f 493 491 264
f 493 264 324
f 171 494 172
f 172 494 495
f 494 493 495
f 495 493 492
f 488 355 489
f 489 355 357
f 416 496 417
f 417 496 497
f 496 498 497
f 497 498 499
f 498 500 499
f 499 500 501
f 100 501 99
f 99 501 500
f 102 350 100
f 100 350 501
f 501 350 502
f 501 502 499
f 499 502 503
f 499 503 497
f 497 503 417
f 417 503 415
f 417 415 241
f 241 415 242
f 504 505 397
f 397 505 399
f 505 506 399
f 399 506 400
f 506 507 400
f 400 507 402
f 176 402 175
f 175 402 507
f 97 504 98
f 98 504 397
f 508 509 510
f 510 509 511
f 509 512 511
f 511 512 513
f 512 514 513
f 513 514 515
f 107 515 105
f 105 515 514
f 173 508 174
f 174 508 510
f 109 516 107
f 107 516 515
f 515 516 517
f 515 517 513
f 513 517 518
f 513 518 511
f 511 518 510
f 510 518 403
f 510 403 174
f 174 403 179
f 502 350 406
f 406 350 349
f 398 401 405
f 405 401 411
f 401 396 411
f 411 396 395
f 108 414 109
f 109 414 516
f 519 520 521
f 521 520 522
f 522 520 523
f 522 523 524
f 524 523 525
f 524 525 526
f 526 525 527
f 526 527 528
f 528 527 529
f 528 529 530
f 530 529 531
f 530 531 532
f 532 531 533
f 532 533 534
f 534 533 535
f 534 535 536
f 536 535 537
f 536 537 538
f 538 537 539
f 538 539 540
f 540 539 541
f 540 541 542
f 542 541 543
f 542 543 544
f 544 543 545
f 544 545 546
f 546 545 547
f 546 547 548
f 547 549 548
f 548 549 550
f 551 552 553
f 553 552 554
f 554 552 555
f 554 555 556
f 556 555 557
f 556 557 558
f 558 557 559
f 558 559 560
f 560 559 561
f 560 561 562
f 562 561 563
f 562 563 564
f 564 563 565
f 564 565 566
f 566 565 567
f 566 567 568
f 568 567 569
f 568 569 570
f 570 569 571
f 570 571 572
f 572 571 573
f 572 573 574
f 574 573 575
f 574 575 576
f 576 575 577
f 576 577 578
f 578 577 579
f 578 579 580
f 346 581 295
f 295 581 519
f 295 519 582
f 582 519 521
f 443 579 346
f 346 579 583
f 346 583 581
f 581 583 584
f 584 583 585
f 443 580 579
f 586 587 588
f 588 587 589
f 589 587 590
f 589 590 591
f 591 590 592
f 591 592 593
f 593 592 594
f 593 594 595
f 595 594 596
f 595 596 597
f 597 596 598
f 597 598 599
f 599 598 600
f 599 600 601
f 601 600 602
f 601 602 603
f 603 602 604
f 603 604 605
f 605 604 606
f 605 606 607
f 607 606 608
f 607 608 609
f 609 608 610
f 609 610 611
f 611 610 612
f 611 612 613
f 613 612 614
f 613 614 615
f 614 616 615
f 615 616 617
f 618 619 620
f 620 619 621
f 621 619 622
f 621 622 623
f 623 622 624
f 623 624 625
f 625 624 626
f 625 626 627
f 627 626 628
f 627 628 629
f 629 628 630
f 629 630 631
f 631 630 632
f 631 632 633
f 633 632 634
f 633 634 635
f 635 634 636
f 635 636 637
f 637 636 638
f 637 638 639
f 639 638 640
f 639 640 641
f 641 640 642
f 641 642 643
f 643 642 644
f 643 644 645
f 645 644 646
f 645 646 647
f 97 99 504
f 504 99 500
f 504 500 505
f 505 500 498
f 505 498 648
f 648 498 496
f 648 496 646
f 646 496 239
f 646 239 418
f 496 416 239
f 239 416 240
f 418 647 646
f 649 650 648
f 648 650 651
f 648 651 505
f 505 651 506
f 506 651 509
f 506 509 507
f 507 509 508
f 507 508 175
f 175 508 173
f 509 651 512
f 512 651 586
f 512 586 110
f 110 586 392
f 392 586 588
f 105 514 110
f 110 514 512
f 652 653 654
f 654 653 655
f 655 653 656
f 655 656 657
f 657 656 658
f 657 658 659
f 659 658 660
f 659 660 661
f 661 660 662
f 661 662 663
f 663 662 581
f 663 581 584
f 583 664 585
f 585 664 665
f 665 664 666
f 665 666 667
f 667 666 668
f 667 668 669
f 669 668 670
f 669 670 671
f 671 670 672
f 671 672 673
f 673 672 674
f 673 674 675
f 674 676 675
f 675 676 677
f 678 679 680
f 680 679 681
f 681 679 682
f 681 682 683
f 683 682 684
f 683 684 685
f 685 684 686
f 685 686 687
f 687 686 688
f 687 688 689
f 689 688 651
f 689 651 650
f 648 690 649
f 649 690 691
f 691 690 692
f 691 692 693
f 693 692 694
f 693 694 695
f 695 694 696
f 695 696 697
f 697 696 698
f 697 698 699
f 699 698 700
f 699 700 701
f 700 702 701
f 701 702 703
f 299 298 704
f 704 298 705
f 705 298 296
f 705 296 706
f 706 296 295
f 706 295 582
f 201 199 441
f 441 199 707
f 707 199 197
f 707 197 708
f 708 197 195
f 708 195 709
f 709 195 194
f 709 194 710
f 710 194 192
f 710 192 711
f 711 192 189
f 711 189 712
f 712 189 188
f 712 188 713
f 713 188 187
f 713 187 714
f 714 187 184
f 714 184 715
f 715 184 182
f 715 182 716
f 181 717 182
f 182 717 716
f 716 717 718
f 718 717 719
f 288 287 720
f 720 287 721
f 720 721 722
f 285 723 287
f 287 723 724
f 287 724 721
f 723 285 725
f 725 285 283
f 725 283 726
f 726 283 281
f 726 281 727
f 727 281 728
f 728 281 279
f 728 279 729
f 729 279 348
f 720 722 730
f 730 722 731
f 730 731 732
f 732 731 733
f 732 733 719
f 719 733 718
f 348 347 729
f 729 347 734
f 734 347 278
f 734 278 735
f 735 278 277
f 735 277 736
f 736 277 276
f 736 276 737
f 737 276 275
f 737 275 738
f 738 275 274
f 738 274 739
f 739 274 273
f 739 273 740
f 740 273 250
f 740 250 741
f 741 250 249
f 741 249 742
f 742 249 309
f 742 309 743
f 743 309 308
f 743 308 744
f 744 308 307
f 744 307 745
f 745 307 306
f 745 306 746
f 746 306 305
f 746 305 747
f 747 305 304
f 747 304 748
f 748 304 303
f 748 303 749
f 749 303 302
f 749 302 750
f 750 302 301
f 750 301 751
f 751 301 300
f 751 300 752
f 752 300 299
f 752 299 704
f 415 503 409
f 409 503 408
f 503 502 408
f 408 502 406
f 351 398 352
f 352 398 405
f 518 517 412
f 412 517 413
f 517 516 413
f 413 516 414
f 403 518 404
f 404 518 412
f 717 753 719
f 719 753 754
f 719 754 732
f 732 754 730
f 730 754 720
f 183 753 181
f 181 753 717
f 288 720 289
f 289 720 754
f 244 755 183
f 183 755 753
f 753 755 756
f 753 756 754
f 754 756 289
f 289 756 291
f 185 757 244
f 244 757 755
f 758 759 760
f 760 759 761
f 760 761 762
f 762 761 763
f 762 763 764
f 764 763 765
f 764 765 766
f 766 765 767
f 766 767 768
f 768 767 769
f 768 769 770
f 770 769 771
f 770 771 772
f 759 758 773
f 773 758 774
f 773 774 775
f 775 774 776
f 775 776 777
f 777 776 778
f 777 778 779
f 779 778 780
f 779 780 781
f 782 783 784
f 784 783 785
f 784 785 786
f 786 785 787
f 786 787 788
f 788 787 789
f 788 789 790
f 790 789 791
f 790 791 792
f 792 791 793
f 792 793 794
f 794 793 795
f 794 795 796
f 783 782 797
f 797 782 798
f 797 798 799
f 799 798 800
f 799 800 801
f 801 800 802
f 801 802 803
f 803 802 804
f 803 804 805
f 806 807 808
f 808 807 809
f 808 809 810
f 807 806 811
f 811 806 812
f 811 812 813
f 813 812 814
f 813 814 815
f 815 814 816
f 816 814 817
f 816 817 818
f 818 817 819
f 818 819 820
f 820 819 821
f 820 821 822
f 822 821 823
f 822 823 824
f 824 823 825
f 825 823 826
f 825 826 827
f 827 826 828
f 827 828 829
f 829 828 830
f 829 830 831
f 831 830 832
f 832 830 833
f 832 833 834
f 834 833 835
f 834 835 836
f 836 835 837
f 836 837 838
f 838 837 839
f 838 839 840
f 840 839 841
f 841 839 842
f 841 842 843
f 843 842 844
f 843 844 845
f 845 844 846
f 845 846 847
f 847 846 848
f 848 846 849
f 848 849 850
f 850 849 851
f 850 851 852
f 852 851 853
f 852 853 854
f 854 853 855
f 854 855 856
f 856 855 857
f 857 855 858
f 857 858 859
f 859 858 860
f 859 860 810
f 810 860 808
f 807 861 809
f 809 861 862
f 809 862 810
f 810 862 863
f 810 863 859
f 859 863 864
f 859 864 857
f 857 864 865
f 857 865 856
f 856 865 866
f 856 866 854
f 854 866 867
f 854 867 852
f 852 867 868
f 852 868 850
f 850 868 869
f 850 869 848
f 848 869 870
f 848 870 847
f 847 870 871
f 847 871 845
f 845 871 872
f 845 872 843
f 843 872 873
f 843 873 841
f 841 873 874
f 841 874 840
f 840 874 875
f 840 875 838
f 838 875 876
f 838 876 836
f 836 876 877
f 836 877 834
f 834 877 878
f 834 878 832
f 832 878 879
f 832 879 831
f 831 879 880
f 831 880 829
f 829 880 881
f 829 881 827
f 827 881 882
f 827 882 825
f 825 882 883
f 825 883 824
f 824 883 884
f 824 884 822
f 822 884 885
f 822 885 820
f 820 885 886
f 820 886 818
f 818 886 887
f 818 887 816
f 816 887 888
f 816 888 815
f 815 888 889
f 815 889 813
f 813 889 890
f 813 890 811
f 811 890 891
f 811 891 807
f 807 891 861
f 860 758 808
f 808 758 760
f 808 760 806
f 806 760 762
f 806 762 812
f 812 762 764
f 812 764 814
f 814 764 766
f 814 766 817
f 817 766 768
f 817 768 819
f 819 768 770
f 819 770 821
f 821 770 772
f 821 772 823
f 823 772 771
f 823 771 826
f 826 771 769
f 826 769 828
f 828 769 767
f 828 767 830
f 830 767 765
f 830 765 833
f 833 765 763
f 833 763 835
f 835 763 761
f 835 761 837
f 837 761 759
f 837 759 839
f 839 759 773
f 839 773 842
f 842 773 775
f 842 775 844
f 844 775 777
f 844 777 846
f 846 777 779
f 846 779 849
f 849 779 781
f 849 781 851
f 851 781 780
f 851 780 853
f 853 780 778
f 853 778 855
f 855 778 776
f 855 776 858
f 858 776 774
f 858 774 860
f 860 774 758
f 892 893 894
f 894 893 895
f 894 895 896
f 896 895 897
f 896 897 898
f 898 897 899
f 898 899 900
f 900 899 901
f 900 901 902
f 902 901 903
f 902 903 904
f 904 903 905
f 904 905 906
f 893 892 907
f 907 892 908
f 907 908 909
f 909 908 910
f 909 910 911
f 911 910 912
f 911 912 913
f 913 912 914
f 913 914 915
f 916 917 918
f 918 917 919
f 918 919 920
f 917 916 921
f 921 916 922
f 921 922 923
f 923 922 924
f 923 924 925
f 925 924 926
f 926 924 927
f 926 927 928
f 928 927 929
f 928 929 930
f 930 929 931
f 930 931 932
f 932 931 933
f 932 933 934
f 934 933 935
f 935 933 936
f 935 936 937
f 937 936 938
f 937 938 939
f 939 938 940
f 939 940 941
f 941 940 942
f 942 940 943
f 942 943 944
f 944 943 945
f 944 945 946
f 946 945 947
f 946 947 948
f 948 947 949
f 948 949 950
f 950 949 951
f 951 949 952
f 951 952 953
f 953 952 954
f 953 954 955
f 955 954 956
f 955 956 957
f 957 956 958
f 958 956 959
f 958 959 960
f 960 959 961
f 960 961 962
f 962 961 963
f 962 963 964
f 964 963 965
f 964 965 966
f 966 965 967
f 967 965 968
f 967 968 969
f 969 968 970
f 969 970 920
f 920 970 918
f 917 971 919
f 919 971 972
f 919 972 920
f 920 972 973
f 920 973 969
f 969 973 974
f 969 974 967
f 967 974 975
f 967 975 966
f 966 975 976
f 966 976 964
f 964 976 977
f 964 977 962
f 962 977 978
f 962 978 960
f 960 978 979
f 960 979 958
f 958 979 980
f 958 980 957
f 957 980 981
f 957 981 955
f 955 981 982
f 955 982 953
f 953 982 983
f 953 983 951
f 951 983 984
f 951 984 950
f 950 984 985
f 950 985 948
f 948 985 986
f 948 986 946
f 946 986 987
f 946 987 944
f 944 987 988
f 944 988 942
f 942 988 989
f 942 989 941
f 941 989 990
f 941 990 939
f 939 990 991
f 939 991 937
f 937 991 992
f 937 992 935
f 935 992 993
f 935 993 934
f 934 993 994
f 934 994 932
f 932 994 995
f 932 995 930
f 930 995 996
f 930 996 928
f 928 996 997
f 928 997 926
f 926 997 998
f 926 998 925
f 925 998 999
f 925 999 923
f 923 999 1000
f 923 1000 921
f 921 1000 1001
f 921 1001 917
f 917 1001 971
f 970 782 918
f 918 782 784
f 918 784 916
f 916 784 786
f 916 786 922
f 922 786 788
f 922 788 924
f 924 788 790
f 924 790 927
f 927 790 792
f 927 792 929
f 929 792 794
f 929 794 931
f 931 794 796
f 931 796 933
f 933 796 795
f 933 795 936
f 936 795 793
f 936 793 938
f 938 793 791
f 938 791 940
f 940 791 789
f 940 789 943
f 943 789 787
f 943 787 945
f 945 787 785
f 945 785 947
f 947 785 783
f 947 783 949
f 949 783 797
f 949 797 952
f 952 797 799
f 952 799 954
f 954 799 801
f 954 801 956
f 956 801 803
f 956 803 959
f 959 803 805
f 959 805 961
f 961 805 804
f 961 804 963
f 963 804 802
f 963 802 965
f 965 802 800
f 965 800 968
f 968 800 798
f 968 798 970
f 970 798 782
f 1002 1003 1004
f 1004 1003 1005
f 1004 1005 1006
f 1006 1005 1007
f 1006 1007 1008
f 1008 1007 1009
f 1008 1009 1010
f 1010 1009 1011
f 1010 1011 1012
f 1012 1011 1013
f 1012 1013 1014
f 1014 1013 1015
f 1014 1015 1016
f 1003 1002 1017
f 1017 1002 1018
f 1017 1018 1019
f 1019 1018 1020
f 1019 1020 1021
f 1021 1020 1022
f 1021 1022 1023
f 1023 1022 1024
f 1023 1024 1025
f 1026 1027 1028
f 1028 1027 1029
f 1028 1029 1030
f 1027 1026 1031
f 1031 1026 1032
f 1031 1032 1033
f 1033 1032 1034
f 1033 1034 1035
f 1035 1034 1036
f 1036 1034 1037
f 1036 1037 1038
f 1038 1037 1039
f 1038 1039 1040
f 1040 1039 1041
f 1040 1041 1042
f 1042 1041 1043
f 1042 1043 1044
f 1044 1043 1045
f 1045 1043 1046
f 1045 1046 1047
f 1047 1046 1048
f 1047 1048 1049
f 1049 1048 1050
f 1049 1050 1051
f 1051 1050 1052
f 1052 1050 1053
f 1052 1053 1054
f 1054 1053 1055
f 1054 1055 1056
f 1056 1055 1057
f 1056 1057 1058
f 1058 1057 1059
f 1058 1059 1060
f 1060 1059 1061
f 1061 1059 1062
f 1061 1062 1063
f 1063 1062 1064
f 1063 1064 1065
f 1065 1064 1066
f 1065 1066 1067
f 1067 1066 1068
f 1068 1066 1069
f 1068 1069 1070
f 1070 1069 1071
f 1070 1071 1072
f 1072 1071 1073
f 1072 1073 1074
f 1074 1073 1075
f 1074 1075 1076
f 1076 1075 1077
f 1077 1075 1078
f 1077 1078 1079
f 1079 1078 1080
f 1079 1080 1030
f 1030 1080 1028
f 1027 1081 1029
f 1029 1081 1082
f 1029 1082 1030
f 1030 1082 1083
f 1030 1083 1079
f 1079 1083 1084
f 1079 1084 1077
f 1077 1084 1085
f 1077 1085 1076
f 1076 1085 1086
f 1076 1086 1074
f 1074 1086 1087
f 1074 1087 1072
f 1072 1087 1088
f 1072 1088 1070
f 1070 1088 1089
f 1070 1089 1068
f 1068 1089 1090
f 1068 1090 1067
f 1067 1090 1091
f 1067 1091 1065
f 1065 1091 1092
f 1065 1092 1063
f 1063 1092 1093
f 1063 1093 1061
f 1061 1093 1094
f 1061 1094 1060
f 1060 1094 1095
f 1060 1095 1058
f 1058 1095 1096
f 1058 1096 1056
f 1056 1096 1097
f 1056 1097 1054
f 1054 1097 1098
f 1054 1098 1052
f 1052 1098 1099
f 1052 1099 1051
f 1051 1099 1100
f 1051 1100 1049
f 1049 1100 1101
f 1049 1101 1047
f 1047 1101 1102
f 1047 1102 1045
f 1045 1102 1103
f 1045 1103 1044
f 1044 1103 1104
f 1044 1104 1042
f 1042 1104 1105
f 1042 1105 1040
f 1040 1105 1106
f 1040 1106 1038
f 1038 1106 1107
f 1038 1107 1036
f 1036 1107 1108
f 1036 1108 1035
f 1035 1108 1109
f 1035 1109 1033
f 1033 1109 1110
f 1033 1110 1031
f 1031 1110 1111
f 1031 1111 1027
f 1027 1111 1081
f 1080 892 1028
f 1028 892 894
f 1028 894 1026
f 1026 894 896
f 1026 896 1032
f 1032 896 898
f 1032 898 1034
f 1034 898 900
f 1034 900 1037
f 1037 900 902
f 1037 902 1039
f 1039 902 904
f 1039 904 1041
f 1041 904 906
f 1041 906 1043
f 1043 906 905
f 1043 905 1046
f 1046 905 903
f 1046 903 1048
f 1048 903 901
f 1048 901 1050
f 1050 901 899
f 1050 899 1053
f 1053 899 897
f 1053 897 1055
f 1055 897 895
f 1055 895 1057
f 1057 895 893
f 1057 893 1059
f 1059 893 907
f 1059 907 1062
f 1062 907 909
f 1062 909 1064
f 1064 909 911
f 1064 911 1066
f 1066 911 913
f 1066 913 1069
f 1069 913 915
f 1069 915 1071
f 1071 915 914
f 1071 914 1073
f 1073 914 912
f 1073 912 1075
f 1075 912 910
f 1075 910 1078
f 1078 910 908
f 1078 908 1080
f 1080 908 892
f 1112 1113 1114
f 1114 1113 1115
f 1114 1115 1116
f 1113 1112 1117
f 1117 1112 1118
f 1117 1118 1119
f 1119 1118 1120
f 1119 1120 1121
f 1121 1120 1122
f 1122 1120 1123
f 1122 1123 1124
f 1124 1123 1125
f 1124 1125 1126
f 1126 1125 1127
f 1126 1127 1128
f 1128 1127 1129
f 1128 1129 1130
f 1130 1129 1131
f 1131 1129 1132
f 1131 1132 1133
f 1133 1132 1134
f 1133 1134 1135
f 1135 1134 1136
f 1135 1136 1137
f 1137 1136 1138
f 1138 1136 1139
f 1138 1139 1140
f 1140 1139 1141
f 1140 1141 1142
f 1142 1141 1143
f 1142 1143 1144
f 1144 1143 1145
f 1144 1145 1146
f 1146 1145 1147
f 1147 1145 1148
f 1147 1148 1149
f 1149 1148 1150
f 1149 1150 1151
f 1151 1150 1152
f 1151 1152 1153
f 1153 1152 1154
f 1154 1152 1155
f 1154 1155 1156
f 1156 1155 1157
f 1156 1157 1158
f 1158 1157 1159
f 1158 1159 1160
f 1160 1159 1161
f 1160 1161 1162
f 1162 1161 1163
f 1163 1161 1164
f 1163 1164 1165
f 1165 1164 1166
f 1165 1166 1116
f 1116 1166 1114
f 1113 1167 1115
f 1115 1167 1168
f 1115 1168 1116
f 1116 1168 1169
f 1116 1169 1165
f 1165 1169 1170
f 1165 1170 1163
f 1163 1170 1171
f 1163 1171 1162
f 1162 1171 1172
f 1162 1172 1160
f 1160 1172 1173
f 1160 1173 1158
f 1158 1173 1174
f 1158 1174 1156
f 1156 1174 1175
f 1156 1175 1154
f 1154 1175 1176
f 1154 1176 1153
f 1153 1176 1177
f 1153 1177 1151
f 1151 1177 1178
f 1151 1178 1149
f 1149 1178 1179
f 1149 1179 1147
f 1147 1179 1180
f 1147 1180 1146
f 1146 1180 1181
f 1146 1181 1144
f 1144 1181 1182
f 1144 1182 1142
f 1142 1182 1183
f 1142 1183 1140
f 1140 1183 1184
f 1140 1184 1138
f 1138 1184 1185
f 1138 1185 1137
f 1137 1185 1186
f 1137 1186 1135
f 1135 1186 1187
f 1135 1187 1133
f 1133 1187 1188
f 1133 1188 1131
f 1131 1188 1189
f 1131 1189 1130
f 1130 1189 1190
f 1130 1190 1128
f 1128 1190 1191
f 1128 1191 1126
f 1126 1191 1192
f 1126 1192 1124
f 1124 1192 1193
f 1124 1193 1122
f 1122 1193 1194
f 1122 1194 1121
f 1121 1194 1195
f 1121 1195 1119
f 1119 1195 1196
f 1119 1196 1117
f 1117 1196 1197
f 1117 1197 1113
f 1113 1197 1167
f 1166 1002 1114
f 1114 1002 1004
f 1114 1004 1112
f 1112 1004 1006
f 1112 1006 1118
f 1118 1006 1008
f 1118 1008 1120
f 1120 1008 1010
f 1120 1010 1123
f 1123 1010 1012
f 1123 1012 1125
f 1125 1012 1014
f 1125 1014 1127
f 1127 1014 1016
f 1127 1016 1129
f 1129 1016 1015
f 1129 1015 1132
f 1132 1015 1013
f 1132 1013 1134
f 1134 1013 1011
f 1134 1011 1136
f 1136 1011 1009
f 1136 1009 1139
f 1139 1009 1007
f 1139 1007 1141
f 1141 1007 1005
f 1141 1005 1143
f 1143 1005 1003
f 1143 1003 1145
f 1145 1003 1017
f 1145 1017 1148
f 1148 1017 1019
f 1148 1019 1150
f 1150 1019 1021
f 1150 1021 1152
f 1152 1021 1023
f 1152 1023 1155
f 1155 1023 1025
f 1155 1025 1157
f 1157 1025 1024
f 1157 1024 1159
f 1159 1024 1022
f 1159 1022 1161
f 1161 1022 1020
f 1161 1020 1164
f 1164 1020 1018
f 1164 1018 1166
f 1166 1018 1002
f 407 973 1198
f 1198 973 972
f 1198 972 971
f 410 1089 407
f 407 1089 1177
f 407 1177 1176
f 1199 877 410
f 410 877 1098
f 410 1098 1097
f 1198 886 1199
f 1199 886 885
f 1199 885 884
f 1169 1168 407
f 407 1168 1167
f 407 1167 973
f 973 1167 974
f 974 1167 1197
f 974 1197 975
f 975 1197 1196
f 975 1196 976
f 976 1196 1195
f 976 1195 977
f 977 1195 1194
f 977 1194 978
f 978 1194 1193
f 978 1193 979
f 979 1193 1192
f 979 1192 980
f 980 1192 1191
f 980 1191 1190
f 980 1190 981
f 981 1190 1189
f 981 1189 982
f 982 1189 1188
f 982 1188 983
f 867 1108 868
f 868 1108 1107
f 868 1107 869
f 869 1107 1106
f 869 1106 870
f 870 1106 1105
f 870 1105 1104
f 1108 1188 1109
f 1109 1188 1187
f 1109 1187 1110
f 1110 1187 1186
f 1110 1186 1111
f 1111 1186 1185
f 1111 1185 1081
f 1081 1185 1184
f 1081 1184 1082
f 1082 1184 1183
f 1082 1183 1083
f 1083 1183 1182
f 1083 1182 1084
f 1084 1182 1181
f 1084 1181 1085
f 1085 1181 1180
f 1085 1180 1086
f 1086 1180 1179
f 1086 1179 1087
f 1087 1179 1178
f 1087 1178 1088
f 1088 1178 1177
f 1088 1177 1089
f 1176 1175 407
f 407 1175 1174
f 407 1174 1173
f 1173 1172 407
f 407 1172 1171
f 407 1171 1170
f 1170 1169 407
f 971 1001 1198
f 1198 1001 1000
f 1198 1000 999
f 999 998 1198
f 1198 998 997
f 1198 997 996
f 996 995 1198
f 1198 995 994
f 1198 994 886
f 886 994 887
f 887 994 993
f 887 993 888
f 888 993 992
f 888 992 889
f 889 992 991
f 889 991 890
f 890 991 990
f 890 990 891
f 891 990 989
f 891 989 861
f 861 989 988
f 861 988 862
f 862 988 987
f 862 987 863
f 863 987 986
f 863 986 864
f 864 986 985
f 864 985 865
f 865 985 984
f 865 984 866
f 866 984 983
f 866 983 867
f 884 883 1199
f 1199 883 882
f 1199 882 881
f 881 880 1199
f 1199 880 879
f 1199 879 878
f 878 877 1199
f 877 876 1098
f 1098 876 1099
f 1099 876 875
f 1099 875 1100
f 1100 875 874
f 1100 874 1101
f 1101 874 873
f 1101 873 1102
f 1102 873 872
f 1102 872 1103
f 1103 872 871
f 1103 871 1104
f 1104 871 870
f 1097 1096 410
f 410 1096 1095
f 410 1095 1094
f 1094 1093 410
f 410 1093 1092
f 410 1092 1091
f 1091 1090 410
f 410 1090 1089
f 270 294 1199
f 1199 294 1198
f 172 495 106
f 106 495 410
f 410 495 492
f 410 492 1199
f 1199 492 270
f 270 492 271
f 1200 1201 1202
f 1202 1201 1203
f 1202 1203 1204
f 1204 1203 1205
f 1204 1205 1206
f 1206 1205 1207
f 1206 1207 1208
f 1208 1207 1209
f 1208 1209 1210
f 1210 1209 1211
f 1211 1209 1212
f 1211 1212 1213
f 1213 1212 1214
f 1213 1214 1215
f 1215 1214 1216
f 1216 1214 1217
f 1217 1214 1218
f 1218 1214 1219
f 1218 1219 1220
f 1220 1219 1221
f 1221 1219 1222
f 1222 1219 1223
f 1223 1219 1224
f 1223 1224 1225
f 1225 1224 1226
f 1225 1226 1227
f 1227 1228 1225
f 1225 1228 1229
f 1225 1229 1230
f 1225 1230 652
f 652 1230 1231
f 652 1231 1232
f 1232 1233 652
f 652 1233 1234
f 652 1234 541
f 541 1234 543
f 543 1234 1235
f 543 1235 545
f 545 1235 547
f 547 1235 1236
f 547 1236 1237
f 547 1237 549
f 549 1237 1238
f 549 1238 1239
f 1240 1241 1239
f 1239 1241 1242
f 1239 1242 549
f 1241 1240 1243
f 1243 1240 1244
f 1243 1244 1245
f 1245 1244 1200
f 1245 1200 1202
f 541 539 652
f 652 539 537
f 652 537 535
f 535 533 652
f 652 533 531
f 652 531 529
f 652 529 653
f 653 529 527
f 653 527 656
f 656 527 525
f 656 525 658
f 658 525 523
f 658 523 660
f 660 523 520
f 660 520 662
f 662 520 581
f 581 520 519
f 1246 1247 1248
f 1248 1247 1249
f 1248 1249 1250
f 1250 1249 1251
f 1250 1251 1252
f 1252 1251 1253
f 1252 1253 1254
f 1254 1253 1255
f 1255 1253 1256
f 1255 1256 1257
f 1257 1256 1258
f 1257 1258 1259
f 1257 1259 618
f 618 1259 1260
f 618 1260 1261
f 1262 624 1261
f 1261 624 622
f 1261 622 619
f 624 1262 700
f 700 1262 1263
f 700 1263 1264
f 1264 1265 700
f 700 1265 1266
f 700 1266 702
f 702 1266 1267
f 702 1267 1268
f 1268 1269 702
f 702 1269 1270
f 702 1270 1271
f 702 1271 1272
f 1272 1271 1273
f 1272 1273 1274
f 1274 1273 1275
f 1275 1273 1276
f 1276 1273 1277
f 1277 1273 1278
f 1277 1278 1279
f 1279 1278 1280
f 1280 1278 1281
f 1281 1278 1282
f 1282 1278 1283
f 1282 1283 1284
f 1284 1283 1285
f 1284 1285 1286
f 1286 1285 1287
f 1286 1287 1288
f 1288 1287 1289
f 1289 1287 1290
f 1289 1290 1291
f 1291 1290 1246
f 1291 1246 1248
f 698 636 700
f 700 636 634
f 700 634 632
f 636 698 638
f 638 698 696
f 638 696 640
f 640 696 694
f 640 694 642
f 642 694 692
f 642 692 644
f 644 692 690
f 644 690 646
f 646 690 648
f 632 630 700
f 700 630 628
f 700 628 626
f 626 624 700
f 619 618 1261
f 1292 676 1293
f 1293 676 674
f 1293 674 1294
f 1294 674 1295
f 1295 674 1296
f 1296 674 1297
f 1297 674 557
f 1297 557 1298
f 1298 557 555
f 1298 555 552
f 1292 1299 676
f 676 1299 1300
f 676 1300 1301
f 1301 1302 676
f 676 1302 1303
f 1303 1302 1304
f 1303 1304 1305
f 1305 1304 1306
f 1306 1304 1307
f 1307 1304 1308
f 1308 1304 1309
f 1308 1309 1310
f 1310 1309 1311
f 1311 1309 1312
f 1312 1309 1313
f 1313 1309 1314
f 1313 1314 1315
f 1315 1314 1316
f 1315 1316 1317
f 1317 1316 1318
f 1317 1318 1319
f 1319 1318 345
f 345 1318 341
f 343 342 1320
f 343 1320 1321
f 343 1321 1322
f 1322 1321 1323
f 1322 1323 1324
f 1324 1323 1325
f 1324 1325 1326
f 1326 1325 1327
f 1327 1325 1328
f 1327 1328 1329
f 1329 1328 1330
f 1329 1330 1331
f 1329 1331 551
f 551 1331 1332
f 551 1332 1298
f 672 569 674
f 674 569 567
f 674 567 565
f 569 672 571
f 571 672 670
f 571 670 573
f 573 670 668
f 573 668 575
f 575 668 666
f 575 666 577
f 577 666 664
f 577 664 579
f 579 664 583
f 565 563 674
f 674 563 561
f 674 561 559
f 559 557 674
f 552 551 1298
f 1333 678 1334
f 1334 678 1335
f 1334 1335 1336
f 1336 1335 1337
f 1337 1335 1338
f 1338 1335 1339
f 1339 1335 1340
f 1340 1335 1341
f 1340 1341 1342
f 1342 1341 1343
f 1342 1343 1344
f 1333 1345 678
f 678 1345 1346
f 678 1346 1347
f 678 1347 608
f 608 1347 1348
f 608 1348 610
f 610 1348 612
f 612 1348 614
f 614 1348 1349
f 614 1349 1350
f 614 1350 616
f 616 1350 1351
f 616 1351 1352
f 616 1352 1353
f 1353 1352 1354
f 1353 1354 1355
f 1355 1354 1356
f 1356 1354 1357
f 1356 1357 1358
f 1358 1357 1359
f 1358 1359 1360
f 1360 1359 1361
f 1360 1361 1362
f 1360 1362 1363
f 1363 1362 1364
f 1363 1364 1365
f 1365 1364 1366
f 1365 1366 1367
f 1367 1366 1368
f 1368 1366 1369
f 1368 1369 1370
f 1370 1369 1371
f 1370 1371 1372
f 1372 1371 1373
f 1372 1373 1374
f 1374 1373 1375
f 1375 1373 1376
f 1376 1373 1377
f 1377 1373 1342
f 1377 1342 1378
f 1378 1342 1344
f 586 651 587
f 587 651 688
f 587 688 686
f 587 686 590
f 590 686 684
f 590 684 592
f 592 684 682
f 592 682 594
f 594 682 679
f 594 679 596
f 596 679 678
f 596 678 598
f 598 678 600
f 600 678 602
f 602 678 604
f 604 678 606
f 606 678 608
f 1294 1379 1293
f 1293 1379 1380
f 1293 1380 1292
f 1292 1380 1381
f 1292 1381 1299
f 1299 1381 1382
f 1299 1382 1300
f 1300 1382 1383
f 1300 1383 1301
f 1301 1383 1384
f 1301 1384 1302
f 1302 1384 1385
f 1302 1385 1304
f 1304 1385 1386
f 1304 1386 1309
f 1309 1386 1387
f 1309 1387 1314
f 1314 1387 1388
f 1314 1388 1316
f 1316 1388 1389
f 1316 1389 1318
f 1318 1389 1390
f 1318 1390 341
f 341 1390 1391
f 341 1391 342
f 342 1391 1392
f 342 1392 1320
f 1320 1392 1393
f 1320 1393 1321
f 1321 1393 1394
f 1321 1394 1323
f 1323 1394 1395
f 1323 1395 1325
f 1325 1395 1396
f 1325 1396 1328
f 1328 1396 1397
f 1328 1397 1330
f 1330 1397 1398
f 1330 1398 1331
f 1331 1398 1399
f 1331 1399 1332
f 1332 1399 1400
f 1332 1400 1298
f 1298 1400 1401
f 1298 1401 1297
f 1297 1401 1402
f 1297 1402 1296
f 1296 1402 1403
f 1296 1403 1295
f 1295 1403 1404
f 1295 1404 1294
f 1294 1404 1379
f 1405 1406 1329
f 1329 1406 1327
f 1327 1406 1407
f 1327 1407 1326
f 1326 1407 1408
f 1326 1408 1324
f 1324 1408 1409
f 1324 1409 1322
f 1322 1409 1410
f 1322 1410 343
f 343 1410 1411
f 343 1411 344
f 344 1411 1412
f 344 1412 345
f 345 1412 1413
f 345 1413 1319
f 1319 1413 1414
f 1319 1414 1317
f 1317 1414 1415
f 1317 1415 1315
f 1315 1415 1416
f 1315 1416 1313
f 1313 1416 1417
f 1313 1417 1312
f 1312 1417 1418
f 1312 1418 1311
f 1311 1418 1419
f 1311 1419 1310
f 1310 1419 1420
f 1310 1420 1308
f 1308 1420 1421
f 1308 1421 1307
f 1307 1421 1422
f 1307 1422 1306
f 1306 1422 1423
f 1306 1423 1305
f 1305 1423 1424
f 1305 1424 1303
f 1303 1424 677
f 1303 677 676
f 553 1405 551
f 551 1405 1329
f 1336 1425 1334
f 1334 1425 1426
f 1334 1426 1333
f 1333 1426 1427
f 1333 1427 1345
f 1345 1427 1428
f 1345 1428 1346
f 1346 1428 1429
f 1346 1429 1347
f 1347 1429 1430
f 1347 1430 1348
f 1348 1430 1431
f 1348 1431 1349
f 1349 1431 1432
f 1349 1432 1350
f 1350 1432 1433
f 1350 1433 1351
f 1351 1433 1434
f 1351 1434 1352
f 1352 1434 1435
f 1352 1435 1354
f 1354 1435 1436
f 1354 1436 1357
f 1357 1436 1437
f 1357 1437 1359
f 1359 1437 1438
f 1359 1438 1361
f 1361 1438 1439
f 1361 1439 1362
f 1362 1439 1440
f 1362 1440 1364
f 1364 1440 1441
f 1364 1441 1366
f 1366 1441 1442
f 1366 1442 1369
f 1369 1442 1443
f 1369 1443 1371
f 1371 1443 1444
f 1371 1444 1373
f 1373 1444 1445
f 1373 1445 1342
f 1342 1445 1446
f 1342 1446 1340
f 1340 1446 1447
f 1340 1447 1339
f 1339 1447 1448
f 1339 1448 1338
f 1338 1448 1449
f 1338 1449 1337
f 1337 1449 1450
f 1337 1450 1336
f 1336 1450 1425
f 680 1451 678
f 678 1451 1335
f 1451 1452 1335
f 1335 1452 1341
f 1341 1452 1453
f 1341 1453 1343
f 1343 1453 1454
f 1343 1454 1344
f 1344 1454 1455
f 1344 1455 1378
f 1378 1455 1456
f 1378 1456 1377
f 1377 1456 1457
f 1377 1457 1376
f 1376 1457 1458
f 1376 1458 1375
f 1375 1458 1459
f 1375 1459 1374
f 1374 1459 1460
f 1374 1460 1372
f 1372 1460 1461
f 1372 1461 1370
f 1370 1461 1462
f 1370 1462 1368
f 1368 1462 1463
f 1368 1463 1367
f 1367 1463 1464
f 1367 1464 1365
f 1365 1464 1465
f 1365 1465 1363
f 1363 1465 1466
f 1363 1466 1360
f 1360 1466 1467
f 1360 1467 1358
f 1358 1467 1468
f 1358 1468 1356
f 1356 1468 1469
f 1356 1469 1355
f 1355 1469 1470
f 1355 1470 1353
f 1353 1470 617
f 1353 617 616
f 1200 1471 1201
f 1201 1471 1472
f 1201 1472 1203
f 1203 1472 1473
f 1203 1473 1205
f 1205 1473 1474
f 1205 1474 1207
f 1207 1474 1475
f 1207 1475 1209
f 1209 1475 1476
f 1209 1476 1212
f 1212 1476 1477
f 1212 1477 1214
f 1214 1477 1478
f 1214 1478 1219
f 1219 1478 1479
f 1219 1479 1224
f 1224 1479 1480
f 1224 1480 1226
f 1226 1480 1481
f 1226 1481 1227
f 1227 1481 1482
f 1227 1482 1228
f 1228 1482 1483
f 1228 1483 1229
f 1229 1483 1484
f 1229 1484 1230
f 1230 1484 1485
f 1230 1485 1231
f 1231 1485 1486
f 1231 1486 1232
f 1232 1486 1487
f 1232 1487 1233
f 1233 1487 1488
f 1233 1488 1234
f 1234 1488 1489
f 1234 1489 1235
f 1235 1489 1490
f 1235 1490 1236
f 1236 1490 1491
f 1236 1491 1237
f 1237 1491 1492
f 1237 1492 1238
f 1238 1492 1493
f 1238 1493 1239
f 1239 1493 1494
f 1239 1494 1240
f 1240 1494 1495
f 1240 1495 1244
f 1244 1495 1496
f 1244 1496 1200
f 1200 1496 1471
f 1497 1498 1225
f 1225 1498 1223
f 1223 1498 1499
f 1223 1499 1222
f 1222 1499 1500
f 1222 1500 1221
f 1221 1500 1501
f 1221 1501 1220
f 1220 1501 1502
f 1220 1502 1218
f 1218 1502 1503
f 1218 1503 1217
f 1217 1503 1504
f 1217 1504 1216
f 1216 1504 1505
f 1216 1505 1215
f 1215 1505 1506
f 1215 1506 1213
f 1213 1506 1507
f 1213 1507 1211
f 1211 1507 1508
f 1211 1508 1210
f 1210 1508 1509
f 1210 1509 1208
f 1208 1509 1510
f 1208 1510 1206
f 1206 1510 1511
f 1206 1511 1204
f 1204 1511 1202
f 1202 1511 1512
f 1202 1512 1245
f 1245 1512 1513
f 1245 1513 1514
f 1245 1514 1243
f 1243 1514 1515
f 1243 1515 1241
f 1241 1515 1516
f 1241 1516 1242
f 1242 1516 550
f 1242 550 549
f 654 1497 652
f 652 1497 1225
f 1246 1517 1247
f 1247 1517 1518
f 1247 1518 1249
f 1249 1518 1519
f 1249 1519 1251
f 1251 1519 1520
f 1251 1520 1253
f 1253 1520 1521
f 1253 1521 1256
f 1256 1521 1522
f 1256 1522 1258
f 1258 1522 1523
f 1258 1523 1259
f 1259 1523 1524
f 1259 1524 1260
f 1260 1524 1525
f 1260 1525 1261
f 1261 1525 1526
f 1261 1526 1262
f 1262 1526 1527
f 1262 1527 1263
f 1263 1527 1528
f 1263 1528 1264
f 1264 1528 1529
f 1264 1529 1265
f 1265 1529 1530
f 1265 1530 1266
f 1266 1530 1531
f 1266 1531 1267
f 1267 1531 1532
f 1267 1532 1268
f 1268 1532 1533
f 1268 1533 1269
f 1269 1533 1534
f 1269 1534 1270
f 1270 1534 1535
f 1270 1535 1271
f 1271 1535 1536
f 1271 1536 1273
f 1273 1536 1537
f 1273 1537 1278
f 1278 1537 1538
f 1278 1538 1283
f 1283 1538 1539
f 1283 1539 1285
f 1285 1539 1540
f 1285 1540 1287
f 1287 1540 1541
f 1287 1541 1290
f 1290 1541 1542
f 1290 1542 1246
f 1246 1542 1517
f 1543 1544 1257
f 1257 1544 1255
f 1255 1544 1545
f 1255 1545 1254
f 1254 1545 1546
f 1254 1546 1252
f 1252 1546 1547
f 1252 1547 1250
f 1250 1547 1248
f 1248 1547 1548
f 1248 1548 1291
f 1291 1548 1549
f 1291 1549 1550
f 1291 1550 1289
f 1289 1550 1551
f 1289 1551 1288
f 1288 1551 1552
f 1288 1552 1286
f 1286 1552 1553
f 1286 1553 1284
f 1284 1553 1554
f 1284 1554 1282
f 1282 1554 1555
f 1282 1555 1281
f 1281 1555 1556
f 1281 1556 1280
f 1280 1556 1557
f 1280 1557 1279
f 1279 1557 1558
f 1279 1558 1277
f 1277 1558 1559
f 1277 1559 1276
f 1276 1559 1560
f 1276 1560 1275
f 1275 1560 1561
f 1275 1561 1274
f 1274 1561 1562
f 1274 1562 1272
f 1272 1562 703
f 1272 703 702
f 620 1543 618
f 618 1543 1257
f 1379 675 1380
f 1380 675 677
f 1380 677 1381
f 1381 677 1382
f 1382 677 1383
f 1383 677 1384
f 1384 677 1424
f 1384 1424 1385
f 1385 1424 1423
f 1385 1423 1386
f 1386 1423 1422
f 1386 1422 1421
f 1379 1404 675
f 675 1404 1403
f 675 1403 1402
f 1401 558 1402
f 1402 558 560
f 1402 560 675
f 675 560 562
f 675 562 564
f 1400 554 1401
f 1401 554 556
f 1401 556 558
f 554 1400 553
f 553 1400 1399
f 553 1399 1405
f 1405 1399 1398
f 1405 1398 1397
f 1405 1397 1406
f 1406 1397 1396
f 1406 1396 1407
f 1407 1396 1395
f 1407 1395 1408
f 1408 1395 1394
f 1408 1394 1409
f 1409 1394 1393
f 1409 1393 1410
f 1410 1393 1411
f 1411 1393 1392
f 1411 1392 1412
f 1412 1392 1391
f 1412 1391 1413
f 1413 1391 1390
f 1413 1390 1414
f 1414 1390 1389
f 1414 1389 1415
f 1415 1389 1416
f 1416 1389 1388
f 1416 1388 1417
f 1417 1388 1387
f 1417 1387 1418
f 1418 1387 1419
f 1419 1387 1420
f 1420 1387 1386
f 1420 1386 1421
f 1425 1451 1426
f 1426 1451 680
f 1426 680 1427
f 1427 680 1428
f 1428 680 1429
f 1429 680 1430
f 1430 680 607
f 1430 607 609
f 1425 1450 1451
f 1451 1450 1449
f 1451 1449 1448
f 1451 1448 1452
f 1452 1448 1447
f 1452 1447 1453
f 1453 1447 1446
f 1453 1446 1454
f 1454 1446 1455
f 1455 1446 1456
f 1456 1446 1445
f 1456 1445 1457
f 1457 1445 1458
f 1458 1445 1459
f 1459 1445 1444
f 1459 1444 1460
f 1460 1444 1443
f 1460 1443 1461
f 1461 1443 1462
f 1462 1443 1442
f 1462 1442 1463
f 1463 1442 1441
f 1463 1441 1464
f 1464 1441 1440
f 1464 1440 1465
f 1465 1440 1439
f 1465 1439 1466
f 1466 1439 1467
f 1467 1439 1438
f 1467 1438 1468
f 1468 1438 1437
f 1468 1437 1469
f 1469 1437 1436
f 1469 1436 1470
f 1470 1436 1435
f 1470 1435 617
f 617 1435 1434
f 617 1434 1433
f 617 1433 615
f 615 1433 1432
f 615 1432 613
f 613 1432 1431
f 613 1431 611
f 611 1431 609
f 609 1431 1430
f 1471 1513 1472
f 1472 1513 1512
f 1472 1512 1511
f 1513 1471 1514
f 1514 1471 1496
f 1514 1496 1515
f 1515 1496 1495
f 1515 1495 1516
f 1516 1495 1494
f 1516 1494 550
f 550 1494 1493
f 550 1493 1492
f 550 1492 548
f 548 1492 1491
f 548 1491 546
f 546 1491 1490
f 546 1490 544
f 544 1490 542
f 542 1490 1489
f 542 1489 540
f 540 1489 654
f 540 654 538
f 538 654 536
f 536 654 534
f 534 654 532
f 532 654 530
f 530 654 655
f 530 655 528
f 528 655 724
f 528 724 723
f 1489 1488 654
f 654 1488 1487
f 654 1487 1486
f 1486 1485 654
f 654 1485 1497
f 1497 1485 1484
f 1497 1484 1483
f 1483 1482 1497
f 1497 1482 1481
f 1497 1481 1498
f 1498 1481 1480
f 1498 1480 1499
f 1499 1480 1479
f 1499 1479 1500
f 1500 1479 1501
f 1501 1479 1502
f 1502 1479 1478
f 1502 1478 1503
f 1503 1478 1504
f 1504 1478 1505
f 1505 1478 1477
f 1505 1477 1506
f 1506 1477 1476
f 1506 1476 1507
f 1507 1476 1508
f 1508 1476 1475
f 1508 1475 1509
f 1509 1475 1474
f 1509 1474 1510
f 1510 1474 1473
f 1510 1473 1511
f 1511 1473 1472
f 1517 1549 1518
f 1518 1549 1548
f 1518 1548 1547
f 1549 1517 1550
f 1550 1517 1542
f 1550 1542 1551
f 1551 1542 1541
f 1551 1541 1552
f 1552 1541 1540
f 1552 1540 1553
f 1553 1540 1554
f 1554 1540 1539
f 1554 1539 1555
f 1555 1539 1538
f 1555 1538 1556
f 1556 1538 1557
f 1557 1538 1558
f 1558 1538 1537
f 1558 1537 1559
f 1559 1537 1560
f 1560 1537 1561
f 1561 1537 1536
f 1561 1536 1562
f 1562 1536 1535
f 1562 1535 703
f 703 1535 1534
f 703 1534 1533
f 1533 1532 703
f 703 1532 1531
f 703 1531 701
f 701 1531 1530
f 701 1530 1529
f 1529 1528 701
f 701 1528 1527
f 701 1527 627
f 627 1527 625
f 625 1527 1526
f 625 1526 623
f 623 1526 621
f 621 1526 1525
f 621 1525 620
f 620 1525 1524
f 620 1524 1543
f 1543 1524 1523
f 1543 1523 1522
f 1543 1522 1544
f 1544 1522 1521
f 1544 1521 1545
f 1545 1521 1520
f 1545 1520 1546
f 1546 1520 1519
f 1546 1519 1547
f 1547 1519 1518
f 718 649 716
f 716 649 691
f 716 691 693
f 733 661 718
f 718 661 663
f 718 663 584
f 733 731 661
f 661 731 659
f 659 731 722
f 659 722 657
f 657 722 721
f 657 721 655
f 655 721 724
f 528 723 526
f 526 723 725
f 526 725 524
f 524 725 726
f 524 726 522
f 522 726 727
f 522 727 521
f 521 727 582
f 582 727 728
f 582 728 706
f 706 728 740
f 706 740 741
f 729 738 728
f 728 738 739
f 728 739 740
f 734 735 729
f 729 735 736
f 729 736 737
f 737 738 729
f 741 742 706
f 706 742 743
f 706 743 744
f 706 744 705
f 705 744 745
f 705 745 746
f 746 747 705
f 705 747 704
f 704 747 748
f 704 748 749
f 704 749 752
f 752 749 750
f 752 750 751
f 585 650 584
f 584 650 649
f 584 649 718
f 665 489 585
f 585 489 357
f 585 357 650
f 650 357 689
f 689 357 687
f 687 357 356
f 687 356 358
f 665 667 489
f 489 667 487
f 487 667 669
f 487 669 486
f 486 669 671
f 486 671 485
f 485 671 673
f 485 673 572
f 572 673 570
f 570 673 675
f 570 675 568
f 568 675 566
f 566 675 564
f 485 572 484
f 484 572 574
f 484 574 483
f 483 574 482
f 482 574 576
f 482 576 481
f 481 576 578
f 481 578 480
f 480 578 580
f 480 580 443
f 443 444 480
f 480 444 479
f 479 444 470
f 479 470 472
f 446 466 444
f 444 466 467
f 444 467 468
f 448 460 446
f 446 460 462
f 446 462 464
f 450 456 448
f 448 456 458
f 448 458 460
f 452 454 450
f 450 454 456
f 464 466 446
f 468 469 444
f 444 469 470
f 472 473 479
f 479 473 474
f 479 474 478
f 478 474 475
f 478 475 476
f 476 477 478
f 687 358 685
f 685 358 359
f 685 359 683
f 683 359 360
f 683 360 681
f 681 360 361
f 681 361 595
f 595 361 362
f 595 362 593
f 593 362 363
f 593 363 591
f 591 363 364
f 591 364 589
f 589 364 365
f 589 365 588
f 588 365 392
f 392 365 366
f 392 366 390
f 390 366 374
f 390 374 375
f 367 372 366
f 366 372 373
f 366 373 374
f 368 369 367
f 367 369 370
f 367 370 371
f 371 372 367
f 375 376 390
f 390 376 377
f 390 377 378
f 390 378 389
f 389 378 379
f 389 379 380
f 380 381 389
f 389 381 387
f 387 381 382
f 387 382 383
f 387 383 386
f 386 383 384
f 386 384 385
f 595 597 681
f 681 597 680
f 680 597 599
f 680 599 601
f 601 603 680
f 680 603 605
f 680 605 607
f 716 693 715
f 715 693 695
f 715 695 714
f 714 695 697
f 714 697 713
f 713 697 699
f 713 699 639
f 639 699 637
f 637 699 701
f 637 701 635
f 635 701 633
f 633 701 631
f 631 701 629
f 629 701 627
f 713 639 712
f 712 639 641
f 712 641 711
f 711 641 710
f 710 641 643
f 710 643 709
f 709 643 645
f 709 645 708
f 708 645 647
f 708 647 418
f 418 419 708
f 708 419 707
f 707 419 434
f 707 434 435
f 420 430 419
f 419 430 431
f 419 431 432
f 421 427 420
f 420 427 428
f 420 428 429
f 422 425 421
f 421 425 426
f 421 426 427
f 423 424 422
f 422 424 425
f 429 430 420
f 432 433 419
f 419 433 434
f 435 436 707
f 707 436 437
f 707 437 441
f 441 437 438
f 441 438 439
f 439 440 441
f 53 1563 51
f 51 1563 1564
f 51 1564 49
f 49 1564 1565
f 49 1565 65
f 65 1565 269
f 65 269 67
f 67 269 268
f 67 268 69
f 69 268 267
f 69 267 71
f 71 267 263
f 71 263 72
f 72 263 262
f 72 262 70
f 70 262 1566
f 70 1566 68
f 68 1566 261
f 68 261 66
f 66 261 259
f 66 259 64
f 64 259 258
f 64 258 50
f 50 258 256
f 50 256 52
f 52 256 255
f 52 255 54
f 54 255 253
f 54 253 56
f 1566 262 266
f 266 471 260
f 260 261 1566
f 1566 266 260
f 56 340 58
f 58 340 1567
f 58 1567 60
f 60 1567 1568
f 60 1568 62
f 62 1568 1569
f 62 1569 63
f 63 1569 1570
f 63 1570 61
f 61 1570 1571
f 61 1571 59
f 59 1571 1572
f 59 1572 57
f 57 1572 1573
f 57 1573 55
f 55 1573 1574
f 55 1574 53
f 53 1574 1563
f 29 213 27
f 27 213 215
f 27 215 25
f 25 215 217
f 25 217 41
f 41 217 220
f 41 220 43
f 43 220 222
f 43 222 45
f 45 222 225
f 45 225 47
f 47 225 227
f 47 227 48
f 48 227 230
f 48 230 46
f 46 230 232
f 46 232 44
f 44 232 235
f 44 235 42
f 42 235 238
f 42 238 40
f 40 238 247
f 40 247 26
f 26 247 246
f 26 246 28
f 28 246 245
f 28 245 30
f 30 245 191
f 30 191 32
f 32 191 190
f 32 190 34
f 34 190 193
f 34 193 36
f 36 193 196
f 36 196 38
f 38 196 198
f 38 198 39
f 39 198 200
f 39 200 37
f 37 200 203
f 37 203 35
f 35 203 205
f 35 205 33
f 33 205 208
f 33 208 31
f 31 208 210
f 31 210 29
f 29 210 213
f 5 157 3
f 3 157 158
f 3 158 1
f 1 158 159
f 1 159 17
f 17 159 160
f 17 160 19
f 19 160 112
f 19 112 21
f 21 112 111
f 21 111 23
f 23 111 114
f 23 114 24
f 24 114 117
f 24 117 22
f 22 117 122
f 22 122 20
f 20 122 126
f 20 126 18
f 18 126 128
f 18 128 16
f 16 128 130
f 16 130 2
f 2 130 132
f 2 132 4
f 4 132 134
f 4 134 6
f 6 134 136
f 6 136 8
f 8 136 138
f 8 138 10
f 10 138 139
f 10 139 12
f 12 139 142
f 12 142 14
f 14 142 144
f 14 144 15
f 15 144 147
f 15 147 13
f 13 147 151
f 13 151 11
f 11 151 153
f 11 153 9
f 9 153 155
f 9 155 7
f 7 155 156
f 7 156 5
f 5 156 157
f 77 311 75
f 75 311 310
f 75 310 73
f 73 310 248
f 73 248 89
f 89 248 251
f 89 251 91
f 91 251 272
f 91 272 93
f 93 272 280
f 93 280 95
f 95 280 282
f 95 282 96
f 96 282 284
f 96 284 94
f 94 284 286
f 94 286 92
f 92 286 290
f 92 290 90
f 90 290 293
f 90 293 88
f 88 293 297
f 88 297 74
f 74 297 312
f 74 312 76
f 76 312 313
f 76 313 78
f 78 313 316
f 78 316 80
f 80 316 317
f 80 317 82
f 82 317 319
f 82 319 84
f 84 319 320
f 84 320 86
f 86 320 323
f 86 323 87
f 87 323 322
f 87 322 85
f 85 322 321
f 85 321 83
f 83 321 318
f 83 318 81
f 81 318 315
f 81 315 79
f 79 315 314
f 79 314 77
f 77 314 311
f 185 186 757
f 757 186 407
f 757 407 1198
f 757 1198 1575
f 1575 1198 294
f 1575 294 292
f 291 756 292
f 292 756 1575
f 756 755 1575
f 1575 755 757
f 1108 867 983
f 1108 983 1188
f 1576 1577 1578
f 1579 1577 1576
f 1580 1577 1579
f 1577 1580 1581
f 1582 1583 1584
f 1585 1586 1587
f 1588 1587 1586
f 1585 1589 1586
f 1586 1583 1588
f 1582 1588 1583
f 1584 1590 1582
f 1581 1582 1590
f 1580 1582 1581
f 1591 1592 1593
f 1592 1591 1594
f 1595 1594 1591
f 1594 1595 1596
f 1597 1596 1595
f 1596 1597 1598
f 1599 1598 1597
f 1598 1599 1600
f 1601 1600 1599
f 1602 1600 1601
f 1600 1602 1603
f 1604 1603 1602
f 1603 1604 1605
f 1606 1605 1604
f 1605 1606 1607
f 1608 1607 1606
f 1607 1608 1609
f 1610 1609 1608
f 1611 1612 1613
f 1613 1612 1614
f 1615 1616 1617
f 1617 1616 1618
f 1619 1620 1621
f 1622 1623 1624
f 1625 1626 1627
f 1627 1628 1625
f 1620 1628 1621
f 1628 1620 1625
f 1629 1622 1630
f 1624 1630 1622
f 1621 1611 1619
f 1613 1619 1611
f 1618 1623 1617
f 1623 1618 1624
f 1612 1631 1614
f 1614 1631 1632
f 1633 1632 1631
f 1632 1633 1634
f 1593 1634 1633
f 1592 1634 1593
f 1610 1635 1609
f 1636 1635 1610
f 1635 1636 1637
f 1638 1637 1636
f 1637 1638 1615
f 1615 1638 1616
f 1639 1640 1641
f 1639 1642 1640
f 1643 1644 1645
f 1646 1647 1648
f 1643 1649 1644
f 1650 1644 1649
f 1642 1648 1640
f 1648 1642 1646
f 1651 1652 1653
f 1654 1652 1651
f 1655 1656 1657
f 1658 1656 1655
f 1645 1653 1643
f 1653 1645 1651
f 1655 1647 1658
f 1646 1658 1647
f 1659 1660 1661
f 1662 1661 1660
f 1661 1662 1663
f 1664 1663 1662
f 1663 1664 1665
f 1666 1665 1664
f 1665 1666 1667
f 1668 1667 1666
f 1667 1668 1669
f 1669 1668 1670
f 1671 1670 1668
f 1670 1671 1672
f 1673 1672 1671
f 1672 1673 1674
f 1675 1674 1673
f 1674 1675 1676
f 1677 1676 1675
f 1676 1677 1678
f 1654 1679 1652
f 1680 1679 1654
f 1679 1680 1681
f 1682 1681 1680
f 1681 1682 1659
f 1659 1682 1660
f 1677 1683 1678
f 1678 1683 1684
f 1685 1684 1683
f 1684 1685 1686
f 1657 1686 1685
f 1656 1686 1657
f 1649 1627 1650
f 1626 1650 1627
f 1641 1629 1639
f 1630 1639 1629
f 1687 1688 1689
f 1688 1687 1690
f 1691 1690 1687
f 1690 1691 1692
f 1693 1692 1691
f 1692 1693 1694
f 1695 1694 1693
f 1696 1694 1695
f 1694 1696 1697
f 1698 1697 1696
f 1697 1698 1699
f 1700 1699 1698
f 1699 1700 1701
f 1702 1701 1700
f 1701 1702 1703
f 1704 1703 1702
f 1703 1704 1705
f 1706 1705 1704
f 1707 1708 1709
f 1709 1708 1710
f 1711 1712 1713
f 1713 1712 1714
f 1715 1716 1717
f 1718 1719 1720
f 1721 1722 1723
f 1724 1725 1726
f 1727 1726 1725
f 1716 1722 1717
f 1722 1716 1723
f 1725 1718 1727
f 1720 1727 1718
f 1717 1707 1715
f 1709 1715 1707
f 1714 1719 1713
f 1719 1714 1720
f 1708 1728 1710
f 1710 1728 1729
f 1730 1729 1728
f 1729 1730 1731
f 1689 1731 1730
f 1688 1731 1689
f 1706 1732 1705
f 1733 1732 1706
f 1732 1733 1734
f 1735 1734 1733
f 1734 1735 1711
f 1711 1735 1712
f 1736 1737 1738
f 1739 1740 1741
f 1742 1743 1744
f 1738 1745 1736
f 1745 1738 1746
f 1740 1743 1741
f 1743 1740 1744
f 1747 1748 1749
f 1748 1747 1750
f 1751 1752 1753
f 1754 1753 1752
f 1746 1755 1745
f 1756 1755 1746
f 1755 1756 1749
f 1749 1756 1747
f 1752 1742 1754
f 1754 1742 1757
f 1744 1757 1742
f 1758 1759 1760
f 1761 1760 1759
f 1762 1763 1764
f 1765 1766 1767
f 1762 1768 1763
f 1766 1769 1767
f 1770 1767 1769
f 1771 1772 1773
f 1774 1772 1771
f 1772 1774 1775
f 1776 1775 1774
f 1775 1776 1777
f 1777 1776 1762
f 1762 1776 1768
f 1769 1778 1770
f 1770 1778 1779
f 1758 1779 1778
f 1760 1779 1758
f 1750 1780 1748
f 1781 1780 1750
f 1780 1781 1782
f 1782 1781 1773
f 1773 1781 1771
f 1759 1783 1761
f 1761 1783 1784
f 1751 1784 1783
f 1753 1784 1751
f 1736 1721 1737
f 1723 1737 1721
f 1741 1724 1739
f 1726 1739 1724
f 1785 1786 1787
f 1788 1787 1786
f 1789 1790 1791
f 1792 1791 1793
f 1791 1792 1789
f 1788 1793 1787
f 1793 1788 1792
f 1792 1788 1794
f 1795 1794 1788
f 1796 1794 1795
f 1797 1798 1799
f 1800 1801 1802
f 1802 1801 1803
f 1804 1803 1801
f 1789 1805 1790
f 1806 1807 1808
f 1809 1810 1811
f 1812 1811 1810
f 1813 1811 1812
f 1814 1815 1816
f 1815 1817 1816
f 1817 1815 1818
f 1819 1820 1821
f 1822 1821 1820
f 1823 1824 1825
f 1825 1824 1819
f 1817 1819 1824
f 1818 1819 1817
f 1819 1818 1820
f 1816 1826 1814
f 1807 1803 1808
f 1808 1803 1827
f 1804 1827 1803
f 1827 1804 1828
f 1829 1828 1804
f 1828 1829 1826
f 1790 1826 1829
f 1805 1826 1790
f 1826 1805 1814
f 1814 1805 1830
f 1831 1830 1805
f 1830 1831 1809
f 1832 1809 1831
f 1809 1832 1810
f 1799 1810 1832
f 1798 1810 1799
f 1833 1834 1835
f 1833 1836 1834
f 1837 1838 1839
f 1840 1841 1842
f 1843 1842 1841
f 1834 1838 1835
f 1844 1838 1834
f 1838 1844 1839
f 1841 1845 1843
f 1836 1843 1845
f 1833 1843 1836
f 1846 1847 1848
f 1847 1846 1849
f 1849 1850 1847
f 1850 1849 1851
f 1852 1853 1854
f 1854 1853 1855
f 1856 1855 1853
f 1857 1855 1856
f 1839 1848 1837
f 1848 1839 1846
f 1856 1840 1857
f 1842 1857 1840
f 1858 1859 1860
f 1861 1862 1863
f 1864 1863 1862
f 1863 1864 1865
f 1866 1865 1864
f 1865 1866 1867
f 1868 1867 1866
f 1867 1868 1869
f 1870 1869 1868
f 1869 1870 1871
f 1872 1871 1870
f 1871 1872 1858
f 1858 1872 1859
f 1859 1873 1860
f 1860 1873 1874
f 1875 1874 1873
f 1874 1875 1876
f 1877 1876 1875
f 1876 1877 1878
f 1879 1878 1877
f 1878 1879 1880
f 1881 1880 1879
f 1880 1881 1882
f 1851 1883 1850
f 1884 1883 1851
f 1883 1884 1861
f 1861 1884 1862
f 1881 1885 1882
f 1882 1885 1886
f 1852 1886 1885
f 1854 1886 1852
f 1887 1888 1889
f 1890 1889 1888
f 1889 1890 1891
f 1892 1893 1894
f 1894 1893 1895
f 1896 1895 1893
f 1892 1889 1893
f 1891 1893 1889
f 1897 1898 1899
f 1899 1898 1900
f 1901 1900 1898
f 1902 1903 1904
f 1905 1904 1903
f 1900 1905 1899
f 1905 1900 1904
f 1901 1906 1900
f 1907 1908 1909
f 1907 1910 1911
f 1909 1910 1907
f 1912 1913 1914
f 1915 1914 1913
f 1908 1902 1909
f 1904 1909 1902
f 1913 1916 1915
f 1906 1915 1916
f 1901 1915 1906
f 1917 1918 1919
f 1920 1921 1922
f 1923 1921 1920
f 1924 1925 1918
f 1911 1918 1925
f 1910 1918 1911
f 1926 1918 1910
f 1918 1926 1919
f 1920 1927 1923
f 1923 1927 1928
f 1912 1928 1927
f 1914 1928 1912
f 1929 1930 1931
f 1932 1933 1934
f 1934 1933 1935
f 1935 1933 1936
f 1936 1933 1937
f 1937 1933 1938
f 1938 1933 1939
f 1939 1933 1940
f 1940 1933 1941
f 1941 1933 1942
f 1942 1933 1943
f 1943 1933 1944
f 1933 1945 1944
f 1944 1945 1946
f 1946 1945 1947
f 1947 1945 1948
f 1948 1945 1949
f 1949 1945 1950
f 1930 1950 1945
f 1929 1950 1930
f 1951 1952 1953
f 1930 1954 1931
f 1931 1954 1955
f 1955 1954 1956
f 1957 1956 1954
f 1956 1957 1958
f 1958 1957 1959
f 1960 1959 1957
f 1959 1960 1961
f 1924 1961 1960
f 1918 1961 1924
f 1917 1962 1918
f 1962 1917 1963
f 1964 1963 1917
f 1963 1964 1965
f 1965 1964 1966
f 1967 1966 1964
f 1966 1967 1968
f 1969 1968 1967
f 1968 1969 1970
f 1970 1969 1971
f 1972 1971 1969
f 1971 1972 1973
f 1973 1972 1974
f 1975 1974 1972
f 1974 1975 1976
f 1977 1976 1975
f 1976 1977 1978
f 1978 1977 1951
f 1951 1977 1952
f 1952 1979 1953
f 1953 1979 1980
f 1981 1980 1979
f 1980 1981 1982
f 1983 1982 1981
f 1982 1983 1984
f 1985 1984 1983
f 1984 1985 1986
f 1987 1986 1985
f 1986 1987 1988
f 1989 1988 1987
f 1988 1989 1990
f 1922 1990 1989
f 1921 1990 1922
f 1991 1992 1993
f 1994 1995 1996
f 1995 1994 1997
f 1997 1994 1998
f 1999 1998 1994
f 1998 1999 2000
f 2000 1999 2001
f 2002 2001 1999
f 2001 2002 2003
f 2003 2002 2004
f 1993 2004 2002
f 2004 1993 2005
f 1992 2005 1993
f 1991 2006 1992
f 2007 2008 2009
f 2010 2011 2012
f 2012 2011 2013
f 2014 2013 2011
f 2011 2009 2014
f 2008 2014 2009
f 2009 2015 2007
f 2007 2015 2016
f 2016 2015 2017
f 2018 2017 2015
f 2019 2017 2018
f 2018 2020 2019
f 2019 2020 2021
f 2021 2020 2022
f 2023 2022 2020
f 2022 2023 2024
f 2024 2023 2025
f 2026 2025 2023
f 2025 2026 2027
f 2027 2026 2028
f 1996 2028 2026
f 2028 1996 2029
f 1995 2029 1996
f 2030 2031 2032
f 2033 2034 2035
f 2034 2033 2036
f 2034 2030 2035
f 2032 2035 2030
f 2037 2038 2039
f 2040 2038 2037
f 2041 2038 2040
f 2036 2039 2034
f 2042 2039 2036
f 2039 2042 2037
f 2043 2044 2045
f 2046 2045 2044
f 2047 2048 2049
f 2048 2047 2050
f 2051 2050 2047
f 2052 2050 2051
f 2050 2052 2053
f 2054 2053 2052
f 2055 2053 2054
f 2053 2055 2056
f 2057 2056 2055
f 2058 2056 2057
f 2056 2058 2043
f 2059 2043 2058
f 2043 2059 2044
f 2041 2060 2038
f 2061 2060 2041
f 2062 2060 2061
f 2060 2062 2063
f 2064 2063 2062
f 2065 2063 2064
f 2063 2065 2066
f 2067 2066 2065
f 2066 2067 2048
f 2048 2067 2049
f 2030 2010 2031
f 2031 2010 2068
f 2012 2068 2010
f 2069 2070 2071
f 2072 2073 2074
f 2073 2072 2075
f 2075 2072 2076
f 2077 2076 2072
f 2076 2077 2078
f 2078 2077 2079
f 2080 2079 2077
f 2079 2080 2081
f 2081 2080 2082
f 2071 2082 2080
f 2082 2071 2083
f 2070 2083 2071
f 2069 2084 2070
f 2085 2086 2087
f 2088 2089 2090
f 2090 2089 2091
f 2092 2091 2089
f 2089 2087 2092
f 2086 2092 2087
f 2087 2093 2085
f 2085 2093 2094
f 2094 2093 2095
f 2096 2095 2093
f 2097 2095 2096
f 2096 2098 2097
f 2097 2098 2099
f 2099 2098 2100
f 2101 2100 2098
f 2100 2101 2102
f 2102 2101 2103
f 2104 2103 2101
f 2103 2104 2105
f 2105 2104 2106
f 2074 2106 2104
f 2106 2074 2107
f 2073 2107 2074
f 2108 2109 2110
f 2111 2112 2113
f 2112 2111 2114
f 2112 2108 2113
f 2110 2113 2108
f 2115 2116 2117
f 2118 2116 2115
f 2119 2116 2118
f 2114 2117 2112
f 2120 2117 2114
f 2117 2120 2115
f 2121 2122 2123
f 2124 2123 2122
f 2125 2126 2127
f 2126 2125 2128
f 2129 2128 2125
f 2130 2128 2129
f 2128 2130 2131
f 2132 2131 2130
f 2133 2131 2132
f 2131 2133 2134
f 2135 2134 2133
f 2136 2134 2135
f 2134 2136 2121
f 2137 2121 2136
f 2121 2137 2122
f 2119 2138 2116
f 2139 2138 2119
f 2140 2138 2139
f 2138 2140 2141
f 2142 2141 2140
f 2143 2141 2142
f 2141 2143 2144
f 2145 2144 2143
f 2144 2145 2126
f 2126 2145 2127
f 2108 2088 2109
f 2109 2088 2146
f 2090 2146 2088
f 2147 2148 2149
f 2150 2147 2149
f 2151 2150 2149
f 2149 2152 2151
f 2153 2154 2155
f 2156 2157 2158
f 2159 2158 2157
f 2156 2158 2160
f 2158 2159 2155
f 2153 2155 2159
f 2154 2153 2161
f 2152 2161 2153
f 2151 2152 2153
f 2162 2163 2164
f 2164 2165 2162
f 2166 2162 2165
f 2165 2167 2166
f 2168 2166 2167
f 2167 2169 2168
f 2170 2168 2169
f 2169 2171 2170
f 2172 2170 2171
f 2173 2172 2171
f 2171 2174 2173
f 2175 2173 2174
f 2174 2176 2175
f 2177 2175 2176
f 2176 2178 2177
f 2179 2177 2178
f 2178 2180 2179
f 2181 2179 2180
f 2182 2183 2184
f 2183 2185 2184
f 2186 2187 2188
f 2187 2189 2188
f 2190 2191 2192
f 2193 2194 2195
f 2196 2197 2198
f 2197 2196 2199
f 2192 2191 2199
f 2199 2196 2192
f 2200 2201 2193
f 2194 2193 2201
f 2191 2190 2182
f 2183 2182 2190
f 2189 2187 2195
f 2195 2194 2189
f 2184 2185 2202
f 2185 2203 2202
f 2204 2202 2203
f 2203 2205 2204
f 2163 2204 2205
f 2164 2163 2205
f 2181 2180 2206
f 2207 2181 2206
f 2206 2208 2207
f 2209 2207 2208
f 2208 2186 2209
f 2186 2188 2209
f 2210 2211 2212
f 2210 2212 2213
f 2214 2215 2216
f 2217 2218 2219
f 2214 2216 2220
f 2221 2220 2216
f 2213 2212 2218
f 2218 2217 2213
f 2222 2223 2224
f 2225 2222 2224
f 2226 2227 2228
f 2229 2226 2228
f 2215 2214 2223
f 2223 2222 2215
f 2226 2229 2219
f 2217 2219 2229
f 2230 2231 2232
f 2233 2232 2231
f 2231 2234 2233
f 2235 2233 2234
f 2234 2236 2235
f 2237 2235 2236
f 2236 2238 2237
f 2239 2237 2238
f 2238 2240 2239
f 2240 2241 2239
f 2242 2239 2241
f 2241 2243 2242
f 2244 2242 2243
f 2243 2245 2244
f 2246 2244 2245
f 2245 2247 2246
f 2248 2246 2247
f 2247 2249 2248
f 2225 2224 2250
f 2251 2225 2250
f 2250 2252 2251
f 2253 2251 2252
f 2252 2230 2253
f 2230 2232 2253
f 2248 2249 2254
f 2249 2255 2254
f 2256 2254 2255
f 2255 2257 2256
f 2227 2256 2257
f 2228 2227 2257
f 2220 2221 2197
f 2198 2197 2221
f 2211 2210 2200
f 2201 2200 2210
f 2258 2259 2260
f 2260 2261 2258
f 2262 2258 2261
f 2261 2263 2262
f 2264 2262 2263
f 2263 2265 2264
f 2266 2264 2265
f 2267 2266 2265
f 2265 2268 2267
f 2269 2267 2268
f 2268 2270 2269
f 2271 2269 2270
f 2270 2272 2271
f 2273 2271 2272
f 2272 2274 2273
f 2275 2273 2274
f 2274 2276 2275
f 2277 2275 2276
f 2278 2279 2280
f 2279 2281 2280
f 2282 2283 2284
f 2283 2285 2284
f 2286 2287 2288
f 2289 2290 2291
f 2292 2293 2294
f 2295 2296 2297
f 2298 2297 2296
f 2288 2287 2294
f 2294 2293 2288
f 2297 2298 2289
f 2290 2289 2298
f 2287 2286 2278
f 2279 2278 2286
f 2285 2283 2291
f 2291 2290 2285
f 2280 2281 2299
f 2281 2300 2299
f 2301 2299 2300
f 2300 2302 2301
f 2259 2301 2302
f 2260 2259 2302
f 2277 2276 2303
f 2304 2277 2303
f 2303 2305 2304
f 2306 2304 2305
f 2305 2282 2306
f 2282 2284 2306
f 2307 2308 2309
f 2310 2311 2312
f 2313 2314 2315
f 2308 2307 2316
f 2316 2317 2308
f 2312 2311 2315
f 2315 2314 2312
f 2318 2319 2320
f 2320 2321 2318
f 2322 2323 2324
f 2325 2324 2323
f 2317 2316 2326
f 2327 2317 2326
f 2326 2319 2327
f 2319 2318 2327
f 2324 2325 2313
f 2325 2328 2313
f 2314 2313 2328
f 2329 2330 2331
f 2332 2331 2330
f 2333 2334 2335
f 2336 2337 2338
f 2333 2335 2339
f 2338 2337 2340
f 2341 2340 2337
f 2342 2343 2344
f 2345 2342 2344
f 2344 2346 2345
f 2347 2345 2346
f 2346 2348 2347
f 2348 2333 2347
f 2333 2339 2347
f 2340 2341 2349
f 2341 2350 2349
f 2329 2349 2350
f 2330 2329 2350
f 2321 2320 2351
f 2352 2321 2351
f 2351 2353 2352
f 2353 2343 2352
f 2343 2342 2352
f 2331 2332 2354
f 2332 2355 2354
f 2322 2354 2355
f 2323 2322 2355
f 2307 2309 2292
f 2293 2292 2309
f 2311 2310 2295
f 2296 2295 2310
f 2356 2357 2358
f 2359 2358 2357
f 2360 2361 2362
f 2363 2364 2361
f 2361 2360 2363
f 2359 2357 2364
f 2364 2363 2359
f 2363 2365 2359
f 2366 2359 2365
f 2367 2366 2365
f 2368 2369 2370
f 2371 2372 2373
f 2372 2374 2373
f 2375 2373 2374
f 2360 2362 2376
f 2377 2378 2379
f 2380 2381 2382
f 2383 2382 2381
f 2384 2383 2381
f 2385 2386 2387
f 2387 2386 2388
f 2388 2389 2387
f 2390 2391 2392
f 2393 2392 2391
f 2394 2395 2396
f 2395 2390 2396
f 2388 2396 2390
f 2389 2388 2390
f 2390 2392 2389
f 2386 2385 2397
f 2379 2378 2374
f 2378 2398 2374
f 2375 2374 2398
f 2398 2399 2375
f 2400 2375 2399
f 2399 2397 2400
f 2362 2400 2397
f 2376 2362 2397
f 2397 2385 2376
f 2385 2401 2376
f 2402 2376 2401
f 2401 2380 2402
f 2403 2402 2380
f 2380 2382 2403
f 2369 2403 2382
f 2370 2369 2382
f 2404 2405 2406
f 2404 2406 2407
f 2408 2409 2410
f 2411 2412 2413
f 2414 2413 2412
f 2406 2405 2410
f 2415 2406 2410
f 2410 2409 2415
f 2413 2414 2416
f 2407 2416 2414
f 2404 2407 2414
f 2417 2418 2419
f 2419 2420 2417
f 2420 2419 2421
f 2421 2422 2420
f 2423 2424 2425
f 2424 2426 2425
f 2427 2425 2426
f 2428 2427 2426
f 2409 2408 2418
f 2418 2417 2409
f 2427 2428 2411
f 2412 2411 2428
f 2429 2430 2431
f 2432 2433 2434
f 2435 2434 2433
f 2433 2436 2435
f 2437 2435 2436
f 2436 2438 2437
f 2439 2437 2438
f 2438 2440 2439
f 2441 2439 2440
f 2440 2442 2441
f 2443 2441 2442
f 2442 2429 2443
f 2429 2431 2443
f 2431 2430 2444
f 2430 2445 2444
f 2446 2444 2445
f 2445 2447 2446
f 2448 2446 2447
f 2447 2449 2448
f 2450 2448 2449
f 2449 2451 2450
f 2452 2450 2451
f 2451 2453 2452
f 2422 2421 2454
f 2455 2422 2454
f 2454 2432 2455
f 2432 2434 2455
f 2452 2453 2456
f 2453 2457 2456
f 2423 2456 2457
f 2424 2423 2457
f 2458 2459 2460
f 2461 2460 2459
f 2459 2462 2461
f 2463 2464 2465
f 2464 2466 2465
f 2467 2465 2466
f 2463 2465 2459
f 2462 2459 2465
f 2468 2469 2470
f 2469 2471 2470
f 2472 2470 2471
f 2473 2474 2475
f 2476 2475 2474
f 2471 2469 2476
f 2476 2474 2471
f 2472 2471 2477
f 2478 2479 2480
f 2478 2481 2482
f 2479 2478 2482
f 2483 2484 2485
f 2486 2485 2484
f 2480 2479 2473
f 2474 2473 2479
f 2485 2486 2487
f 2477 2487 2486
f 2472 2477 2486
f 2488 2489 2490
f 2491 2492 2493
f 2494 2491 2493
f 2495 2490 2496
f 2481 2496 2490
f 2482 2481 2490
f 2497 2482 2490
f 2490 2489 2497
f 2491 2494 2498
f 2494 2499 2498
f 2483 2498 2499
f 2484 2483 2499
f 2500 2501 2502
f 2503 2504 2505
f 2504 2506 2505
f 2506 2507 2505
f 2507 2508 2505
f 2508 2509 2505
f 2509 2510 2505
f 2510 2511 2505
f 2511 2512 2505
f 2512 2513 2505
f 2513 2514 2505
f 2514 2515 2505
f 2505 2515 2516
f 2515 2517 2516
f 2517 2518 2516
f 2518 2519 2516
f 2519 2520 2516
f 2520 2521 2516
f 2502 2516 2521
f 2500 2502 2521
f 2522 2523 2524
f 2502 2501 2525
f 2501 2526 2525
f 2526 2527 2525
f 2528 2525 2527
f 2527 2529 2528
f 2529 2530 2528
f 2531 2528 2530
f 2530 2532 2531
f 2495 2531 2532
f 2490 2495 2532
f 2488 2490 2533
f 2533 2534 2488
f 2535 2488 2534
f 2534 2536 2535
f 2536 2537 2535
f 2538 2535 2537
f 2537 2539 2538
f 2540 2538 2539
f 2539 2541 2540
f 2541 2542 2540
f 2543 2540 2542
f 2542 2544 2543
f 2544 2545 2543
f 2546 2543 2545
f 2545 2547 2546
f 2548 2546 2547
f 2547 2549 2548
f 2549 2522 2548
f 2522 2524 2548
f 2524 2523 2550
f 2523 2551 2550
f 2552 2550 2551
f 2551 2553 2552
f 2554 2552 2553
f 2553 2555 2554
f 2556 2554 2555
f 2555 2557 2556
f 2558 2556 2557
f 2557 2559 2558
f 2560 2558 2559
f 2559 2561 2560
f 2492 2560 2561
f 2493 2492 2561
f 2562 2563 2564
f 2565 2566 2567
f 2567 2568 2565
f 2568 2569 2565
f 2570 2565 2569
f 2569 2571 2570
f 2571 2572 2570
f 2573 2570 2572
f 2572 2574 2573
f 2574 2575 2573
f 2563 2573 2575
f 2575 2576 2563
f 2564 2563 2576
f 2562 2564 2577
f 2578 2579 2580
f 2581 2582 2583
f 2582 2584 2583
f 2585 2583 2584
f 2583 2585 2579
f 2580 2579 2585
f 2579 2578 2586
f 2578 2587 2586
f 2587 2588 2586
f 2589 2586 2588
f 2590 2589 2588
f 2589 2590 2591
f 2590 2592 2591
f 2592 2593 2591
f 2594 2591 2593
f 2593 2595 2594
f 2595 2596 2594
f 2597 2594 2596
f 2596 2598 2597
f 2598 2599 2597
f 2566 2597 2599
f 2599 2600 2566
f 2567 2566 2600
f 2601 2602 2603
f 2604 2605 2606
f 2606 2607 2604
f 2606 2605 2601
f 2602 2601 2605
f 2608 2609 2610
f 2611 2608 2610
f 2612 2611 2610
f 2607 2606 2609
f 2613 2607 2609
f 2609 2608 2613
f 2614 2615 2616
f 2617 2616 2615
f 2618 2619 2620
f 2620 2621 2618
f 2622 2618 2621
f 2623 2622 2621
f 2621 2624 2623
f 2625 2623 2624
f 2626 2625 2624
f 2624 2627 2626
f 2628 2626 2627
f 2629 2628 2627
f 2627 2614 2629
f 2630 2629 2614
f 2614 2616 2630
f 2612 2610 2631
f 2632 2612 2631
f 2633 2632 2631
f 2631 2634 2633
f 2635 2633 2634
f 2636 2635 2634
f 2634 2637 2636
f 2638 2636 2637
f 2637 2620 2638
f 2620 2619 2638
f 2601 2603 2581
f 2603 2639 2581
f 2582 2581 2639
f 2640 2641 2642
f 2643 2644 2645
f 2645 2646 2643
f 2646 2647 2643
f 2648 2643 2647
f 2647 2649 2648
f 2649 2650 2648
f 2651 2648 2650
f 2650 2652 2651
f 2652 2653 2651
f 2641 2651 2653
f 2653 2654 2641
f 2642 2641 2654
f 2640 2642 2655
f 2656 2657 2658
f 2659 2660 2661
f 2660 2662 2661
f 2663 2661 2662
f 2661 2663 2657
f 2658 2657 2663
f 2657 2656 2664
f 2656 2665 2664
f 2665 2666 2664
f 2667 2664 2666
f 2668 2667 2666
f 2667 2668 2669
f 2668 2670 2669
f 2670 2671 2669
f 2672 2669 2671
f 2671 2673 2672
f 2673 2674 2672
f 2675 2672 2674
f 2674 2676 2675
f 2676 2677 2675
f 2644 2675 2677
f 2677 2678 2644
f 2645 2644 2678
f 2679 2680 2681
f 2682 2683 2684
f 2684 2685 2682
f 2684 2683 2679
f 2680 2679 2683
f 2686 2687 2688
f 2689 2686 2688
f 2690 2689 2688
f 2685 2684 2687
f 2691 2685 2687
f 2687 2686 2691
f 2692 2693 2694
f 2695 2694 2693
f 2696 2697 2698
f 2698 2699 2696
f 2700 2696 2699
f 2701 2700 2699
f 2699 2702 2701
f 2703 2701 2702
f 2704 2703 2702
f 2702 2705 2704
f 2706 2704 2705
f 2707 2706 2705
f 2705 2692 2707
f 2708 2707 2692
f 2692 2694 2708
f 2690 2688 2709
f 2710 2690 2709
f 2711 2710 2709
f 2709 2712 2711
f 2713 2711 2712
f 2714 2713 2712
f 2712 2715 2714
f 2716 2714 2715
f 2715 2698 2716
f 2698 2697 2716
f 2679 2681 2659
f 2681 2717 2659
f 2660 2659 2717
f 2134 2705 2702
f 2134 2702 2131
f 2131 2702 2699
f 2131 2699 2128
f 2128 2699 2698
f 2128 2698 2126
f 2126 2698 2715
f 2126 2715 2144
f 2144 2715 2712
f 2144 2712 2141
f 2141 2712 2709
f 2141 2709 2138
f 2138 2709 2688
f 2138 2688 2116
f 2116 2688 2687
f 2116 2687 2117
f 2117 2687 2684
f 2117 2684 2112
f 2112 2684 2679
f 2112 2679 2108
f 2108 2679 2659
f 2108 2659 2088
f 2088 2659 2661
f 2088 2661 2089
f 2089 2661 2657
f 2089 2657 2087
f 2087 2657 2664
f 2087 2664 2093
f 2093 2664 2667
f 2093 2667 2096
f 2096 2667 2669
f 2096 2669 2098
f 2098 2669 2672
f 2098 2672 2101
f 2101 2672 2675
f 2101 2675 2104
f 2104 2675 2644
f 2104 2644 2074
f 2074 2644 2643
f 2074 2643 2072
f 2072 2643 2648
f 2072 2648 2077
f 2077 2648 2651
f 2077 2651 2080
f 2080 2651 2641
f 2080 2641 2071
f 2071 2641 2640
f 2071 2640 2069
f 2069 2640 2655
f 2069 2655 2084
f 2084 2655 2642
f 2084 2642 2070
f 2070 2642 2654
f 2070 2654 2083
f 2083 2654 2653
f 2083 2653 2082
f 2082 2653 2652
f 2082 2652 2081
f 2081 2652 2650
f 2081 2650 2079
f 2079 2650 2649
f 2079 2649 2078
f 2078 2649 2647
f 2078 2647 2076
f 2076 2647 2646
f 2076 2646 2075
f 2075 2646 2645
f 2075 2645 2073
f 2073 2645 2678
f 2073 2678 2107
f 2107 2678 2677
f 2107 2677 2106
f 2106 2677 2676
f 2106 2676 2105
f 2105 2676 2674
f 2105 2674 2103
f 2103 2674 2673
f 2103 2673 2102
f 2102 2673 2671
f 2102 2671 2100
f 2100 2671 2670
f 2100 2670 2099
f 2099 2670 2668
f 2099 2668 2097
f 2097 2668 2666
f 2097 2666 2095
f 2095 2666 2665
f 2095 2665 2094
f 2094 2665 2656
f 2094 2656 2085
f 2085 2656 2658
f 2085 2658 2086
f 2086 2658 2663
f 2086 2663 2092
f 2092 2663 2662
f 2092 2662 2091
f 2091 2662 2660
f 2091 2660 2090
f 2090 2660 2717
f 2090 2717 2146
f 2146 2717 2681
f 2146 2681 2109
f 2109 2681 2680
f 2109 2680 2110
f 2110 2680 2683
f 2110 2683 2113
f 2113 2683 2682
f 2113 2682 2111
f 2111 2682 2685
f 2111 2685 2114
f 2114 2685 2691
f 2114 2691 2120
f 2120 2691 2686
f 2120 2686 2115
f 2115 2686 2689
f 2115 2689 2118
f 2118 2689 2690
f 2118 2690 2119
f 2119 2690 2710
f 2119 2710 2139
f 2139 2710 2711
f 2139 2711 2140
f 2140 2711 2713
f 2140 2713 2142
f 2142 2713 2714
f 2142 2714 2143
f 2143 2714 2716
f 2143 2716 2145
f 2145 2716 2697
f 2145 2697 2127
f 2127 2697 2696
f 2127 2696 2125
f 2125 2696 2700
f 2125 2700 2129
f 2129 2700 2701
f 2129 2701 2130
f 2130 2701 2703
f 2130 2703 2132
f 2132 2703 2704
f 2132 2704 2133
f 2133 2704 2706
f 2133 2706 2135
f 2135 2706 2707
f 2135 2707 2136
f 2136 2707 2708
f 2136 2708 2137
f 2137 2708 2694
f 2137 2694 2122
f 2122 2694 2695
f 2122 2695 2124
f 2124 2695 2693
f 2124 2693 2123
f 2123 2693 2692
f 2123 2692 2121
f 2121 2692 2705
f 2121 2705 2134
f 2056 2627 2624
f 2056 2624 2053
f 2053 2624 2621
f 2053 2621 2050
f 2050 2621 2620
f 2050 2620 2048
f 2048 2620 2637
f 2048 2637 2066
f 2066 2637 2634
f 2066 2634 2063
f 2063 2634 2631
f 2063 2631 2060
f 2060 2631 2610
f 2060 2610 2038
f 2038 2610 2609
f 2038 2609 2039
f 2039 2609 2606
f 2039 2606 2034
f 2034 2606 2601
f 2034 2601 2030
f 2030 2601 2581
f 2030 2581 2010
f 2010 2581 2583
f 2010 2583 2011
f 2011 2583 2579
f 2011 2579 2009
f 2009 2579 2586
f 2009 2586 2015
f 2015 2586 2589
f 2015 2589 2018
f 2018 2589 2591
f 2018 2591 2020
f 2020 2591 2594
f 2020 2594 2023
f 2023 2594 2597
f 2023 2597 2026
f 2026 2597 2566
f 2026 2566 1996
f 1996 2566 2565
f 1996 2565 1994
f 1994 2565 2570
f 1994 2570 1999
f 1999 2570 2573
f 1999 2573 2002
f 2002 2573 2563
f 2002 2563 1993
f 1993 2563 2562
f 1993 2562 1991
f 1991 2562 2577
f 1991 2577 2006
f 2006 2577 2564
f 2006 2564 1992
f 1992 2564 2576
f 1992 2576 2005
f 2005 2576 2575
f 2005 2575 2004
f 2004 2575 2574
f 2004 2574 2003
f 2003 2574 2572
f 2003 2572 2001
f 2001 2572 2571
f 2001 2571 2000
f 2000 2571 2569
f 2000 2569 1998
f 1998 2569 2568
f 1998 2568 1997
f 1997 2568 2567
f 1997 2567 1995
f 1995 2567 2600
f 1995 2600 2029
f 2029 2600 2599
f 2029 2599 2028
f 2028 2599 2598
f 2028 2598 2027
f 2027 2598 2596
f 2027 2596 2025
f 2025 2596 2595
f 2025 2595 2024
f 2024 2595 2593
f 2024 2593 2022
f 2022 2593 2592
f 2022 2592 2021
f 2021 2592 2590
f 2021 2590 2019
f 2019 2590 2588
f 2019 2588 2017
f 2017 2588 2587
f 2017 2587 2016
f 2016 2587 2578
f 2016 2578 2007
f 2007 2578 2580
f 2007 2580 2008
f 2008 2580 2585
f 2008 2585 2014
f 2014 2585 2584
f 2014 2584 2013
f 2013 2584 2582
f 2013 2582 2012
f 2012 2582 2639
f 2012 2639 2068
f 2068 2639 2603
f 2068 2603 2031
f 2031 2603 2602
f 2031 2602 2032
f 2032 2602 2605
f 2032 2605 2035
f 2035 2605 2604
f 2035 2604 2033
f 2033 2604 2607
f 2033 2607 2036
f 2036 2607 2613
f 2036 2613 2042
f 2042 2613 2608
f 2042 2608 2037
f 2037 2608 2611
f 2037 2611 2040
f 2040 2611 2612
f 2040 2612 2041
f 2041 2612 2632
f 2041 2632 2061
f 2061 2632 2633
f 2061 2633 2062
f 2062 2633 2635
f 2062 2635 2064
f 2064 2635 2636
f 2064 2636 2065
f 2065 2636 2638
f 2065 2638 2067
f 2067 2638 2619
f 2067 2619 2049
f 2049 2619 2618
f 2049 2618 2047
f 2047 2618 2622
f 2047 2622 2051
f 2051 2622 2623
f 2051 2623 2052
f 2052 2623 2625
f 2052 2625 2054
f 2054 2625 2626
f 2054 2626 2055
f 2055 2626 2628
f 2055 2628 2057
f 2057 2628 2629
f 2057 2629 2058
f 2058 2629 2630
f 2058 2630 2059
f 2059 2630 2616
f 2059 2616 2044
f 2044 2616 2617
f 2044 2617 2046
f 2046 2617 2615
f 2046 2615 2045
f 2045 2615 2614
f 2045 2614 2043
f 2043 2614 2627
f 2043 2627 2056
f 1914 2484 2499
f 1914 2499 1928
f 1928 2499 2494
f 1928 2494 1923
f 1923 2494 2493
f 1923 2493 1921
f 1921 2493 2561
f 1921 2561 1990
f 1990 2561 2559
f 1990 2559 1988
f 1988 2559 2557
f 1988 2557 1986
f 1986 2557 2555
f 1986 2555 1984
f 1984 2555 2553
f 1984 2553 1982
f 1982 2553 2551
f 1982 2551 1980
f 1980 2551 2523
f 1980 2523 1953
f 1953 2523 2522
f 1953 2522 1951
f 1951 2522 2549
f 1951 2549 1978
f 1978 2549 2547
f 1978 2547 1976
f 1976 2547 2545
f 1976 2545 1974
f 1974 2545 2544
f 1974 2544 1973
f 1973 2544 2542
f 1973 2542 1971
f 1971 2542 2541
f 1971 2541 1970
f 1970 2541 2539
f 1970 2539 1968
f 1968 2539 2537
f 1968 2537 1966
f 1966 2537 2536
f 1966 2536 1965
f 1965 2536 2534
f 1965 2534 1963
f 1963 2534 2533
f 1963 2533 1962
f 1962 2533 2490
f 1962 2490 1918
f 1918 2490 2532
f 1918 2532 1961
f 1961 2532 2530
f 1961 2530 1959
f 1959 2530 2529
f 1959 2529 1958
f 1958 2529 2527
f 1958 2527 1956
f 1956 2527 2526
f 1956 2526 1955
f 1955 2526 2501
f 1955 2501 1931
f 1931 2501 2500
f 1931 2500 1929
f 1929 2500 2521
f 1929 2521 1950
f 1950 2521 2520
f 1950 2520 1949
f 1949 2520 2519
f 1949 2519 1948
f 1948 2519 2518
f 1948 2518 1947
f 1947 2518 2517
f 1947 2517 1946
f 1946 2517 2515
f 1946 2515 1944
f 1944 2515 2514
f 1944 2514 1943
f 1943 2514 2513
f 1943 2513 1942
f 1942 2513 2512
f 1942 2512 1941
f 1941 2512 2511
f 1941 2511 1940
f 1940 2511 2510
f 1940 2510 1939
f 1939 2510 2509
f 1939 2509 1938
f 1938 2509 2508
f 1938 2508 1937
f 1937 2508 2507
f 1937 2507 1936
f 1936 2507 2506
f 1936 2506 1935
f 1935 2506 2504
f 1935 2504 1934
f 1934 2504 2503
f 1934 2503 1932
f 1932 2503 2505
f 1932 2505 1933
f 1933 2505 2516
f 1933 2516 1945
f 1945 2516 2502
f 1945 2502 1930
f 1930 2502 2525
f 1930 2525 1954
f 1954 2525 2528
f 1954 2528 1957
f 1957 2528 2531
f 1957 2531 1960
f 1960 2531 2495
f 1960 2495 1924
f 1924 2495 2496
f 1924 2496 1925
f 1925 2496 2481
f 1925 2481 1911
f 1911 2481 2478
f 1911 2478 1907
f 1907 2478 2480
f 1907 2480 1908
f 1908 2480 2473
f 1908 2473 1902
f 1902 2473 2475
f 1902 2475 1903
f 1903 2475 2476
f 1903 2476 1905
f 1905 2476 2469
f 1905 2469 1899
f 1899 2469 2468
f 1899 2468 1897
f 1897 2468 2470
f 1897 2470 1898
f 1898 2470 2472
f 1898 2472 1901
f 1901 2472 2486
f 1901 2486 1915
f 1915 2486 2484
f 1915 2484 1914
f 1904 2474 2479
f 1904 2479 1909
f 1909 2479 2482
f 1909 2482 1910
f 1910 2482 2497
f 1910 2497 1926
f 1926 2497 2489
f 1926 2489 1919
f 1919 2489 2488
f 1919 2488 1917
f 1917 2488 2535
f 1917 2535 1964
f 1964 2535 2538
f 1964 2538 1967
f 1967 2538 2540
f 1967 2540 1969
f 1969 2540 2543
f 1969 2543 1972
f 1972 2543 2546
f 1972 2546 1975
f 1975 2546 2548
f 1975 2548 1977
f 1977 2548 2524
f 1977 2524 1952
f 1952 2524 2550
f 1952 2550 1979
f 1979 2550 2552
f 1979 2552 1981
f 1981 2552 2554
f 1981 2554 1983
f 1983 2554 2556
f 1983 2556 1985
f 1985 2556 2558
f 1985 2558 1987
f 1987 2558 2560
f 1987 2560 1989
f 1989 2560 2492
f 1989 2492 1922
f 1922 2492 2491
f 1922 2491 1920
f 1920 2491 2498
f 1920 2498 1927
f 1927 2498 2483
f 1927 2483 1912
f 1912 2483 2485
f 1912 2485 1913
f 1913 2485 2487
f 1913 2487 1916
f 1916 2487 2477
f 1916 2477 1906
f 1906 2477 2471
f 1906 2471 1900
f 1900 2471 2474
f 1900 2474 1904
f 1892 2463 2459
f 1892 2459 1889
f 1889 2459 2458
f 1889 2458 1887
f 1887 2458 2460
f 1887 2460 1888
f 1888 2460 2461
f 1888 2461 1890
f 1890 2461 2462
f 1890 2462 1891
f 1891 2462 2465
f 1891 2465 1893
f 1893 2465 2467
f 1893 2467 1896
f 1896 2467 2466
f 1896 2466 1895
f 1895 2466 2464
f 1895 2464 1894
f 1894 2464 2463
f 1894 2463 1892
f 1843 2414 2412
f 1843 2412 1842
f 1842 2412 2428
f 1842 2428 1857
f 1857 2428 2426
f 1857 2426 1855
f 1855 2426 2424
f 1855 2424 1854
f 1854 2424 2457
f 1854 2457 1886
f 1886 2457 2453
f 1886 2453 1882
f 1882 2453 2451
f 1882 2451 1880
f 1880 2451 2449
f 1880 2449 1878
f 1878 2449 2447
f 1878 2447 1876
f 1876 2447 2445
f 1876 2445 1874
f 1874 2445 2430
f 1874 2430 1860
f 1860 2430 2429
f 1860 2429 1858
f 1858 2429 2442
f 1858 2442 1871
f 1871 2442 2440
f 1871 2440 1869
f 1869 2440 2438
f 1869 2438 1867
f 1867 2438 2436
f 1867 2436 1865
f 1865 2436 2433
f 1865 2433 1863
f 1863 2433 2432
f 1863 2432 1861
f 1861 2432 2454
f 1861 2454 1883
f 1883 2454 2421
f 1883 2421 1850
f 1850 2421 2419
f 1850 2419 1847
f 1847 2419 2418
f 1847 2418 1848
f 1848 2418 2408
f 1848 2408 1837
f 1837 2408 2410
f 1837 2410 1838
f 1838 2410 2405
f 1838 2405 1835
f 1835 2405 2404
f 1835 2404 1833
f 1833 2404 2414
f 1833 2414 1843
f 1844 2415 2409
f 1844 2409 1839
f 1839 2409 2417
f 1839 2417 1846
f 1846 2417 2420
f 1846 2420 1849
f 1849 2420 2422
f 1849 2422 1851
f 1851 2422 2455
f 1851 2455 1884
f 1884 2455 2434
f 1884 2434 1862
f 1862 2434 2435
f 1862 2435 1864
f 1864 2435 2437
f 1864 2437 1866
f 1866 2437 2439
f 1866 2439 1868
f 1868 2439 2441
f 1868 2441 1870
f 1870 2441 2443
f 1870 2443 1872
f 1872 2443 2431
f 1872 2431 1859
f 1859 2431 2444
f 1859 2444 1873
f 1873 2444 2446
f 1873 2446 1875
f 1875 2446 2448
f 1875 2448 1877
f 1877 2448 2450
f 1877 2450 1879
f 1879 2450 2452
f 1879 2452 1881
f 1881 2452 2456
f 1881 2456 1885
f 1885 2456 2423
f 1885 2423 1852
f 1852 2423 2425
f 1852 2425 1853
f 1853 2425 2427
f 1853 2427 1856
f 1856 2427 2411
f 1856 2411 1840
f 1840 2411 2413
f 1840 2413 1841
f 1841 2413 2416
f 1841 2416 1845
f 1845 2416 2407
f 1845 2407 1836
f 1836 2407 2406
f 1836 2406 1834
f 1834 2406 2415
f 1834 2415 1844
f 1825 2395 2394
f 1825 2394 1823
f 1823 2394 2396
f 1823 2396 1824
f 1824 2396 2388
f 1824 2388 1817
f 1817 2388 2386
f 1817 2386 1816
f 1816 2386 2397
f 1816 2397 1826
f 1826 2397 2399
f 1826 2399 1828
f 1828 2399 2398
f 1828 2398 1827
f 1827 2398 2378
f 1827 2378 1808
f 1808 2378 2377
f 1808 2377 1806
f 1806 2377 2379
f 1806 2379 1807
f 1807 2379 2374
f 1807 2374 1803
f 1803 2374 2372
f 1803 2372 1802
f 1802 2372 2371
f 1802 2371 1800
f 1800 2371 2373
f 1800 2373 1801
f 1801 2373 2375
f 1801 2375 1804
f 1804 2375 2400
f 1804 2400 1829
f 1829 2400 2362
f 1829 2362 1790
f 1790 2362 2361
f 1790 2361 1791
f 1791 2361 2364
f 1791 2364 1793
f 1793 2364 2357
f 1793 2357 1787
f 1787 2357 2356
f 1787 2356 1785
f 1785 2356 2358
f 1785 2358 1786
f 1786 2358 2359
f 1786 2359 1788
f 1788 2359 2366
f 1788 2366 1795
f 1795 2366 2367
f 1795 2367 1796
f 1796 2367 2365
f 1796 2365 1794
f 1794 2365 2363
f 1794 2363 1792
f 1792 2363 2360
f 1792 2360 1789
f 1789 2360 2376
f 1789 2376 1805
f 1805 2376 2402
f 1805 2402 1831
f 1831 2402 2403
f 1831 2403 1832
f 1832 2403 2369
f 1832 2369 1799
f 1799 2369 2368
f 1799 2368 1797
f 1797 2368 2370
f 1797 2370 1798
f 1798 2370 2382
f 1798 2382 1810
f 1810 2382 2383
f 1810 2383 1812
f 1812 2383 2384
f 1812 2384 1813
f 1813 2384 2381
f 1813 2381 1811
f 1811 2381 2380
f 1811 2380 1809
f 1809 2380 2401
f 1809 2401 1830
f 1830 2401 2385
f 1830 2385 1814
f 1814 2385 2387
f 1814 2387 1815
f 1815 2387 2389
f 1815 2389 1818
f 1818 2389 2392
f 1818 2392 1820
f 1820 2392 2393
f 1820 2393 1822
f 1822 2393 2391
f 1822 2391 1821
f 1821 2391 2390
f 1821 2390 1819
f 1819 2390 2395
f 1819 2395 1825
f 1766 2338 2340
f 1766 2340 1769
f 1769 2340 2349
f 1769 2349 1778
f 1778 2349 2329
f 1778 2329 1758
f 1758 2329 2331
f 1758 2331 1759
f 1759 2331 2354
f 1759 2354 1783
f 1783 2354 2322
f 1783 2322 1751
f 1751 2322 2324
f 1751 2324 1752
f 1752 2324 2313
f 1752 2313 1742
f 1742 2313 2315
f 1742 2315 1743
f 1743 2315 2311
f 1743 2311 1741
f 1741 2311 2295
f 1741 2295 1724
f 1724 2295 2297
f 1724 2297 1725
f 1725 2297 2289
f 1725 2289 1718
f 1718 2289 2291
f 1718 2291 1719
f 1719 2291 2283
f 1719 2283 1713
f 1713 2283 2282
f 1713 2282 1711
f 1711 2282 2305
f 1711 2305 1734
f 1734 2305 2303
f 1734 2303 1732
f 1732 2303 2276
f 1732 2276 1705
f 1705 2276 2274
f 1705 2274 1703
f 1703 2274 2272
f 1703 2272 1701
f 1701 2272 2270
f 1701 2270 1699
f 1699 2270 2268
f 1699 2268 1697
f 1697 2268 2265
f 1697 2265 1694
f 1694 2265 2263
f 1694 2263 1692
f 1692 2263 2261
f 1692 2261 1690
f 1690 2261 2260
f 1690 2260 1688
f 1688 2260 2302
f 1688 2302 1731
f 1731 2302 2300
f 1731 2300 1729
f 1729 2300 2281
f 1729 2281 1710
f 1710 2281 2279
f 1710 2279 1709
f 1709 2279 2286
f 1709 2286 1715
f 1715 2286 2288
f 1715 2288 1716
f 1716 2288 2293
f 1716 2293 1723
f 1723 2293 2309
f 1723 2309 1737
f 1737 2309 2308
f 1737 2308 1738
f 1738 2308 2317
f 1738 2317 1746
f 1746 2317 2327
f 1746 2327 1756
f 1756 2327 2318
f 1756 2318 1747
f 1747 2318 2321
f 1747 2321 1750
f 1750 2321 2352
f 1750 2352 1781
f 1781 2352 2342
f 1781 2342 1771
f 1771 2342 2345
f 1771 2345 1774
f 1774 2345 2347
f 1774 2347 1776
f 1776 2347 2339
f 1776 2339 1768
f 1768 2339 2335
f 1768 2335 1763
f 1763 2335 2334
f 1763 2334 1764
f 1764 2334 2333
f 1764 2333 1762
f 1762 2333 2348
f 1762 2348 1777
f 1777 2348 2346
f 1777 2346 1775
f 1775 2346 2344
f 1775 2344 1772
f 1772 2344 2343
f 1772 2343 1773
f 1773 2343 2353
f 1773 2353 1782
f 1782 2353 2351
f 1782 2351 1780
f 1780 2351 2320
f 1780 2320 1748
f 1748 2320 2319
f 1748 2319 1749
f 1749 2319 2326
f 1749 2326 1755
f 1755 2326 2316
f 1755 2316 1745
f 1745 2316 2307
f 1745 2307 1736
f 1736 2307 2292
f 1736 2292 1721
f 1721 2292 2294
f 1721 2294 1722
f 1722 2294 2287
f 1722 2287 1717
f 1717 2287 2278
f 1717 2278 1707
f 1707 2278 2280
f 1707 2280 1708
f 1708 2280 2299
f 1708 2299 1728
f 1728 2299 2301
f 1728 2301 1730
f 1730 2301 2259
f 1730 2259 1689
f 1689 2259 2258
f 1689 2258 1687
f 1687 2258 2262
f 1687 2262 1691
f 1691 2262 2264
f 1691 2264 1693
f 1693 2264 2266
f 1693 2266 1695
f 1695 2266 2267
f 1695 2267 1696
f 1696 2267 2269
f 1696 2269 1698
f 1698 2269 2271
f 1698 2271 1700
f 1700 2271 2273
f 1700 2273 1702
f 1702 2273 2275
f 1702 2275 1704
f 1704 2275 2277
f 1704 2277 1706
f 1706 2277 2304
f 1706 2304 1733
f 1733 2304 2306
f 1733 2306 1735
f 1735 2306 2284
f 1735 2284 1712
f 1712 2284 2285
f 1712 2285 1714
f 1714 2285 2290
f 1714 2290 1720
f 1720 2290 2298
f 1720 2298 1727
f 1727 2298 2296
f 1727 2296 1726
f 1726 2296 2310
f 1726 2310 1739
f 1739 2310 2312
f 1739 2312 1740
f 1740 2312 2314
f 1740 2314 1744
f 1744 2314 2328
f 1744 2328 1757
f 1757 2328 2325
f 1757 2325 1754
f 1754 2325 2323
f 1754 2323 1753
f 1753 2323 2355
f 1753 2355 1784
f 1784 2355 2332
f 1784 2332 1761
f 1761 2332 2330
f 1761 2330 1760
f 1760 2330 2350
f 1760 2350 1779
f 1779 2350 2341
f 1779 2341 1770
f 1770 2341 2337
f 1770 2337 1767
f 1767 2337 2336
f 1767 2336 1765
f 1765 2336 2338
f 1765 2338 1766
f 1642 2213 2217
f 1642 2217 1646
f 1646 2217 2229
f 1646 2229 1658
f 1658 2229 2228
f 1658 2228 1656
f 1656 2228 2257
f 1656 2257 1686
f 1686 2257 2255
f 1686 2255 1684
f 1684 2255 2249
f 1684 2249 1678
f 1678 2249 2247
f 1678 2247 1676
f 1676 2247 2245
f 1676 2245 1674
f 1674 2245 2243
f 1674 2243 1672
f 1672 2243 2241
f 1672 2241 1670
f 1670 2241 2240
f 1670 2240 1669
f 1669 2240 2238
f 1669 2238 1667
f 1667 2238 2236
f 1667 2236 1665
f 1665 2236 2234
f 1665 2234 1663
f 1663 2234 2231
f 1663 2231 1661
f 1661 2231 2230
f 1661 2230 1659
f 1659 2230 2252
f 1659 2252 1681
f 1681 2252 2250
f 1681 2250 1679
f 1679 2250 2224
f 1679 2224 1652
f 1652 2224 2223
f 1652 2223 1653
f 1653 2223 2214
f 1653 2214 1643
f 1643 2214 2220
f 1643 2220 1649
f 1649 2220 2197
f 1649 2197 1627
f 1627 2197 2199
f 1627 2199 1628
f 1628 2199 2191
f 1628 2191 1621
f 1621 2191 2182
f 1621 2182 1611
f 1611 2182 2184
f 1611 2184 1612
f 1612 2184 2202
f 1612 2202 1631
f 1631 2202 2204
f 1631 2204 1633
f 1633 2204 2163
f 1633 2163 1593
f 1593 2163 2162
f 1593 2162 1591
f 1591 2162 2166
f 1591 2166 1595
f 1595 2166 2168
f 1595 2168 1597
f 1597 2168 2170
f 1597 2170 1599
f 1599 2170 2172
f 1599 2172 1601
f 1601 2172 2173
f 1601 2173 1602
f 1602 2173 2175
f 1602 2175 1604
f 1604 2175 2177
f 1604 2177 1606
f 1606 2177 2179
f 1606 2179 1608
f 1608 2179 2181
f 1608 2181 1610
f 1610 2181 2207
f 1610 2207 1636
f 1636 2207 2209
f 1636 2209 1638
f 1638 2209 2188
f 1638 2188 1616
f 1616 2188 2189
f 1616 2189 1618
f 1618 2189 2194
f 1618 2194 1624
f 1624 2194 2201
f 1624 2201 1630
f 1630 2201 2210
f 1630 2210 1639
f 1639 2210 2213
f 1639 2213 1642
f 1650 2221 2216
f 1650 2216 1644
f 1644 2216 2215
f 1644 2215 1645
f 1645 2215 2222
f 1645 2222 1651
f 1651 2222 2225
f 1651 2225 1654
f 1654 2225 2251
f 1654 2251 1680
f 1680 2251 2253
f 1680 2253 1682
f 1682 2253 2232
f 1682 2232 1660
f 1660 2232 2233
f 1660 2233 1662
f 1662 2233 2235
f 1662 2235 1664
f 1664 2235 2237
f 1664 2237 1666
f 1666 2237 2239
f 1666 2239 1668
f 1668 2239 2242
f 1668 2242 1671
f 1671 2242 2244
f 1671 2244 1673
f 1673 2244 2246
f 1673 2246 1675
f 1675 2246 2248
f 1675 2248 1677
f 1677 2248 2254
f 1677 2254 1683
f 1683 2254 2256
f 1683 2256 1685
f 1685 2256 2227
f 1685 2227 1657
f 1657 2227 2226
f 1657 2226 1655
f 1655 2226 2219
f 1655 2219 1647
f 1647 2219 2218
f 1647 2218 1648
f 1648 2218 2212
f 1648 2212 1640
f 1640 2212 2211
f 1640 2211 1641
f 1641 2211 2200
f 1641 2200 1629
f 1629 2200 2193
f 1629 2193 1622
f 1622 2193 2195
f 1622 2195 1623
f 1623 2195 2187
f 1623 2187 1617
f 1617 2187 2186
f 1617 2186 1615
f 1615 2186 2208
f 1615 2208 1637
f 1637 2208 2206
f 1637 2206 1635
f 1635 2206 2180
f 1635 2180 1609
f 1609 2180 2178
f 1609 2178 1607
f 1607 2178 2176
f 1607 2176 1605
f 1605 2176 2174
f 1605 2174 1603
f 1603 2174 2171
f 1603 2171 1600
f 1600 2171 2169
f 1600 2169 1598
f 1598 2169 2167
f 1598 2167 1596
f 1596 2167 2165
f 1596 2165 1594
f 1594 2165 2164
f 1594 2164 1592
f 1592 2164 2205
f 1592 2205 1634
f 1634 2205 2203
f 1634 2203 1632
f 1632 2203 2185
f 1632 2185 1614
f 1614 2185 2183
f 1614 2183 1613
f 1613 2183 2190
f 1613 2190 1619
f 1619 2190 2192
f 1619 2192 1620
f 1620 2192 2196
f 1620 2196 1625
f 1625 2196 2198
f 1625 2198 1626
f 1626 2198 2221
f 1626 2221 1650
f 1589 2160 2158
f 1589 2158 1586
f 1586 2158 2155
f 1586 2155 1583
f 1583 2155 2154
f 1583 2154 1584
f 1584 2154 2161
f 1584 2161 1590
f 1590 2161 2152
f 1590 2152 1581
f 1581 2152 2149
f 1581 2149 1577
f 1577 2149 2148
f 1577 2148 1578
f 1578 2148 2147
f 1578 2147 1576
f 1576 2147 2150
f 1576 2150 1579
f 1579 2150 2151
f 1579 2151 1580
f 1580 2151 2153
f 1580 2153 1582
f 1582 2153 2159
f 1582 2159 1588
f 1588 2159 2157
f 1588 2157 1587
f 1587 2157 2156
f 1587 2156 1585
f 1585 2156 2160
f 1585 2160 1589
f 442 346 270
f 270 264 269
f 270 269 1565
f 445 442 270
f 449 447 445
f 453 451 449
f 457 455 453
f 461 459 457
f 465 463 461
f 253 252 465
f 340 253 465
f 465 461 457
f 457 453 449
f 449 445 270
f 270 1565 1564
f 270 1564 1563
f 457 449 270
f 340 465 457
f 1567 340 457
f 270 1563 1574
f 270 1574 1573
f 1568 1567 457
f 1569 1568 457
f 270 1573 1572
f 270 1572 1571
f 1570 1569 457
f 457 270 1571
f 1571 1570 457
